2025-02-20 00:40:48,795 - INFO - USB Harvester started on windows
2025-02-20 00:40:58,804 - INFO - New USB drive detected: E:
2025-02-20 00:41:00,538 - INFO - Copied and removed: E:\backup\files\Program Files\Go\src\cmd\go\testdata\script\mod_get_errors.txt -> C:\Users\USER/Documents/Harvested_Data\W11-Vik_USER\2025-02-20_00-41-00\mod_get_errors_f85893f0.txt
2025-02-20 00:41:00,556 - INFO - Copied and removed: E:\backup\files\Program Files\Go\src\cmd\go\testdata\script\mod_get_exec_toolchain.txt -> C:\Users\USER/Documents/Harvested_Data\W11-Vik_USER\2025-02-20_00-41-00\mod_get_exec_toolchain_1bbfb663.txt
2025-02-20 00:41:00,574 - INFO - Copied and removed: E:\backup\files\Program Files\Go\src\cmd\go\testdata\script\mod_get_extra.txt -> C:\Users\USER/Documents/Harvested_Data\W11-Vik_USER\2025-02-20_00-41-00\mod_get_extra_87993ec2.txt
2025-02-20 00:41:00,589 - INFO - Copied and removed: E:\backup\files\Program Files\Go\src\cmd\go\testdata\script\mod_get_go_file.txt -> C:\Users\USER/Documents/Harvested_Data\W11-Vik_USER\2025-02-20_00-41-00\mod_get_go_file_981e4c2c.txt
2025-02-20 00:41:00,604 - INFO - Copied and removed: E:\backup\files\Program Files\Go\src\cmd\go\testdata\script\mod_get_indirect.txt -> C:\Users\USER/Documents/Harvested_Data\W11-Vik_USER\2025-02-20_00-41-00\mod_get_indirect_cd610527.txt
2025-02-20 00:41:00,617 - INFO - Copied and removed: E:\backup\files\Program Files\Go\src\cmd\go\testdata\script\mod_get_issue47650.txt -> C:\Users\USER/Documents/Harvested_Data\W11-Vik_USER\2025-02-20_00-41-00\mod_get_issue47650_e0b34996.txt
2025-02-20 00:41:00,634 - INFO - Copied and removed: E:\backup\files\Program Files\Go\src\cmd\go\testdata\script\mod_get_issue47979.txt -> C:\Users\USER/Documents/Harvested_Data\W11-Vik_USER\2025-02-20_00-41-00\mod_get_issue47979_22796dde.txt
2025-02-20 00:41:00,648 - INFO - Copied and removed: E:\backup\files\Program Files\Go\src\cmd\go\testdata\script\mod_get_issue48511.txt -> C:\Users\USER/Documents/Harvested_Data\W11-Vik_USER\2025-02-20_00-41-00\mod_get_issue48511_0afb8286.txt
2025-02-20 00:41:00,663 - INFO - Copied and removed: E:\backup\files\Program Files\Go\src\cmd\go\testdata\script\mod_get_issue56494.txt -> C:\Users\USER/Documents/Harvested_Data\W11-Vik_USER\2025-02-20_00-41-00\mod_get_issue56494_771b2e9b.txt
2025-02-20 00:41:00,677 - INFO - Copied and removed: E:\backup\files\Program Files\Go\src\cmd\go\testdata\script\mod_get_issue65363.txt -> C:\Users\USER/Documents/Harvested_Data\W11-Vik_USER\2025-02-20_00-41-00\mod_get_issue65363_3595f3df.txt
2025-02-20 00:41:00,692 - INFO - Copied and removed: E:\backup\files\Program Files\Go\src\cmd\go\testdata\script\mod_get_lazy_indirect.txt -> C:\Users\USER/Documents/Harvested_Data\W11-Vik_USER\2025-02-20_00-41-00\mod_get_lazy_indirect_20cb8dd1.txt
2025-02-20 00:41:00,707 - INFO - Copied and removed: E:\backup\files\Program Files\Go\src\cmd\go\testdata\script\mod_get_lazy_upgrade_lazy.txt -> C:\Users\USER/Documents/Harvested_Data\W11-Vik_USER\2025-02-20_00-41-00\mod_get_lazy_upgrade_lazy_44926c30.txt
2025-02-20 00:41:00,721 - INFO - Copied and removed: E:\backup\files\Program Files\Go\src\cmd\go\testdata\script\mod_get_local.txt -> C:\Users\USER/Documents/Harvested_Data\W11-Vik_USER\2025-02-20_00-41-00\mod_get_local_0bc80ef6.txt
2025-02-20 00:41:00,736 - INFO - Copied and removed: E:\backup\files\Program Files\Go\src\cmd\go\testdata\script\mod_get_main.txt -> C:\Users\USER/Documents/Harvested_Data\W11-Vik_USER\2025-02-20_00-41-00\mod_get_main_abf5119c.txt
2025-02-20 00:41:00,751 - INFO - Copied and removed: E:\backup\files\Program Files\Go\src\cmd\go\testdata\script\mod_get_missing_ziphash.txt -> C:\Users\USER/Documents/Harvested_Data\W11-Vik_USER\2025-02-20_00-41-00\mod_get_missing_ziphash_aeb3a652.txt
2025-02-20 00:41:00,766 - INFO - Copied and removed: E:\backup\files\Program Files\Go\src\cmd\go\testdata\script\mod_get_moved.txt -> C:\Users\USER/Documents/Harvested_Data\W11-Vik_USER\2025-02-20_00-41-00\mod_get_moved_2d817988.txt
2025-02-20 00:41:00,784 - INFO - Copied and removed: E:\backup\files\Program Files\Go\src\cmd\go\testdata\script\mod_get_nopkgs.txt -> C:\Users\USER/Documents/Harvested_Data\W11-Vik_USER\2025-02-20_00-41-00\mod_get_nopkgs_0cdb8669.txt
2025-02-20 00:41:00,800 - INFO - Copied and removed: E:\backup\files\Program Files\Go\src\cmd\go\testdata\script\mod_get_patch.txt -> C:\Users\USER/Documents/Harvested_Data\W11-Vik_USER\2025-02-20_00-41-00\mod_get_patch_f4566421.txt
2025-02-20 00:41:00,816 - INFO - Copied and removed: E:\backup\files\Program Files\Go\src\cmd\go\testdata\script\mod_get_patchbound.txt -> C:\Users\USER/Documents/Harvested_Data\W11-Vik_USER\2025-02-20_00-41-00\mod_get_patchbound_f4740c19.txt
2025-02-20 00:41:00,831 - INFO - Copied and removed: E:\backup\files\Program Files\Go\src\cmd\go\testdata\script\mod_get_patchcycle.txt -> C:\Users\USER/Documents/Harvested_Data\W11-Vik_USER\2025-02-20_00-41-00\mod_get_patchcycle_e988a9f7.txt
2025-02-20 00:41:00,848 - INFO - Copied and removed: E:\backup\files\Program Files\Go\src\cmd\go\testdata\script\mod_get_patchmod.txt -> C:\Users\USER/Documents/Harvested_Data\W11-Vik_USER\2025-02-20_00-41-00\mod_get_patchmod_75f12012.txt
2025-02-20 00:41:00,863 - INFO - Copied and removed: E:\backup\files\Program Files\Go\src\cmd\go\testdata\script\mod_get_patterns.txt -> C:\Users\USER/Documents/Harvested_Data\W11-Vik_USER\2025-02-20_00-41-00\mod_get_patterns_e54aec76.txt
2025-02-20 00:41:00,883 - INFO - Copied and removed: E:\backup\files\Program Files\Go\src\cmd\go\testdata\script\mod_get_pkgtags.txt -> C:\Users\USER/Documents/Harvested_Data\W11-Vik_USER\2025-02-20_00-41-00\mod_get_pkgtags_a6fb6d22.txt
2025-02-20 00:41:00,897 - INFO - Copied and removed: E:\backup\files\Program Files\Go\src\cmd\go\testdata\script\mod_get_promote_implicit.txt -> C:\Users\USER/Documents/Harvested_Data\W11-Vik_USER\2025-02-20_00-41-00\mod_get_promote_implicit_633ca334.txt
2025-02-20 00:41:00,914 - INFO - Copied and removed: E:\backup\files\Program Files\Go\src\cmd\go\testdata\script\mod_get_pseudo.txt -> C:\Users\USER/Documents/Harvested_Data\W11-Vik_USER\2025-02-20_00-41-00\mod_get_pseudo_a4c739b2.txt
2025-02-20 00:41:00,930 - INFO - Copied and removed: E:\backup\files\Program Files\Go\src\cmd\go\testdata\script\mod_get_pseudo_other_branch.txt -> C:\Users\USER/Documents/Harvested_Data\W11-Vik_USER\2025-02-20_00-41-00\mod_get_pseudo_other_branch_c9f3d143.txt
2025-02-20 00:41:00,944 - INFO - Copied and removed: E:\backup\files\Program Files\Go\src\cmd\go\testdata\script\mod_get_pseudo_prefix.txt -> C:\Users\USER/Documents/Harvested_Data\W11-Vik_USER\2025-02-20_00-41-00\mod_get_pseudo_prefix_09922f19.txt
2025-02-20 00:41:00,960 - INFO - Copied and removed: E:\backup\files\Program Files\Go\src\cmd\go\testdata\script\mod_get_replaced.txt -> C:\Users\USER/Documents/Harvested_Data\W11-Vik_USER\2025-02-20_00-41-00\mod_get_replaced_18d4f9b4.txt
2025-02-20 00:41:00,976 - INFO - Copied and removed: E:\backup\files\Program Files\Go\src\cmd\go\testdata\script\mod_get_retract.txt -> C:\Users\USER/Documents/Harvested_Data\W11-Vik_USER\2025-02-20_00-41-00\mod_get_retract_1ef2325c.txt
2025-02-20 00:41:00,994 - INFO - Copied and removed: E:\backup\files\Program Files\Go\src\cmd\go\testdata\script\mod_get_split.txt -> C:\Users\USER/Documents/Harvested_Data\W11-Vik_USER\2025-02-20_00-41-00\mod_get_split_a06c0739.txt
2025-02-20 00:41:01,009 - INFO - Copied and removed: E:\backup\files\Program Files\Go\src\cmd\go\testdata\script\mod_get_test.txt -> C:\Users\USER/Documents/Harvested_Data\W11-Vik_USER\2025-02-20_00-41-01\mod_get_test_52888a5f.txt
2025-02-20 00:41:01,025 - INFO - Copied and removed: E:\backup\files\Program Files\Go\src\cmd\go\testdata\script\mod_get_tool.txt -> C:\Users\USER/Documents/Harvested_Data\W11-Vik_USER\2025-02-20_00-41-01\mod_get_tool_004b767a.txt
2025-02-20 00:41:01,043 - INFO - Copied and removed: E:\backup\files\Program Files\Go\src\cmd\go\testdata\script\mod_get_toolchain.txt -> C:\Users\USER/Documents/Harvested_Data\W11-Vik_USER\2025-02-20_00-41-01\mod_get_toolchain_d615af83.txt
2025-02-20 00:41:01,061 - INFO - Copied and removed: E:\backup\files\Program Files\Go\src\cmd\go\testdata\script\mod_get_update_unrelated_sum.txt -> C:\Users\USER/Documents/Harvested_Data\W11-Vik_USER\2025-02-20_00-41-01\mod_get_update_unrelated_sum_e91db8f4.txt
2025-02-20 00:41:01,074 - INFO - Copied and removed: E:\backup\files\Program Files\Go\src\cmd\go\testdata\script\mod_get_upgrade.txt -> C:\Users\USER/Documents/Harvested_Data\W11-Vik_USER\2025-02-20_00-41-01\mod_get_upgrade_0a263c62.txt
2025-02-20 00:41:01,090 - INFO - Copied and removed: E:\backup\files\Program Files\Go\src\cmd\go\testdata\script\mod_get_upgrade_pseudo.txt -> C:\Users\USER/Documents/Harvested_Data\W11-Vik_USER\2025-02-20_00-41-01\mod_get_upgrade_pseudo_ffdb03c8.txt
2025-02-20 00:41:01,108 - INFO - Copied and removed: E:\backup\files\Program Files\Go\src\cmd\go\testdata\script\mod_get_wild.txt -> C:\Users\USER/Documents/Harvested_Data\W11-Vik_USER\2025-02-20_00-41-01\mod_get_wild_c7304ff4.txt
2025-02-20 00:41:01,128 - INFO - Copied and removed: E:\backup\files\Program Files\Go\src\cmd\go\testdata\script\mod_gobuild_import.txt -> C:\Users\USER/Documents/Harvested_Data\W11-Vik_USER\2025-02-20_00-41-01\mod_gobuild_import_c2885ee8.txt
2025-02-20 00:41:01,146 - INFO - Copied and removed: E:\backup\files\Program Files\Go\src\cmd\go\testdata\script\mod_goline.txt -> C:\Users\USER/Documents/Harvested_Data\W11-Vik_USER\2025-02-20_00-41-01\mod_goline_29d3675c.txt
2025-02-20 00:41:01,160 - INFO - Copied and removed: E:\backup\files\Program Files\Go\src\cmd\go\testdata\script\mod_goline_too_new.txt -> C:\Users\USER/Documents/Harvested_Data\W11-Vik_USER\2025-02-20_00-41-01\mod_goline_too_new_72191d93.txt
2025-02-20 00:41:01,177 - INFO - Copied and removed: E:\backup\files\Program Files\Go\src\cmd\go\testdata\script\mod_gomodcache.txt -> C:\Users\USER/Documents/Harvested_Data\W11-Vik_USER\2025-02-20_00-41-01\mod_gomodcache_66a09f2d.txt
2025-02-20 00:41:01,192 - INFO - Copied and removed: E:\backup\files\Program Files\Go\src\cmd\go\testdata\script\mod_gonoproxy.txt -> C:\Users\USER/Documents/Harvested_Data\W11-Vik_USER\2025-02-20_00-41-01\mod_gonoproxy_3a8b6348.txt
2025-02-20 00:41:01,208 - INFO - Copied and removed: E:\backup\files\Program Files\Go\src\cmd\go\testdata\script\mod_goroot_errors.txt -> C:\Users\USER/Documents/Harvested_Data\W11-Vik_USER\2025-02-20_00-41-01\mod_goroot_errors_f4f27c9d.txt
2025-02-20 00:41:01,228 - INFO - Copied and removed: E:\backup\files\Program Files\Go\src\cmd\go\testdata\script\mod_go_version_missing.txt -> C:\Users\USER/Documents/Harvested_Data\W11-Vik_USER\2025-02-20_00-41-01\mod_go_version_missing_7216b94d.txt
2025-02-20 00:41:01,247 - INFO - Copied and removed: E:\backup\files\Program Files\Go\src\cmd\go\testdata\script\mod_graph_version.txt -> C:\Users\USER/Documents/Harvested_Data\W11-Vik_USER\2025-02-20_00-41-01\mod_graph_version_c701489f.txt
2025-02-20 00:41:01,263 - INFO - Copied and removed: E:\backup\files\Program Files\Go\src\cmd\go\testdata\script\mod_import_meta.txt -> C:\Users\USER/Documents/Harvested_Data\W11-Vik_USER\2025-02-20_00-41-01\mod_import_meta_ba072fbf.txt
2025-02-20 00:41:01,281 - INFO - Copied and removed: E:\backup\files\Program Files\Go\src\cmd\go\testdata\script\mod_import_toolchain.txt -> C:\Users\USER/Documents/Harvested_Data\W11-Vik_USER\2025-02-20_00-41-01\mod_import_toolchain_264503d9.txt
2025-02-20 00:41:01,296 - INFO - Copied and removed: E:\backup\files\Program Files\Go\src\cmd\go\testdata\script\mod_import_vendor.txt -> C:\Users\USER/Documents/Harvested_Data\W11-Vik_USER\2025-02-20_00-41-01\mod_import_vendor_d8e63dbf.txt
2025-02-20 00:41:01,312 - INFO - Copied and removed: E:\backup\files\Program Files\Go\src\cmd\go\testdata\script\mod_indirect.txt -> C:\Users\USER/Documents/Harvested_Data\W11-Vik_USER\2025-02-20_00-41-01\mod_indirect_784a7fce.txt
2025-02-20 00:41:01,327 - INFO - Copied and removed: E:\backup\files\Program Files\Go\src\cmd\go\testdata\script\mod_indirect_main.txt -> C:\Users\USER/Documents/Harvested_Data\W11-Vik_USER\2025-02-20_00-41-01\mod_indirect_main_d831920c.txt
2025-02-20 00:41:01,343 - INFO - Copied and removed: E:\backup\files\Program Files\Go\src\cmd\go\testdata\script\mod_init_invalid_major.txt -> C:\Users\USER/Documents/Harvested_Data\W11-Vik_USER\2025-02-20_00-41-01\mod_init_invalid_major_60fc92fb.txt
2025-02-20 00:41:01,363 - INFO - Copied and removed: E:\backup\files\Program Files\Go\src\cmd\go\testdata\script\mod_install_pkg_version.txt -> C:\Users\USER/Documents/Harvested_Data\W11-Vik_USER\2025-02-20_00-41-01\mod_install_pkg_version_1b98f726.txt
2025-02-20 00:41:01,380 - INFO - Copied and removed: E:\backup\files\Program Files\Go\src\cmd\go\testdata\script\mod_internal.txt -> C:\Users\USER/Documents/Harvested_Data\W11-Vik_USER\2025-02-20_00-41-01\mod_internal_5dad764d.txt
2025-02-20 00:41:01,397 - INFO - Copied and removed: E:\backup\files\Program Files\Go\src\cmd\go\testdata\script\mod_invalid_path.txt -> C:\Users\USER/Documents/Harvested_Data\W11-Vik_USER\2025-02-20_00-41-01\mod_invalid_path_5ffbf3ea.txt
2025-02-20 00:41:01,413 - INFO - Copied and removed: E:\backup\files\Program Files\Go\src\cmd\go\testdata\script\mod_invalid_path_dotname.txt -> C:\Users\USER/Documents/Harvested_Data\W11-Vik_USER\2025-02-20_00-41-01\mod_invalid_path_dotname_2ad1a6f5.txt
2025-02-20 00:41:01,486 - INFO - Copied and removed: E:\backup\files\Program Files\Go\src\cmd\go\testdata\script\mod_invalid_version.txt -> C:\Users\USER/Documents/Harvested_Data\W11-Vik_USER\2025-02-20_00-41-01\mod_invalid_version_116f6495.txt
2025-02-20 00:41:01,503 - INFO - Copied and removed: E:\backup\files\Program Files\Go\src\cmd\go\testdata\script\mod_lazy_consistency.txt -> C:\Users\USER/Documents/Harvested_Data\W11-Vik_USER\2025-02-20_00-41-01\mod_lazy_consistency_556af6fe.txt
2025-02-20 00:41:01,521 - INFO - Copied and removed: E:\backup\files\Program Files\Go\src\cmd\go\testdata\script\mod_lazy_downgrade.txt -> C:\Users\USER/Documents/Harvested_Data\W11-Vik_USER\2025-02-20_00-41-01\mod_lazy_downgrade_e510da77.txt
2025-02-20 00:41:01,540 - INFO - Copied and removed: E:\backup\files\Program Files\Go\src\cmd\go\testdata\script\mod_lazy_import_allmod.txt -> C:\Users\USER/Documents/Harvested_Data\W11-Vik_USER\2025-02-20_00-41-01\mod_lazy_import_allmod_9e9369f2.txt
2025-02-20 00:41:01,558 - INFO - Copied and removed: E:\backup\files\Program Files\Go\src\cmd\go\testdata\script\mod_lazy_new_import.txt -> C:\Users\USER/Documents/Harvested_Data\W11-Vik_USER\2025-02-20_00-41-01\mod_lazy_new_import_6a3f0749.txt
2025-02-20 00:41:01,578 - INFO - Copied and removed: E:\backup\files\Program Files\Go\src\cmd\go\testdata\script\mod_lazy_test_horizon.txt -> C:\Users\USER/Documents/Harvested_Data\W11-Vik_USER\2025-02-20_00-41-01\mod_lazy_test_horizon_f3099829.txt
2025-02-20 00:41:01,600 - INFO - Copied and removed: E:\backup\files\Program Files\Go\src\cmd\go\testdata\script\mod_lazy_test_of_test_dep.txt -> C:\Users\USER/Documents/Harvested_Data\W11-Vik_USER\2025-02-20_00-41-01\mod_lazy_test_of_test_dep_c4d9a2be.txt
2025-02-20 00:41:01,615 - INFO - Copied and removed: E:\backup\files\Program Files\Go\src\cmd\go\testdata\script\mod_list.txt -> C:\Users\USER/Documents/Harvested_Data\W11-Vik_USER\2025-02-20_00-41-01\mod_list_0ffac2ed.txt
2025-02-20 00:41:01,633 - INFO - Copied and removed: E:\backup\files\Program Files\Go\src\cmd\go\testdata\script\mod_list_bad_import.txt -> C:\Users\USER/Documents/Harvested_Data\W11-Vik_USER\2025-02-20_00-41-01\mod_list_bad_import_ed409ab2.txt
2025-02-20 00:41:01,658 - INFO - Copied and removed: E:\backup\files\Program Files\Go\src\cmd\go\testdata\script\mod_list_deprecated.txt -> C:\Users\USER/Documents/Harvested_Data\W11-Vik_USER\2025-02-20_00-41-01\mod_list_deprecated_5796c1d7.txt
2025-02-20 00:41:01,683 - INFO - Copied and removed: E:\backup\files\Program Files\Go\src\cmd\go\testdata\script\mod_list_deprecated_replace.txt -> C:\Users\USER/Documents/Harvested_Data\W11-Vik_USER\2025-02-20_00-41-01\mod_list_deprecated_replace_24fc5930.txt
2025-02-20 00:41:01,703 - INFO - Copied and removed: E:\backup\files\Program Files\Go\src\cmd\go\testdata\script\mod_list_direct_work.txt -> C:\Users\USER/Documents/Harvested_Data\W11-Vik_USER\2025-02-20_00-41-01\mod_list_direct_work_366b92fd.txt
2025-02-20 00:41:01,720 - INFO - Copied and removed: E:\backup\files\Program Files\Go\src\cmd\go\testdata\script\mod_list_issue61415.txt -> C:\Users\USER/Documents/Harvested_Data\W11-Vik_USER\2025-02-20_00-41-01\mod_list_issue61415_f3ffa7b7.txt
2025-02-20 00:41:01,737 - INFO - Copied and removed: E:\backup\files\Program Files\Go\src\cmd\go\testdata\script\mod_list_issue61423.txt -> C:\Users\USER/Documents/Harvested_Data\W11-Vik_USER\2025-02-20_00-41-01\mod_list_issue61423_fd37f0aa.txt
2025-02-20 00:41:01,754 - INFO - Copied and removed: E:\backup\files\Program Files\Go\src\cmd\go\testdata\script\mod_list_pseudo.txt -> C:\Users\USER/Documents/Harvested_Data\W11-Vik_USER\2025-02-20_00-41-01\mod_list_pseudo_dc4fddaf.txt
2025-02-20 00:41:01,773 - INFO - Copied and removed: E:\backup\files\Program Files\Go\src\cmd\go\testdata\script\mod_list_retract.txt -> C:\Users\USER/Documents/Harvested_Data\W11-Vik_USER\2025-02-20_00-41-01\mod_list_retract_e36cb270.txt
2025-02-20 00:41:01,789 - INFO - Copied and removed: E:\backup\files\Program Files\Go\src\cmd\go\testdata\script\mod_list_std.txt -> C:\Users\USER/Documents/Harvested_Data\W11-Vik_USER\2025-02-20_00-41-01\mod_list_std_1fa6e08e.txt
2025-02-20 00:41:01,806 - INFO - Copied and removed: E:\backup\files\Program Files\Go\src\cmd\go\testdata\script\mod_list_sums.txt -> C:\Users\USER/Documents/Harvested_Data\W11-Vik_USER\2025-02-20_00-41-01\mod_list_sums_87cde612.txt
2025-02-20 00:41:01,822 - INFO - Copied and removed: E:\backup\files\Program Files\Go\src\cmd\go\testdata\script\mod_list_update_nolatest.txt -> C:\Users\USER/Documents/Harvested_Data\W11-Vik_USER\2025-02-20_00-41-01\mod_list_update_nolatest_cabe41a3.txt
2025-02-20 00:41:01,844 - INFO - Copied and removed: E:\backup\files\Program Files\Go\src\cmd\go\testdata\script\mod_load_badchain.txt -> C:\Users\USER/Documents/Harvested_Data\W11-Vik_USER\2025-02-20_00-41-01\mod_load_badchain_40cbfb1d.txt
2025-02-20 00:41:01,861 - INFO - Copied and removed: E:\backup\files\Program Files\Go\src\cmd\go\testdata\script\mod_modinfo.txt -> C:\Users\USER/Documents/Harvested_Data\W11-Vik_USER\2025-02-20_00-41-01\mod_modinfo_c530a74d.txt
2025-02-20 00:41:01,879 - INFO - Copied and removed: E:\backup\files\Program Files\Go\src\cmd\go\testdata\script\mod_notall.txt -> C:\Users\USER/Documents/Harvested_Data\W11-Vik_USER\2025-02-20_00-41-01\mod_notall_2b4e9461.txt
2025-02-20 00:41:01,893 - INFO - Copied and removed: E:\backup\files\Program Files\Go\src\cmd\go\testdata\script\mod_off.txt -> C:\Users\USER/Documents/Harvested_Data\W11-Vik_USER\2025-02-20_00-41-01\mod_off_21cb5a33.txt
2025-02-20 00:41:01,915 - INFO - Copied and removed: E:\backup\files\Program Files\Go\src\cmd\go\testdata\script\mod_outside.txt -> C:\Users\USER/Documents/Harvested_Data\W11-Vik_USER\2025-02-20_00-41-01\mod_outside_ff4e64c1.txt
2025-02-20 00:41:01,934 - INFO - Copied and removed: E:\backup\files\Program Files\Go\src\cmd\go\testdata\script\mod_overlay.txt -> C:\Users\USER/Documents/Harvested_Data\W11-Vik_USER\2025-02-20_00-41-01\mod_overlay_6516aecd.txt
2025-02-20 00:41:01,950 - INFO - Copied and removed: E:\backup\files\Program Files\Go\src\cmd\go\testdata\script\mod_patterns.txt -> C:\Users\USER/Documents/Harvested_Data\W11-Vik_USER\2025-02-20_00-41-01\mod_patterns_bb0b0bdc.txt
2025-02-20 00:41:01,963 - INFO - Copied and removed: E:\backup\files\Program Files\Go\src\cmd\go\testdata\script\mod_permissions.txt -> C:\Users\USER/Documents/Harvested_Data\W11-Vik_USER\2025-02-20_00-41-01\mod_permissions_b975eca9.txt
2025-02-20 00:41:01,981 - INFO - Copied and removed: E:\backup\files\Program Files\Go\src\cmd\go\testdata\script\mod_prefer_compatible.txt -> C:\Users\USER/Documents/Harvested_Data\W11-Vik_USER\2025-02-20_00-41-01\mod_prefer_compatible_9b8d2301.txt
2025-02-20 00:41:01,995 - INFO - Copied and removed: E:\backup\files\Program Files\Go\src\cmd\go\testdata\script\mod_proxy_list.txt -> C:\Users\USER/Documents/Harvested_Data\W11-Vik_USER\2025-02-20_00-41-01\mod_proxy_list_b6e1b427.txt
2025-02-20 00:41:02,009 - INFO - Copied and removed: E:\backup\files\Program Files\Go\src\cmd\go\testdata\script\mod_pseudo_cache.txt -> C:\Users\USER/Documents/Harvested_Data\W11-Vik_USER\2025-02-20_00-41-02\mod_pseudo_cache_3c9b21ca.txt
2025-02-20 00:41:02,024 - INFO - Copied and removed: E:\backup\files\Program Files\Go\src\cmd\go\testdata\script\mod_query.txt -> C:\Users\USER/Documents/Harvested_Data\W11-Vik_USER\2025-02-20_00-41-02\mod_query_57072f84.txt
2025-02-20 00:41:02,041 - INFO - Copied and removed: E:\backup\files\Program Files\Go\src\cmd\go\testdata\script\mod_query_empty.txt -> C:\Users\USER/Documents/Harvested_Data\W11-Vik_USER\2025-02-20_00-41-02\mod_query_empty_ef3ead45.txt
2025-02-20 00:41:02,055 - INFO - Copied and removed: E:\backup\files\Program Files\Go\src\cmd\go\testdata\script\mod_query_exclude.txt -> C:\Users\USER/Documents/Harvested_Data\W11-Vik_USER\2025-02-20_00-41-02\mod_query_exclude_c8851b9c.txt
2025-02-20 00:41:02,069 - INFO - Copied and removed: E:\backup\files\Program Files\Go\src\cmd\go\testdata\script\mod_query_main.txt -> C:\Users\USER/Documents/Harvested_Data\W11-Vik_USER\2025-02-20_00-41-02\mod_query_main_b428ded7.txt
2025-02-20 00:41:02,085 - INFO - Copied and removed: E:\backup\files\Program Files\Go\src\cmd\go\testdata\script\mod_readonly.txt -> C:\Users\USER/Documents/Harvested_Data\W11-Vik_USER\2025-02-20_00-41-02\mod_readonly_9f3dc853.txt
2025-02-20 00:41:02,104 - INFO - Copied and removed: E:\backup\files\Program Files\Go\src\cmd\go\testdata\script\mod_replace.txt -> C:\Users\USER/Documents/Harvested_Data\W11-Vik_USER\2025-02-20_00-41-02\mod_replace_08839ea7.txt
2025-02-20 00:41:02,122 - INFO - Copied and removed: E:\backup\files\Program Files\Go\src\cmd\go\testdata\script\mod_replace_gopkgin.txt -> C:\Users\USER/Documents/Harvested_Data\W11-Vik_USER\2025-02-20_00-41-02\mod_replace_gopkgin_7f9fee01.txt
2025-02-20 00:41:02,140 - INFO - Copied and removed: E:\backup\files\Program Files\Go\src\cmd\go\testdata\script\mod_replace_import.txt -> C:\Users\USER/Documents/Harvested_Data\W11-Vik_USER\2025-02-20_00-41-02\mod_replace_import_3a87ae5c.txt
2025-02-20 00:41:02,154 - INFO - Copied and removed: E:\backup\files\Program Files\Go\src\cmd\go\testdata\script\mod_replace_readonly.txt -> C:\Users\USER/Documents/Harvested_Data\W11-Vik_USER\2025-02-20_00-41-02\mod_replace_readonly_18ca0c96.txt
2025-02-20 00:41:02,170 - INFO - Copied and removed: E:\backup\files\Program Files\Go\src\cmd\go\testdata\script\mod_require_exclude.txt -> C:\Users\USER/Documents/Harvested_Data\W11-Vik_USER\2025-02-20_00-41-02\mod_require_exclude_877b9411.txt
2025-02-20 00:41:02,185 - INFO - Copied and removed: E:\backup\files\Program Files\Go\src\cmd\go\testdata\script\mod_retention.txt -> C:\Users\USER/Documents/Harvested_Data\W11-Vik_USER\2025-02-20_00-41-02\mod_retention_7f8ad605.txt
2025-02-20 00:41:02,206 - INFO - Copied and removed: E:\backup\files\Program Files\Go\src\cmd\go\testdata\script\mod_retract.txt -> C:\Users\USER/Documents/Harvested_Data\W11-Vik_USER\2025-02-20_00-41-02\mod_retract_64af9bfd.txt
2025-02-20 00:41:02,220 - INFO - Copied and removed: E:\backup\files\Program Files\Go\src\cmd\go\testdata\script\mod_retract_fix_version.txt -> C:\Users\USER/Documents/Harvested_Data\W11-Vik_USER\2025-02-20_00-41-02\mod_retract_fix_version_0f38f882.txt
2025-02-20 00:41:02,235 - INFO - Copied and removed: E:\backup\files\Program Files\Go\src\cmd\go\testdata\script\mod_retract_pseudo_base.txt -> C:\Users\USER/Documents/Harvested_Data\W11-Vik_USER\2025-02-20_00-41-02\mod_retract_pseudo_base_2218b382.txt
2025-02-20 00:41:02,252 - INFO - Copied and removed: E:\backup\files\Program Files\Go\src\cmd\go\testdata\script\mod_retract_rationale.txt -> C:\Users\USER/Documents/Harvested_Data\W11-Vik_USER\2025-02-20_00-41-02\mod_retract_rationale_0398babb.txt
2025-02-20 00:41:02,271 - INFO - Copied and removed: E:\backup\files\Program Files\Go\src\cmd\go\testdata\script\mod_retract_replace.txt -> C:\Users\USER/Documents/Harvested_Data\W11-Vik_USER\2025-02-20_00-41-02\mod_retract_replace_2e157968.txt
2025-02-20 00:41:02,289 - INFO - Copied and removed: E:\backup\files\Program Files\Go\src\cmd\go\testdata\script\mod_run_pkg_version.txt -> C:\Users\USER/Documents/Harvested_Data\W11-Vik_USER\2025-02-20_00-41-02\mod_run_pkg_version_a81b6f02.txt
2025-02-20 00:41:02,305 - INFO - Copied and removed: E:\backup\files\Program Files\Go\src\cmd\go\testdata\script\mod_skip_write.txt -> C:\Users\USER/Documents/Harvested_Data\W11-Vik_USER\2025-02-20_00-41-02\mod_skip_write_f786920c.txt
2025-02-20 00:41:02,320 - INFO - Copied and removed: E:\backup\files\Program Files\Go\src\cmd\go\testdata\script\mod_std_vendor.txt -> C:\Users\USER/Documents/Harvested_Data\W11-Vik_USER\2025-02-20_00-41-02\mod_std_vendor_62835d35.txt
2025-02-20 00:41:02,336 - INFO - Copied and removed: E:\backup\files\Program Files\Go\src\cmd\go\testdata\script\mod_sumdb.txt -> C:\Users\USER/Documents/Harvested_Data\W11-Vik_USER\2025-02-20_00-41-02\mod_sumdb_014dfc7e.txt
2025-02-20 00:41:02,352 - INFO - Copied and removed: E:\backup\files\Program Files\Go\src\cmd\go\testdata\script\mod_sumdb_cache.txt -> C:\Users\USER/Documents/Harvested_Data\W11-Vik_USER\2025-02-20_00-41-02\mod_sumdb_cache_876e5f48.txt
2025-02-20 00:41:02,369 - INFO - Copied and removed: E:\backup\files\Program Files\Go\src\cmd\go\testdata\script\mod_sumdb_file_path.txt -> C:\Users\USER/Documents/Harvested_Data\W11-Vik_USER\2025-02-20_00-41-02\mod_sumdb_file_path_592b5df2.txt
2025-02-20 00:41:02,386 - INFO - Copied and removed: E:\backup\files\Program Files\Go\src\cmd\go\testdata\script\mod_sumdb_golang.txt -> C:\Users\USER/Documents/Harvested_Data\W11-Vik_USER\2025-02-20_00-41-02\mod_sumdb_golang_80b2114c.txt
2025-02-20 00:41:02,402 - INFO - Copied and removed: E:\backup\files\Program Files\Go\src\cmd\go\testdata\script\mod_sumdb_proxy.txt -> C:\Users\USER/Documents/Harvested_Data\W11-Vik_USER\2025-02-20_00-41-02\mod_sumdb_proxy_6c7799e2.txt
2025-02-20 00:41:02,418 - INFO - Copied and removed: E:\backup\files\Program Files\Go\src\cmd\go\testdata\script\mod_sum_ambiguous.txt -> C:\Users\USER/Documents/Harvested_Data\W11-Vik_USER\2025-02-20_00-41-02\mod_sum_ambiguous_d8543552.txt
2025-02-20 00:41:02,434 - INFO - Copied and removed: E:\backup\files\Program Files\Go\src\cmd\go\testdata\script\mod_sum_issue56222.txt -> C:\Users\USER/Documents/Harvested_Data\W11-Vik_USER\2025-02-20_00-41-02\mod_sum_issue56222_58ed1843.txt
2025-02-20 00:41:02,452 - INFO - Copied and removed: E:\backup\files\Program Files\Go\src\cmd\go\testdata\script\mod_sum_readonly.txt -> C:\Users\USER/Documents/Harvested_Data\W11-Vik_USER\2025-02-20_00-41-02\mod_sum_readonly_7957054a.txt
2025-02-20 00:41:02,467 - INFO - Copied and removed: E:\backup\files\Program Files\Go\src\cmd\go\testdata\script\mod_symlink.txt -> C:\Users\USER/Documents/Harvested_Data\W11-Vik_USER\2025-02-20_00-41-02\mod_symlink_33e124b1.txt
2025-02-20 00:41:02,485 - INFO - Copied and removed: E:\backup\files\Program Files\Go\src\cmd\go\testdata\script\mod_tagged_import_cycle.txt -> C:\Users\USER/Documents/Harvested_Data\W11-Vik_USER\2025-02-20_00-41-02\mod_tagged_import_cycle_b0371f95.txt
2025-02-20 00:41:02,505 - INFO - Copied and removed: E:\backup\files\Program Files\Go\src\cmd\go\testdata\script\mod_test.txt -> C:\Users\USER/Documents/Harvested_Data\W11-Vik_USER\2025-02-20_00-41-02\mod_test_509e7710.txt
2025-02-20 00:41:02,520 - INFO - Copied and removed: E:\backup\files\Program Files\Go\src\cmd\go\testdata\script\mod_test_cached.txt -> C:\Users\USER/Documents/Harvested_Data\W11-Vik_USER\2025-02-20_00-41-02\mod_test_cached_577a5d03.txt
2025-02-20 00:41:02,538 - INFO - Copied and removed: E:\backup\files\Program Files\Go\src\cmd\go\testdata\script\mod_test_files.txt -> C:\Users\USER/Documents/Harvested_Data\W11-Vik_USER\2025-02-20_00-41-02\mod_test_files_2adc1a54.txt
2025-02-20 00:41:02,563 - INFO - Copied and removed: E:\backup\files\Program Files\Go\src\cmd\go\testdata\script\mod_tidy_compat.txt -> C:\Users\USER/Documents/Harvested_Data\W11-Vik_USER\2025-02-20_00-41-02\mod_tidy_compat_93b8d4bc.txt
2025-02-20 00:41:02,631 - INFO - Copied and removed: E:\backup\files\Program Files\Go\src\cmd\go\testdata\script\mod_tidy_compat_added.txt -> C:\Users\USER/Documents/Harvested_Data\W11-Vik_USER\2025-02-20_00-41-02\mod_tidy_compat_added_71135422.txt
2025-02-20 00:41:02,648 - INFO - Copied and removed: E:\backup\files\Program Files\Go\src\cmd\go\testdata\script\mod_tidy_compat_ambiguous.txt -> C:\Users\USER/Documents/Harvested_Data\W11-Vik_USER\2025-02-20_00-41-02\mod_tidy_compat_ambiguous_8a00d82c.txt
2025-02-20 00:41:02,667 - INFO - Copied and removed: E:\backup\files\Program Files\Go\src\cmd\go\testdata\script\mod_tidy_compat_deleted.txt -> C:\Users\USER/Documents/Harvested_Data\W11-Vik_USER\2025-02-20_00-41-02\mod_tidy_compat_deleted_a0aa1752.txt
2025-02-20 00:41:02,687 - INFO - Copied and removed: E:\backup\files\Program Files\Go\src\cmd\go\testdata\script\mod_tidy_compat_implicit.txt -> C:\Users\USER/Documents/Harvested_Data\W11-Vik_USER\2025-02-20_00-41-02\mod_tidy_compat_implicit_6904a8e6.txt
2025-02-20 00:41:02,709 - INFO - Copied and removed: E:\backup\files\Program Files\Go\src\cmd\go\testdata\script\mod_tidy_compat_incompatible.txt -> C:\Users\USER/Documents/Harvested_Data\W11-Vik_USER\2025-02-20_00-41-02\mod_tidy_compat_incompatible_27092222.txt
2025-02-20 00:41:02,730 - INFO - Copied and removed: E:\backup\files\Program Files\Go\src\cmd\go\testdata\script\mod_tidy_compat_irrelevant.txt -> C:\Users\USER/Documents/Harvested_Data\W11-Vik_USER\2025-02-20_00-41-02\mod_tidy_compat_irrelevant_d5785e80.txt
2025-02-20 00:41:02,747 - INFO - Copied and removed: E:\backup\files\Program Files\Go\src\cmd\go\testdata\script\mod_tidy_convergence.txt -> C:\Users\USER/Documents/Harvested_Data\W11-Vik_USER\2025-02-20_00-41-02\mod_tidy_convergence_0309bb6d.txt
2025-02-20 00:41:02,765 - INFO - Copied and removed: E:\backup\files\Program Files\Go\src\cmd\go\testdata\script\mod_tidy_convergence_loop.txt -> C:\Users\USER/Documents/Harvested_Data\W11-Vik_USER\2025-02-20_00-41-02\mod_tidy_convergence_loop_f6cf8d60.txt
2025-02-20 00:41:02,780 - INFO - Copied and removed: E:\backup\files\Program Files\Go\src\cmd\go\testdata\script\mod_tidy_diff.txt -> C:\Users\USER/Documents/Harvested_Data\W11-Vik_USER\2025-02-20_00-41-02\mod_tidy_diff_42017490.txt
2025-02-20 00:41:02,802 - INFO - Copied and removed: E:\backup\files\Program Files\Go\src\cmd\go\testdata\script\mod_tidy_downgrade_ambiguous.txt -> C:\Users\USER/Documents/Harvested_Data\W11-Vik_USER\2025-02-20_00-41-02\mod_tidy_downgrade_ambiguous_f962cc34.txt
2025-02-20 00:41:02,815 - INFO - Copied and removed: E:\backup\files\Program Files\Go\src\cmd\go\testdata\script\mod_tidy_duplicates.txt -> C:\Users\USER/Documents/Harvested_Data\W11-Vik_USER\2025-02-20_00-41-02\mod_tidy_duplicates_42e3ec8a.txt
2025-02-20 00:41:02,831 - INFO - Copied and removed: E:\backup\files\Program Files\Go\src\cmd\go\testdata\script\mod_tidy_error.txt -> C:\Users\USER/Documents/Harvested_Data\W11-Vik_USER\2025-02-20_00-41-02\mod_tidy_error_26fa7860.txt
2025-02-20 00:41:02,846 - INFO - Copied and removed: E:\backup\files\Program Files\Go\src\cmd\go\testdata\script\mod_tidy_indirect.txt -> C:\Users\USER/Documents/Harvested_Data\W11-Vik_USER\2025-02-20_00-41-02\mod_tidy_indirect_a0bbf4a8.txt
2025-02-20 00:41:02,861 - INFO - Copied and removed: E:\backup\files\Program Files\Go\src\cmd\go\testdata\script\mod_tidy_issue60313.txt -> C:\Users\USER/Documents/Harvested_Data\W11-Vik_USER\2025-02-20_00-41-02\mod_tidy_issue60313_cf0cacda.txt
2025-02-20 00:41:02,875 - INFO - Copied and removed: E:\backup\files\Program Files\Go\src\cmd\go\testdata\script\mod_tidy_lazy_self.txt -> C:\Users\USER/Documents/Harvested_Data\W11-Vik_USER\2025-02-20_00-41-02\mod_tidy_lazy_self_4b6036de.txt
2025-02-20 00:41:02,889 - INFO - Copied and removed: E:\backup\files\Program Files\Go\src\cmd\go\testdata\script\mod_tidy_newroot.txt -> C:\Users\USER/Documents/Harvested_Data\W11-Vik_USER\2025-02-20_00-41-02\mod_tidy_newroot_705205f3.txt
2025-02-20 00:41:02,905 - INFO - Copied and removed: E:\backup\files\Program Files\Go\src\cmd\go\testdata\script\mod_tidy_old.txt -> C:\Users\USER/Documents/Harvested_Data\W11-Vik_USER\2025-02-20_00-41-02\mod_tidy_old_bbc10cb6.txt
2025-02-20 00:41:02,923 - INFO - Copied and removed: E:\backup\files\Program Files\Go\src\cmd\go\testdata\script\mod_tidy_replace.txt -> C:\Users\USER/Documents/Harvested_Data\W11-Vik_USER\2025-02-20_00-41-02\mod_tidy_replace_79301625.txt
2025-02-20 00:41:02,940 - INFO - Copied and removed: E:\backup\files\Program Files\Go\src\cmd\go\testdata\script\mod_tidy_version.txt -> C:\Users\USER/Documents/Harvested_Data\W11-Vik_USER\2025-02-20_00-41-02\mod_tidy_version_47f9cb91.txt
2025-02-20 00:41:02,956 - INFO - Copied and removed: E:\backup\files\Program Files\Go\src\cmd\go\testdata\script\mod_toolchain.txt -> C:\Users\USER/Documents/Harvested_Data\W11-Vik_USER\2025-02-20_00-41-02\mod_toolchain_3362865e.txt
2025-02-20 00:41:02,971 - INFO - Copied and removed: E:\backup\files\Program Files\Go\src\cmd\go\testdata\script\mod_update_sum_readonly.txt -> C:\Users\USER/Documents/Harvested_Data\W11-Vik_USER\2025-02-20_00-41-02\mod_update_sum_readonly_c41cfb2d.txt
2025-02-20 00:41:02,986 - INFO - Copied and removed: E:\backup\files\Program Files\Go\src\cmd\go\testdata\script\mod_upgrade_patch.txt -> C:\Users\USER/Documents/Harvested_Data\W11-Vik_USER\2025-02-20_00-41-02\mod_upgrade_patch_b470f165.txt
2025-02-20 00:41:03,006 - INFO - Copied and removed: E:\backup\files\Program Files\Go\src\cmd\go\testdata\script\mod_vendor.txt -> C:\Users\USER/Documents/Harvested_Data\W11-Vik_USER\2025-02-20_00-41-03\mod_vendor_6fb754d7.txt
2025-02-20 00:41:03,026 - INFO - Copied and removed: E:\backup\files\Program Files\Go\src\cmd\go\testdata\script\mod_vendor_auto.txt -> C:\Users\USER/Documents/Harvested_Data\W11-Vik_USER\2025-02-20_00-41-03\mod_vendor_auto_ad73802d.txt
2025-02-20 00:41:03,044 - INFO - Copied and removed: E:\backup\files\Program Files\Go\src\cmd\go\testdata\script\mod_vendor_embed.txt -> C:\Users\USER/Documents/Harvested_Data\W11-Vik_USER\2025-02-20_00-41-03\mod_vendor_embed_f97f586c.txt
2025-02-20 00:41:03,062 - INFO - Copied and removed: E:\backup\files\Program Files\Go\src\cmd\go\testdata\script\mod_vendor_goversion.txt -> C:\Users\USER/Documents/Harvested_Data\W11-Vik_USER\2025-02-20_00-41-03\mod_vendor_goversion_a6c10850.txt
2025-02-20 00:41:03,077 - INFO - Copied and removed: E:\backup\files\Program Files\Go\src\cmd\go\testdata\script\mod_vendor_replace.txt -> C:\Users\USER/Documents/Harvested_Data\W11-Vik_USER\2025-02-20_00-41-03\mod_vendor_replace_fea8a23e.txt
2025-02-20 00:41:03,091 - INFO - Copied and removed: E:\backup\files\Program Files\Go\src\cmd\go\testdata\script\mod_vendor_trimpath.txt -> C:\Users\USER/Documents/Harvested_Data\W11-Vik_USER\2025-02-20_00-41-03\mod_vendor_trimpath_2b32267e.txt
2025-02-20 00:41:03,107 - INFO - Copied and removed: E:\backup\files\Program Files\Go\src\cmd\go\testdata\script\mod_vendor_unused.txt -> C:\Users\USER/Documents/Harvested_Data\W11-Vik_USER\2025-02-20_00-41-03\mod_vendor_unused_f324f2c2.txt
2025-02-20 00:41:03,123 - INFO - Copied and removed: E:\backup\files\Program Files\Go\src\cmd\go\testdata\script\mod_verify.txt -> C:\Users\USER/Documents/Harvested_Data\W11-Vik_USER\2025-02-20_00-41-03\mod_verify_49d5053b.txt
2025-02-20 00:41:03,139 - INFO - Copied and removed: E:\backup\files\Program Files\Go\src\cmd\go\testdata\script\mod_why.txt -> C:\Users\USER/Documents/Harvested_Data\W11-Vik_USER\2025-02-20_00-41-03\mod_why_a63a3b3e.txt
2025-02-20 00:41:03,155 - INFO - Copied and removed: E:\backup\files\Program Files\Go\src\cmd\go\testdata\script\netrc_issue66832.txt -> C:\Users\USER/Documents/Harvested_Data\W11-Vik_USER\2025-02-20_00-41-03\netrc_issue66832_cd230482.txt
2025-02-20 00:41:03,174 - INFO - Copied and removed: E:\backup\files\Program Files\Go\src\cmd\go\testdata\script\reuse_git.txt -> C:\Users\USER/Documents/Harvested_Data\W11-Vik_USER\2025-02-20_00-41-03\reuse_git_4d215180.txt
2025-02-20 00:41:03,187 - INFO - Copied and removed: E:\backup\files\Program Files\Go\src\cmd\go\testdata\script\run_internal.txt -> C:\Users\USER/Documents/Harvested_Data\W11-Vik_USER\2025-02-20_00-41-03\run_internal_937297c4.txt
2025-02-20 00:41:03,204 - INFO - Copied and removed: E:\backup\files\Program Files\Go\src\cmd\go\testdata\script\run_issue51125.txt -> C:\Users\USER/Documents/Harvested_Data\W11-Vik_USER\2025-02-20_00-41-03\run_issue51125_f3ebd3dc.txt
2025-02-20 00:41:03,219 - INFO - Copied and removed: E:\backup\files\Program Files\Go\src\cmd\go\testdata\script\telemetry.txt -> C:\Users\USER/Documents/Harvested_Data\W11-Vik_USER\2025-02-20_00-41-03\telemetry_aba13def.txt
2025-02-20 00:41:03,238 - INFO - Copied and removed: E:\backup\files\Program Files\Go\src\cmd\go\testdata\script\test2json_interrupt.txt -> C:\Users\USER/Documents/Harvested_Data\W11-Vik_USER\2025-02-20_00-41-03\test2json_interrupt_65ea9ec2.txt
2025-02-20 00:41:03,256 - INFO - Copied and removed: E:\backup\files\Program Files\Go\src\cmd\go\testdata\script\test_buildvcs.txt -> C:\Users\USER/Documents/Harvested_Data\W11-Vik_USER\2025-02-20_00-41-03\test_buildvcs_f69be9cb.txt
2025-02-20 00:41:03,278 - INFO - Copied and removed: E:\backup\files\Program Files\Go\src\cmd\go\testdata\script\test_cache_inputs.txt -> C:\Users\USER/Documents/Harvested_Data\W11-Vik_USER\2025-02-20_00-41-03\test_cache_inputs_01449842.txt
2025-02-20 00:41:03,295 - INFO - Copied and removed: E:\backup\files\Program Files\Go\src\cmd\go\testdata\script\test_chatty_parallel_fail.txt -> C:\Users\USER/Documents/Harvested_Data\W11-Vik_USER\2025-02-20_00-41-03\test_chatty_parallel_fail_86752e5c.txt
2025-02-20 00:41:03,314 - INFO - Copied and removed: E:\backup\files\Program Files\Go\src\cmd\go\testdata\script\test_chatty_parallel_success.txt -> C:\Users\USER/Documents/Harvested_Data\W11-Vik_USER\2025-02-20_00-41-03\test_chatty_parallel_success_03427b81.txt
2025-02-20 00:41:03,330 - INFO - Copied and removed: E:\backup\files\Program Files\Go\src\cmd\go\testdata\script\test_chatty_parallel_success_run.txt -> C:\Users\USER/Documents/Harvested_Data\W11-Vik_USER\2025-02-20_00-41-03\test_chatty_parallel_success_run_864b01a3.txt
2025-02-20 00:41:03,349 - INFO - Copied and removed: E:\backup\files\Program Files\Go\src\cmd\go\testdata\script\test_cleanup_failnow.txt -> C:\Users\USER/Documents/Harvested_Data\W11-Vik_USER\2025-02-20_00-41-03\test_cleanup_failnow_10cab7d3.txt
2025-02-20 00:41:03,365 - INFO - Copied and removed: E:\backup\files\Program Files\Go\src\cmd\go\testdata\script\test_compile_multi_pkg.txt -> C:\Users\USER/Documents/Harvested_Data\W11-Vik_USER\2025-02-20_00-41-03\test_compile_multi_pkg_4ba9fd65.txt
2025-02-20 00:41:03,383 - INFO - Copied and removed: E:\backup\files\Program Files\Go\src\cmd\go\testdata\script\test_deadline.txt -> C:\Users\USER/Documents/Harvested_Data\W11-Vik_USER\2025-02-20_00-41-03\test_deadline_739ecbc7.txt
2025-02-20 00:41:03,398 - INFO - Copied and removed: E:\backup\files\Program Files\Go\src\cmd\go\testdata\script\test_default_godebug_issue69203.txt -> C:\Users\USER/Documents/Harvested_Data\W11-Vik_USER\2025-02-20_00-41-03\test_default_godebug_issue69203_79c20602.txt
2025-02-20 00:41:03,412 - INFO - Copied and removed: E:\backup\files\Program Files\Go\src\cmd\go\testdata\script\test_empty.txt -> C:\Users\USER/Documents/Harvested_Data\W11-Vik_USER\2025-02-20_00-41-03\test_empty_cc6a7b79.txt
2025-02-20 00:41:03,428 - INFO - Copied and removed: E:\backup\files\Program Files\Go\src\cmd\go\testdata\script\test_exit.txt -> C:\Users\USER/Documents/Harvested_Data\W11-Vik_USER\2025-02-20_00-41-03\test_exit_32256596.txt
2025-02-20 00:41:03,448 - INFO - Copied and removed: E:\backup\files\Program Files\Go\src\cmd\go\testdata\script\test_fail_fast.txt -> C:\Users\USER/Documents/Harvested_Data\W11-Vik_USER\2025-02-20_00-41-03\test_fail_fast_b007b7aa.txt
2025-02-20 00:41:03,513 - INFO - Copied and removed: E:\backup\files\Program Files\Go\src\cmd\go\testdata\script\test_fail_newline.txt -> C:\Users\USER/Documents/Harvested_Data\W11-Vik_USER\2025-02-20_00-41-03\test_fail_newline_4a50ad6d.txt
2025-02-20 00:41:03,531 - INFO - Copied and removed: E:\backup\files\Program Files\Go\src\cmd\go\testdata\script\test_finished_subtest_goroutines.txt -> C:\Users\USER/Documents/Harvested_Data\W11-Vik_USER\2025-02-20_00-41-03\test_finished_subtest_goroutines_f4610c50.txt
2025-02-20 00:41:03,551 - INFO - Copied and removed: E:\backup\files\Program Files\Go\src\cmd\go\testdata\script\test_flags.txt -> C:\Users\USER/Documents/Harvested_Data\W11-Vik_USER\2025-02-20_00-41-03\test_flags_1769b238.txt
2025-02-20 00:41:03,575 - INFO - Copied and removed: E:\backup\files\Program Files\Go\src\cmd\go\testdata\script\test_fuzz.txt -> C:\Users\USER/Documents/Harvested_Data\W11-Vik_USER\2025-02-20_00-41-03\test_fuzz_ebbb4b88.txt
2025-02-20 00:41:03,592 - INFO - Copied and removed: E:\backup\files\Program Files\Go\src\cmd\go\testdata\script\test_fuzz_cache.txt -> C:\Users\USER/Documents/Harvested_Data\W11-Vik_USER\2025-02-20_00-41-03\test_fuzz_cache_4a3586fb.txt
2025-02-20 00:41:03,606 - INFO - Copied and removed: E:\backup\files\Program Files\Go\src\cmd\go\testdata\script\test_fuzz_chatty.txt -> C:\Users\USER/Documents/Harvested_Data\W11-Vik_USER\2025-02-20_00-41-03\test_fuzz_chatty_1b8a4352.txt
2025-02-20 00:41:03,623 - INFO - Copied and removed: E:\backup\files\Program Files\Go\src\cmd\go\testdata\script\test_fuzz_cleanup.txt -> C:\Users\USER/Documents/Harvested_Data\W11-Vik_USER\2025-02-20_00-41-03\test_fuzz_cleanup_2dff3f0d.txt
2025-02-20 00:41:03,639 - INFO - Copied and removed: E:\backup\files\Program Files\Go\src\cmd\go\testdata\script\test_fuzz_deadline.txt -> C:\Users\USER/Documents/Harvested_Data\W11-Vik_USER\2025-02-20_00-41-03\test_fuzz_deadline_40adeddd.txt
2025-02-20 00:41:03,654 - INFO - Copied and removed: E:\backup\files\Program Files\Go\src\cmd\go\testdata\script\test_fuzz_dup_cache.txt -> C:\Users\USER/Documents/Harvested_Data\W11-Vik_USER\2025-02-20_00-41-03\test_fuzz_dup_cache_7bf8ad8e.txt
2025-02-20 00:41:03,673 - INFO - Copied and removed: E:\backup\files\Program Files\Go\src\cmd\go\testdata\script\test_fuzz_fuzztime.txt -> C:\Users\USER/Documents/Harvested_Data\W11-Vik_USER\2025-02-20_00-41-03\test_fuzz_fuzztime_4a1d6853.txt
2025-02-20 00:41:03,695 - INFO - Copied and removed: E:\backup\files\Program Files\Go\src\cmd\go\testdata\script\test_fuzz_io_error.txt -> C:\Users\USER/Documents/Harvested_Data\W11-Vik_USER\2025-02-20_00-41-03\test_fuzz_io_error_d35e246f.txt
2025-02-20 00:41:03,715 - INFO - Copied and removed: E:\backup\files\Program Files\Go\src\cmd\go\testdata\script\test_fuzz_minimize.txt -> C:\Users\USER/Documents/Harvested_Data\W11-Vik_USER\2025-02-20_00-41-03\test_fuzz_minimize_a5033318.txt
2025-02-20 00:41:03,737 - INFO - Copied and removed: E:\backup\files\Program Files\Go\src\cmd\go\testdata\script\test_fuzz_minimize_dirty_cov.txt -> C:\Users\USER/Documents/Harvested_Data\W11-Vik_USER\2025-02-20_00-41-03\test_fuzz_minimize_dirty_cov_98c7dc93.txt
2025-02-20 00:41:03,759 - INFO - Copied and removed: E:\backup\files\Program Files\Go\src\cmd\go\testdata\script\test_fuzz_minimize_interesting.txt -> C:\Users\USER/Documents/Harvested_Data\W11-Vik_USER\2025-02-20_00-41-03\test_fuzz_minimize_interesting_3e47355c.txt
2025-02-20 00:41:03,777 - INFO - Copied and removed: E:\backup\files\Program Files\Go\src\cmd\go\testdata\script\test_fuzz_modcache.txt -> C:\Users\USER/Documents/Harvested_Data\W11-Vik_USER\2025-02-20_00-41-03\test_fuzz_modcache_cb268be6.txt
2025-02-20 00:41:03,792 - INFO - Copied and removed: E:\backup\files\Program Files\Go\src\cmd\go\testdata\script\test_fuzz_multiple.txt -> C:\Users\USER/Documents/Harvested_Data\W11-Vik_USER\2025-02-20_00-41-03\test_fuzz_multiple_5d423cc0.txt
2025-02-20 00:41:03,813 - INFO - Copied and removed: E:\backup\files\Program Files\Go\src\cmd\go\testdata\script\test_fuzz_mutate_crash.txt -> C:\Users\USER/Documents/Harvested_Data\W11-Vik_USER\2025-02-20_00-41-03\test_fuzz_mutate_crash_571a9da7.txt
2025-02-20 00:41:03,828 - INFO - Copied and removed: E:\backup\files\Program Files\Go\src\cmd\go\testdata\script\test_fuzz_mutate_fail.txt -> C:\Users\USER/Documents/Harvested_Data\W11-Vik_USER\2025-02-20_00-41-03\test_fuzz_mutate_fail_21ebefc9.txt
2025-02-20 00:41:03,850 - INFO - Copied and removed: E:\backup\files\Program Files\Go\src\cmd\go\testdata\script\test_fuzz_mutator.txt -> C:\Users\USER/Documents/Harvested_Data\W11-Vik_USER\2025-02-20_00-41-03\test_fuzz_mutator_15bd3e8e.txt
2025-02-20 00:41:03,870 - INFO - Copied and removed: E:\backup\files\Program Files\Go\src\cmd\go\testdata\script\test_fuzz_mutator_repeat.txt -> C:\Users\USER/Documents/Harvested_Data\W11-Vik_USER\2025-02-20_00-41-03\test_fuzz_mutator_repeat_a25fa438.txt
2025-02-20 00:41:03,890 - INFO - Copied and removed: E:\backup\files\Program Files\Go\src\cmd\go\testdata\script\test_fuzz_non_crash_signal.txt -> C:\Users\USER/Documents/Harvested_Data\W11-Vik_USER\2025-02-20_00-41-03\test_fuzz_non_crash_signal_f8e7971a.txt
2025-02-20 00:41:03,908 - INFO - Copied and removed: E:\backup\files\Program Files\Go\src\cmd\go\testdata\script\test_fuzz_parallel.txt -> C:\Users\USER/Documents/Harvested_Data\W11-Vik_USER\2025-02-20_00-41-03\test_fuzz_parallel_9d386873.txt
2025-02-20 00:41:03,925 - INFO - Copied and removed: E:\backup\files\Program Files\Go\src\cmd\go\testdata\script\test_fuzz_run.txt -> C:\Users\USER/Documents/Harvested_Data\W11-Vik_USER\2025-02-20_00-41-03\test_fuzz_run_590edc79.txt
2025-02-20 00:41:03,946 - INFO - Copied and removed: E:\backup\files\Program Files\Go\src\cmd\go\testdata\script\test_fuzz_seed_corpus.txt -> C:\Users\USER/Documents/Harvested_Data\W11-Vik_USER\2025-02-20_00-41-03\test_fuzz_seed_corpus_a731f066.txt
2025-02-20 00:41:03,961 - INFO - Copied and removed: E:\backup\files\Program Files\Go\src\cmd\go\testdata\script\test_json.txt -> C:\Users\USER/Documents/Harvested_Data\W11-Vik_USER\2025-02-20_00-41-03\test_json_9f2dac82.txt
2025-02-20 00:41:03,980 - INFO - Copied and removed: E:\backup\files\Program Files\Go\src\cmd\go\testdata\script\test_json_build.txt -> C:\Users\USER/Documents/Harvested_Data\W11-Vik_USER\2025-02-20_00-41-03\test_json_build_b497eae1.txt
2025-02-20 00:41:03,998 - INFO - Copied and removed: E:\backup\files\Program Files\Go\src\cmd\go\testdata\script\test_json_exit.txt -> C:\Users\USER/Documents/Harvested_Data\W11-Vik_USER\2025-02-20_00-41-03\test_json_exit_0037a82e.txt
2025-02-20 00:41:04,013 - INFO - Copied and removed: E:\backup\files\Program Files\Go\src\cmd\go\testdata\script\test_json_panic_exit.txt -> C:\Users\USER/Documents/Harvested_Data\W11-Vik_USER\2025-02-20_00-41-04\test_json_panic_exit_436296df.txt
2025-02-20 00:41:04,031 - INFO - Copied and removed: E:\backup\files\Program Files\Go\src\cmd\go\testdata\script\test_json_prints.txt -> C:\Users\USER/Documents/Harvested_Data\W11-Vik_USER\2025-02-20_00-41-04\test_json_prints_29861e7b.txt
2025-02-20 00:41:04,050 - INFO - Copied and removed: E:\backup\files\Program Files\Go\src\cmd\go\testdata\script\test_main.txt -> C:\Users\USER/Documents/Harvested_Data\W11-Vik_USER\2025-02-20_00-41-04\test_main_42ca7ba9.txt
2025-02-20 00:41:04,064 - INFO - Copied and removed: E:\backup\files\Program Files\Go\src\cmd\go\testdata\script\test_ppc64_linker_funcs.txt -> C:\Users\USER/Documents/Harvested_Data\W11-Vik_USER\2025-02-20_00-41-04\test_ppc64_linker_funcs_078b2a64.txt
2025-02-20 00:41:04,083 - INFO - Copied and removed: E:\backup\files\Program Files\Go\src\cmd\go\testdata\script\test_race_install_cgo.txt -> C:\Users\USER/Documents/Harvested_Data\W11-Vik_USER\2025-02-20_00-41-04\test_race_install_cgo_1ce68948.txt
2025-02-20 00:41:04,101 - INFO - Copied and removed: E:\backup\files\Program Files\Go\src\cmd\go\testdata\script\test_regexps.txt -> C:\Users\USER/Documents/Harvested_Data\W11-Vik_USER\2025-02-20_00-41-04\test_regexps_9ccfc339.txt
2025-02-20 00:41:04,119 - INFO - Copied and removed: E:\backup\files\Program Files\Go\src\cmd\go\testdata\script\test_setup_error.txt -> C:\Users\USER/Documents/Harvested_Data\W11-Vik_USER\2025-02-20_00-41-04\test_setup_error_0f2124be.txt
2025-02-20 00:41:04,147 - INFO - Copied and removed: E:\backup\files\Program Files\Go\src\cmd\go\testdata\script\test_shuffle.txt -> C:\Users\USER/Documents/Harvested_Data\W11-Vik_USER\2025-02-20_00-41-04\test_shuffle_cb34054b.txt
2025-02-20 00:41:04,167 - INFO - Copied and removed: E:\backup\files\Program Files\Go\src\cmd\go\testdata\script\test_timeout_stdin.txt -> C:\Users\USER/Documents/Harvested_Data\W11-Vik_USER\2025-02-20_00-41-04\test_timeout_stdin_f0694d2a.txt
2025-02-20 00:41:04,186 - INFO - Copied and removed: E:\backup\files\Program Files\Go\src\cmd\go\testdata\script\test_vet.txt -> C:\Users\USER/Documents/Harvested_Data\W11-Vik_USER\2025-02-20_00-41-04\test_vet_4ae4f4ea.txt
2025-02-20 00:41:04,207 - INFO - Copied and removed: E:\backup\files\Program Files\Go\src\cmd\go\testdata\script\toolexec.txt -> C:\Users\USER/Documents/Harvested_Data\W11-Vik_USER\2025-02-20_00-41-04\toolexec_7329919a.txt
2025-02-20 00:41:04,223 - INFO - Copied and removed: E:\backup\files\Program Files\Go\src\cmd\go\testdata\script\tooltags.txt -> C:\Users\USER/Documents/Harvested_Data\W11-Vik_USER\2025-02-20_00-41-04\tooltags_a461d2eb.txt
2025-02-20 00:41:04,238 - INFO - Copied and removed: E:\backup\files\Program Files\Go\src\cmd\go\testdata\script\tool_exename.txt -> C:\Users\USER/Documents/Harvested_Data\W11-Vik_USER\2025-02-20_00-41-04\tool_exename_9e0a8f16.txt
2025-02-20 00:41:04,255 - INFO - Copied and removed: E:\backup\files\Program Files\Go\src\cmd\go\testdata\script\trampoline_reuse_test.txt -> C:\Users\USER/Documents/Harvested_Data\W11-Vik_USER\2025-02-20_00-41-04\trampoline_reuse_test_cc508457.txt
2025-02-20 00:41:04,271 - INFO - Copied and removed: E:\backup\files\Program Files\Go\src\cmd\go\testdata\script\vendor_complex.txt -> C:\Users\USER/Documents/Harvested_Data\W11-Vik_USER\2025-02-20_00-41-04\vendor_complex_4221c65c.txt
2025-02-20 00:41:04,296 - INFO - Copied and removed: E:\backup\files\Program Files\Go\src\cmd\go\testdata\script\vendor_import.txt -> C:\Users\USER/Documents/Harvested_Data\W11-Vik_USER\2025-02-20_00-41-04\vendor_import_e6de233d.txt
2025-02-20 00:41:04,312 - INFO - Copied and removed: E:\backup\files\Program Files\Go\src\cmd\go\testdata\script\vendor_list_issue11977.txt -> C:\Users\USER/Documents/Harvested_Data\W11-Vik_USER\2025-02-20_00-41-04\vendor_list_issue11977_6bc1616d.txt
2025-02-20 00:41:04,328 - INFO - Copied and removed: E:\backup\files\Program Files\Go\src\cmd\go\testdata\script\vendor_outside_module.txt -> C:\Users\USER/Documents/Harvested_Data\W11-Vik_USER\2025-02-20_00-41-04\vendor_outside_module_bdaae419.txt
2025-02-20 00:41:04,344 - INFO - Copied and removed: E:\backup\files\Program Files\Go\src\cmd\go\testdata\script\vendor_test_issue11864.txt -> C:\Users\USER/Documents/Harvested_Data\W11-Vik_USER\2025-02-20_00-41-04\vendor_test_issue11864_9943b34e.txt
2025-02-20 00:41:04,361 - INFO - Copied and removed: E:\backup\files\Program Files\Go\src\cmd\go\testdata\script\vendor_test_issue14613.txt -> C:\Users\USER/Documents/Harvested_Data\W11-Vik_USER\2025-02-20_00-41-04\vendor_test_issue14613_abb0cd84.txt
2025-02-20 00:41:04,376 - INFO - Copied and removed: E:\backup\files\Program Files\Go\src\cmd\go\testdata\script\version.txt -> C:\Users\USER/Documents/Harvested_Data\W11-Vik_USER\2025-02-20_00-41-04\version_7ad28c0e.txt
2025-02-20 00:41:04,394 - INFO - Copied and removed: E:\backup\files\Program Files\Go\src\cmd\go\testdata\script\version_buildvcs_bzr.txt -> C:\Users\USER/Documents/Harvested_Data\W11-Vik_USER\2025-02-20_00-41-04\version_buildvcs_bzr_04729382.txt
2025-02-20 00:41:04,409 - INFO - Copied and removed: E:\backup\files\Program Files\Go\src\cmd\go\testdata\script\version_buildvcs_fossil.txt -> C:\Users\USER/Documents/Harvested_Data\W11-Vik_USER\2025-02-20_00-41-04\version_buildvcs_fossil_8521d7fa.txt
2025-02-20 00:41:04,430 - INFO - Copied and removed: E:\backup\files\Program Files\Go\src\cmd\go\testdata\script\version_buildvcs_git.txt -> C:\Users\USER/Documents/Harvested_Data\W11-Vik_USER\2025-02-20_00-41-04\version_buildvcs_git_f44ec947.txt
2025-02-20 00:41:04,449 - INFO - Copied and removed: E:\backup\files\Program Files\Go\src\cmd\go\testdata\script\version_buildvcs_hg.txt -> C:\Users\USER/Documents/Harvested_Data\W11-Vik_USER\2025-02-20_00-41-04\version_buildvcs_hg_d9d72427.txt
2025-02-20 00:41:04,465 - INFO - Copied and removed: E:\backup\files\Program Files\Go\src\cmd\go\testdata\script\version_buildvcs_nested.txt -> C:\Users\USER/Documents/Harvested_Data\W11-Vik_USER\2025-02-20_00-41-04\version_buildvcs_nested_e69676aa.txt
2025-02-20 00:41:04,480 - INFO - Copied and removed: E:\backup\files\Program Files\Go\src\cmd\go\testdata\script\version_build_settings.txt -> C:\Users\USER/Documents/Harvested_Data\W11-Vik_USER\2025-02-20_00-41-04\version_build_settings_ea0af092.txt
2025-02-20 00:41:04,501 - INFO - Copied and removed: E:\backup\files\Program Files\Go\src\cmd\go\testdata\script\vet_flags.txt -> C:\Users\USER/Documents/Harvested_Data\W11-Vik_USER\2025-02-20_00-41-04\vet_flags_4993dba1.txt
2025-02-20 00:41:04,516 - INFO - Copied and removed: E:\backup\files\Program Files\Go\src\cmd\go\testdata\script\vet_internal.txt -> C:\Users\USER/Documents/Harvested_Data\W11-Vik_USER\2025-02-20_00-41-04\vet_internal_5f5523f3.txt
2025-02-20 00:41:04,533 - INFO - Copied and removed: E:\backup\files\Program Files\Go\src\cmd\go\testdata\script\work.txt -> C:\Users\USER/Documents/Harvested_Data\W11-Vik_USER\2025-02-20_00-41-04\work_1a7a7d6b.txt
2025-02-20 00:41:04,546 - INFO - Copied and removed: E:\backup\files\Program Files\Go\src\cmd\go\testdata\script\work_disablevendor.txt -> C:\Users\USER/Documents/Harvested_Data\W11-Vik_USER\2025-02-20_00-41-04\work_disablevendor_9b5adb54.txt
2025-02-20 00:41:04,563 - INFO - Copied and removed: E:\backup\files\Program Files\Go\src\cmd\go\testdata\script\work_edit.txt -> C:\Users\USER/Documents/Harvested_Data\W11-Vik_USER\2025-02-20_00-41-04\work_edit_610716a4.txt
2025-02-20 00:41:04,576 - INFO - Copied and removed: E:\backup\files\Program Files\Go\src\cmd\go\testdata\script\work_goproxy_off.txt -> C:\Users\USER/Documents/Harvested_Data\W11-Vik_USER\2025-02-20_00-41-04\work_goproxy_off_f7e0c916.txt
2025-02-20 00:41:04,593 - INFO - Copied and removed: E:\backup\files\Program Files\Go\src\cmd\go\testdata\script\work_init_toolchain.txt -> C:\Users\USER/Documents/Harvested_Data\W11-Vik_USER\2025-02-20_00-41-04\work_init_toolchain_3b4c48da.txt
2025-02-20 00:41:04,656 - INFO - Copied and removed: E:\backup\files\Program Files\Go\src\cmd\go\testdata\script\work_module_not_in_go_work.txt -> C:\Users\USER/Documents/Harvested_Data\W11-Vik_USER\2025-02-20_00-41-04\work_module_not_in_go_work_a006587d.txt
2025-02-20 00:41:04,670 - INFO - Copied and removed: E:\backup\files\Program Files\Go\src\cmd\go\testdata\script\work_prune.txt -> C:\Users\USER/Documents/Harvested_Data\W11-Vik_USER\2025-02-20_00-41-04\work_prune_7f8be071.txt
2025-02-20 00:41:04,685 - INFO - Copied and removed: E:\backup\files\Program Files\Go\src\cmd\go\testdata\script\work_prune_all.txt -> C:\Users\USER/Documents/Harvested_Data\W11-Vik_USER\2025-02-20_00-41-04\work_prune_all_042dc959.txt
2025-02-20 00:41:04,699 - INFO - Copied and removed: E:\backup\files\Program Files\Go\src\cmd\go\testdata\script\work_regression_hang.txt -> C:\Users\USER/Documents/Harvested_Data\W11-Vik_USER\2025-02-20_00-41-04\work_regression_hang_584dfbc2.txt
2025-02-20 00:41:04,714 - INFO - Copied and removed: E:\backup\files\Program Files\Go\src\cmd\go\testdata\script\work_replace_main_module.txt -> C:\Users\USER/Documents/Harvested_Data\W11-Vik_USER\2025-02-20_00-41-04\work_replace_main_module_351c1542.txt
2025-02-20 00:41:04,731 - INFO - Copied and removed: E:\backup\files\Program Files\Go\src\cmd\go\testdata\script\work_sum_mismatch.txt -> C:\Users\USER/Documents/Harvested_Data\W11-Vik_USER\2025-02-20_00-41-04\work_sum_mismatch_41a7d7ad.txt
2025-02-20 00:41:04,746 - INFO - Copied and removed: E:\backup\files\Program Files\Go\src\cmd\go\testdata\script\work_sync.txt -> C:\Users\USER/Documents/Harvested_Data\W11-Vik_USER\2025-02-20_00-41-04\work_sync_cd860712.txt
2025-02-20 00:41:04,761 - INFO - Copied and removed: E:\backup\files\Program Files\Go\src\cmd\go\testdata\script\work_sync_irrelevant_dependency.txt -> C:\Users\USER/Documents/Harvested_Data\W11-Vik_USER\2025-02-20_00-41-04\work_sync_irrelevant_dependency_ee56da7f.txt
2025-02-20 00:41:04,776 - INFO - Copied and removed: E:\backup\files\Program Files\Go\src\cmd\go\testdata\script\work_sync_relevant_dependency.txt -> C:\Users\USER/Documents/Harvested_Data\W11-Vik_USER\2025-02-20_00-41-04\work_sync_relevant_dependency_c47e4e74.txt
2025-02-20 00:41:04,790 - INFO - Copied and removed: E:\backup\files\Program Files\Go\src\cmd\go\testdata\script\work_sync_toolchain.txt -> C:\Users\USER/Documents/Harvested_Data\W11-Vik_USER\2025-02-20_00-41-04\work_sync_toolchain_6f2011b7.txt
2025-02-20 00:41:04,804 - INFO - Copied and removed: E:\backup\files\Program Files\Go\src\cmd\go\testdata\script\work_use_dot.txt -> C:\Users\USER/Documents/Harvested_Data\W11-Vik_USER\2025-02-20_00-41-04\work_use_dot_7fed8982.txt
2025-02-20 00:41:04,819 - INFO - Copied and removed: E:\backup\files\Program Files\Go\src\cmd\go\testdata\script\work_use_toolchain.txt -> C:\Users\USER/Documents/Harvested_Data\W11-Vik_USER\2025-02-20_00-41-04\work_use_toolchain_3250835b.txt
2025-02-20 00:41:04,834 - INFO - Copied and removed: E:\backup\files\Program Files\Go\src\cmd\go\testdata\script\work_vendor_modules_txt_conditional.txt -> C:\Users\USER/Documents/Harvested_Data\W11-Vik_USER\2025-02-20_00-41-04\work_vendor_modules_txt_conditional_63df9b54.txt
2025-02-20 00:41:04,852 - INFO - Copied and removed: E:\backup\files\Program Files\Go\src\cmd\go\testdata\script\work_vendor_modules_txt_consistent.txt -> C:\Users\USER/Documents/Harvested_Data\W11-Vik_USER\2025-02-20_00-41-04\work_vendor_modules_txt_consistent_55789f64.txt
2025-02-20 00:41:04,867 - INFO - Copied and removed: E:\backup\files\Program Files\Go\src\cmd\go\testdata\script\work_vendor_prune.txt -> C:\Users\USER/Documents/Harvested_Data\W11-Vik_USER\2025-02-20_00-41-04\work_vendor_prune_b136eae1.txt
2025-02-20 00:41:04,883 - INFO - Copied and removed: E:\backup\files\Program Files\Go\src\cmd\go\testdata\script\work_vendor_prune_all.txt -> C:\Users\USER/Documents/Harvested_Data\W11-Vik_USER\2025-02-20_00-41-04\work_vendor_prune_all_be80d5f0.txt
2025-02-20 00:41:04,918 - INFO - Copied and removed: E:\backup\files\Program Files\Go\src\cmd\go\testdata\script\work_why_download_graph.txt -> C:\Users\USER/Documents/Harvested_Data\W11-Vik_USER\2025-02-20_00-41-04\work_why_download_graph_34626bf3.txt
2025-02-20 00:41:04,932 - INFO - Copied and removed: E:\backup\files\Program Files\Go\src\cmd\go\testdata\vcstest\git\gitrepo1.txt -> C:\Users\USER/Documents/Harvested_Data\W11-Vik_USER\2025-02-20_00-41-04\gitrepo1_59320cdc.txt
2025-02-20 00:41:04,948 - INFO - Copied and removed: E:\backup\files\Program Files\Go\src\cmd\go\testdata\vcstest\git\odd-tags.txt -> C:\Users\USER/Documents/Harvested_Data\W11-Vik_USER\2025-02-20_00-41-04\odd-tags_c0a84b78.txt
2025-02-20 00:41:04,962 - INFO - Copied and removed: E:\backup\files\Program Files\Go\src\cmd\go\testdata\vcstest\git\prefixtagtests.txt -> C:\Users\USER/Documents/Harvested_Data\W11-Vik_USER\2025-02-20_00-41-04\prefixtagtests_a90e69cc.txt
2025-02-20 00:41:04,980 - INFO - Copied and removed: E:\backup\files\Program Files\Go\src\cmd\go\testdata\vcstest\git\querytest.txt -> C:\Users\USER/Documents/Harvested_Data\W11-Vik_USER\2025-02-20_00-41-04\querytest_b4be3988.txt
2025-02-20 00:41:04,995 - INFO - Copied and removed: E:\backup\files\Program Files\Go\src\cmd\go\testdata\vcstest\git\semver-branch.txt -> C:\Users\USER/Documents/Harvested_Data\W11-Vik_USER\2025-02-20_00-41-04\semver-branch_33bac477.txt
2025-02-20 00:41:05,013 - INFO - Copied and removed: E:\backup\files\Program Files\Go\src\cmd\go\testdata\vcstest\git\vgotest1.txt -> C:\Users\USER/Documents/Harvested_Data\W11-Vik_USER\2025-02-20_00-41-05\vgotest1_bdb94d35.txt
2025-02-20 00:41:05,030 - INFO - Copied and removed: E:\backup\files\Program Files\Go\src\cmd\go\testdata\vcstest\go\test1-svn-git.txt -> C:\Users\USER/Documents/Harvested_Data\W11-Vik_USER\2025-02-20_00-41-05\test1-svn-git_c003ad79.txt
2025-02-20 00:41:05,045 - INFO - Copied and removed: E:\backup\files\Program Files\Go\src\cmd\go\testdata\vcstest\go\test2-svn-git.txt -> C:\Users\USER/Documents/Harvested_Data\W11-Vik_USER\2025-02-20_00-41-05\test2-svn-git_8cb97fa3.txt
2025-02-20 00:41:05,063 - INFO - Copied and removed: E:\backup\files\Program Files\Go\src\cmd\go\testdata\vcstest\hg\hgrepo1.txt -> C:\Users\USER/Documents/Harvested_Data\W11-Vik_USER\2025-02-20_00-41-05\hgrepo1_6ff19cb0.txt
2025-02-20 00:41:05,083 - INFO - Copied and removed: E:\backup\files\Program Files\Go\src\cmd\go\testdata\vcstest\hg\vgotest1.txt -> C:\Users\USER/Documents/Harvested_Data\W11-Vik_USER\2025-02-20_00-41-05\vgotest1_692bcde1.txt
2025-02-20 00:41:05,099 - INFO - Copied and removed: E:\backup\files\Program Files\Go\src\cmd\go\testdata\vcstest\svn\hello.txt -> C:\Users\USER/Documents/Harvested_Data\W11-Vik_USER\2025-02-20_00-41-05\hello_79c4373e.txt
2025-02-20 00:41:05,121 - INFO - Copied and removed: E:\backup\files\Program Files\Go\src\cmd\go\testdata\vcstest\svn\test1-svn-git.txt -> C:\Users\USER/Documents/Harvested_Data\W11-Vik_USER\2025-02-20_00-41-05\test1-svn-git_c703dfc2.txt
2025-02-20 00:41:05,143 - INFO - Copied and removed: E:\backup\files\Program Files\Go\src\cmd\go\testdata\vcstest\svn\test2-svn-git.txt -> C:\Users\USER/Documents/Harvested_Data\W11-Vik_USER\2025-02-20_00-41-05\test2-svn-git_7e4785d3.txt
2025-02-20 00:41:05,160 - INFO - Copied and removed: E:\backup\files\Program Files\Go\src\cmd\vendor\modules.txt -> C:\Users\USER/Documents/Harvested_Data\W11-Vik_USER\2025-02-20_00-41-05\modules_a15acc1b.txt
2025-02-20 00:41:05,178 - INFO - Copied and removed: E:\backup\files\Program Files\Go\src\cmd\vendor\golang.org\x\telemetry\internal\upload\Doc.txt -> C:\Users\USER/Documents/Harvested_Data\W11-Vik_USER\2025-02-20_00-41-05\Doc_eb6e29e2.txt
2025-02-20 00:41:05,204 - INFO - Copied and removed: E:\backup\files\Program Files\Go\src\compress\testdata\e.txt -> C:\Users\USER/Documents/Harvested_Data\W11-Vik_USER\2025-02-20_00-41-05\e_b2fdec07.txt
2025-02-20 00:41:05,221 - INFO - Copied and removed: E:\backup\files\Program Files\Go\src\compress\testdata\gettysburg.txt -> C:\Users\USER/Documents/Harvested_Data\W11-Vik_USER\2025-02-20_00-41-05\gettysburg_40878db5.txt
2025-02-20 00:41:05,244 - INFO - Copied and removed: E:\backup\files\Program Files\Go\src\compress\testdata\pi.txt -> C:\Users\USER/Documents/Harvested_Data\W11-Vik_USER\2025-02-20_00-41-05\pi_85a1390d.txt
2025-02-20 00:41:05,264 - INFO - Copied and removed: E:\backup\files\Program Files\Go\src\crypto\internal\fips140\bigmod\testdata\mod_inv_tests.txt -> C:\Users\USER/Documents/Harvested_Data\W11-Vik_USER\2025-02-20_00-41-05\mod_inv_tests_cf3f17d6.txt
2025-02-20 00:41:05,287 - INFO - Copied and removed: E:\backup\files\Program Files\Go\src\crypto\internal\fips140\rsa\testdata\gcd_lcm_tests.txt -> C:\Users\USER/Documents/Harvested_Data\W11-Vik_USER\2025-02-20_00-41-05\gcd_lcm_tests_8ed68394.txt
2025-02-20 00:41:05,308 - INFO - Copied and removed: E:\backup\files\Program Files\Go\src\crypto\internal\fips140\rsa\testdata\miller_rabin_tests.txt -> C:\Users\USER/Documents/Harvested_Data\W11-Vik_USER\2025-02-20_00-41-05\miller_rabin_tests_478240ed.txt
2025-02-20 00:41:05,324 - INFO - Copied and removed: E:\backup\files\Program Files\Go\src\database\sql\doc.txt -> C:\Users\USER/Documents/Harvested_Data\W11-Vik_USER\2025-02-20_00-41-05\doc_31f5a6f6.txt
2025-02-20 00:41:05,341 - INFO - Copied and removed: E:\backup\files\Program Files\Go\src\embed\internal\embedtest\testdata\ascii.txt -> C:\Users\USER/Documents/Harvested_Data\W11-Vik_USER\2025-02-20_00-41-05\ascii_3a3b8f9b.txt
2025-02-20 00:41:05,355 - INFO - Copied and removed: E:\backup\files\Program Files\Go\src\go\doc\comment\testdata\doclink.txt -> C:\Users\USER/Documents/Harvested_Data\W11-Vik_USER\2025-02-20_00-41-05\doclink_c926d807.txt
2025-02-20 00:41:05,369 - INFO - Copied and removed: E:\backup\files\Program Files\Go\src\go\doc\comment\testdata\head.txt -> C:\Users\USER/Documents/Harvested_Data\W11-Vik_USER\2025-02-20_00-41-05\head_4570a98e.txt
2025-02-20 00:41:05,387 - INFO - Copied and removed: E:\backup\files\Program Files\Go\src\go\doc\comment\testdata\link6.txt -> C:\Users\USER/Documents/Harvested_Data\W11-Vik_USER\2025-02-20_00-41-05\link6_7e9480c3.txt
2025-02-20 00:41:05,401 - INFO - Copied and removed: E:\backup\files\Program Files\Go\src\go\doc\comment\testdata\linklist2.txt -> C:\Users\USER/Documents/Harvested_Data\W11-Vik_USER\2025-02-20_00-41-05\linklist2_87d95207.txt
2025-02-20 00:41:05,415 - INFO - Copied and removed: E:\backup\files\Program Files\Go\src\go\doc\comment\testdata\list6.txt -> C:\Users\USER/Documents/Harvested_Data\W11-Vik_USER\2025-02-20_00-41-05\list6_6e0e1c8b.txt
2025-02-20 00:41:05,431 - INFO - Copied and removed: E:\backup\files\Program Files\Go\src\go\doc\comment\testdata\text7.txt -> C:\Users\USER/Documents/Harvested_Data\W11-Vik_USER\2025-02-20_00-41-05\text7_b5319322.txt
2025-02-20 00:41:05,446 - INFO - Copied and removed: E:\backup\files\Program Files\Go\src\go\doc\comment\testdata\text8.txt -> C:\Users\USER/Documents/Harvested_Data\W11-Vik_USER\2025-02-20_00-41-05\text8_9aeb0e7d.txt
2025-02-20 00:41:05,462 - INFO - Copied and removed: E:\backup\files\Program Files\Go\src\go\doc\testdata\template.txt -> C:\Users\USER/Documents/Harvested_Data\W11-Vik_USER\2025-02-20_00-41-05\template_5756d1c1.txt
2025-02-20 00:41:05,476 - INFO - Copied and removed: E:\backup\files\Program Files\Go\src\hash\test_cases.txt -> C:\Users\USER/Documents/Harvested_Data\W11-Vik_USER\2025-02-20_00-41-05\test_cases_b2d7cdd4.txt
2025-02-20 00:41:05,492 - INFO - Copied and removed: E:\backup\files\Program Files\Go\src\regexp\testdata\re2-search.txt -> C:\Users\USER/Documents/Harvested_Data\W11-Vik_USER\2025-02-20_00-41-05\re2-search_b6876d87.txt
2025-02-20 00:41:05,508 - INFO - Copied and removed: E:\backup\files\Program Files\Go\src\strconv\testdata\testfp.txt -> C:\Users\USER/Documents/Harvested_Data\W11-Vik_USER\2025-02-20_00-41-05\testfp_d8e2eed3.txt
2025-02-20 00:41:05,550 - INFO - Copied and removed: E:\backup\files\Program Files\Go\src\testdata\Isaac.Newton-Opticks.txt -> C:\Users\USER/Documents/Harvested_Data\W11-Vik_USER\2025-02-20_00-41-05\Isaac.Newton-Opticks_d4a9ac22.txt
2025-02-20 00:41:05,561 - INFO - Copied and removed: E:\backup\files\Program Files\Java\jdk-23\conf\security\policy\README.txt -> C:\Users\USER/Documents/Harvested_Data\W11-Vik_USER\2025-02-20_00-41-05\README_6da07473.txt
2025-02-20 00:41:05,570 - INFO - Copied and removed: E:\backup\files\Program Files\Java\jre1.8.0_441\bin\server\Xusage.txt -> C:\Users\USER/Documents/Harvested_Data\W11-Vik_USER\2025-02-20_00-41-05\Xusage_37cf4e6c.txt
2025-02-20 00:41:05,584 - INFO - Copied and removed: E:\backup\files\Program Files\Java\jre1.8.0_441\lib\jvm.hprof.txt -> C:\Users\USER/Documents/Harvested_Data\W11-Vik_USER\2025-02-20_00-41-05\jvm.hprof_b055bf25.txt
2025-02-20 00:41:05,775 - INFO - Copied and removed: E:\backup\files\Program Files\Microsoft Office\root\Office16\lpklegal.txt -> C:\Users\USER/Documents/Harvested_Data\W11-Vik_USER\2025-02-20_00-41-05\lpklegal_04e3bf90.txt
2025-02-20 00:41:05,843 - INFO - Copied and removed: E:\backup\files\Program Files\Microsoft Office\root\Office16\1033\AccessRuntime2019_eula.txt -> C:\Users\USER/Documents/Harvested_Data\W11-Vik_USER\2025-02-20_00-41-05\AccessRuntime2019_eula_0af4b6a3.txt
2025-02-20 00:41:05,864 - INFO - Copied and removed: E:\backup\files\Program Files\Microsoft Office\root\Office16\1033\AccessRuntime2021_eula.txt -> C:\Users\USER/Documents/Harvested_Data\W11-Vik_USER\2025-02-20_00-41-05\AccessRuntime2021_eula_9d3e4b70.txt
2025-02-20 00:41:05,886 - INFO - Copied and removed: E:\backup\files\Program Files\Microsoft Office\root\Office16\1033\AccessRuntime_eula.txt -> C:\Users\USER/Documents/Harvested_Data\W11-Vik_USER\2025-02-20_00-41-05\AccessRuntime_eula_92e45f7f.txt
2025-02-20 00:41:05,907 - INFO - Copied and removed: E:\backup\files\Program Files\Microsoft Office\root\Office16\1033\Client2019_eula.txt -> C:\Users\USER/Documents/Harvested_Data\W11-Vik_USER\2025-02-20_00-41-05\Client2019_eula_118c3967.txt
2025-02-20 00:41:05,927 - INFO - Copied and removed: E:\backup\files\Program Files\Microsoft Office\root\Office16\1033\Client2021_eula.txt -> C:\Users\USER/Documents/Harvested_Data\W11-Vik_USER\2025-02-20_00-41-05\Client2021_eula_225d68f3.txt
2025-02-20 00:41:05,952 - INFO - Copied and removed: E:\backup\files\Program Files\Microsoft Office\root\Office16\1033\client2024_eula.txt -> C:\Users\USER/Documents/Harvested_Data\W11-Vik_USER\2025-02-20_00-41-05\client2024_eula_8eb8e8b5.txt
2025-02-20 00:41:05,979 - INFO - Copied and removed: E:\backup\files\Program Files\Microsoft Office\root\Office16\1033\ClientPreview_eula.txt -> C:\Users\USER/Documents/Harvested_Data\W11-Vik_USER\2025-02-20_00-41-05\ClientPreview_eula_09a0e3f9.txt
2025-02-20 00:41:06,002 - INFO - Copied and removed: E:\backup\files\Program Files\Microsoft Office\root\Office16\1033\ClientSub_eula.txt -> C:\Users\USER/Documents/Harvested_Data\W11-Vik_USER\2025-02-20_00-41-05\ClientSub_eula_f8da1604.txt
2025-02-20 00:41:06,020 - INFO - Copied and removed: E:\backup\files\Program Files\Microsoft Office\root\Office16\1033\ClientSub_M365_eula.txt -> C:\Users\USER/Documents/Harvested_Data\W11-Vik_USER\2025-02-20_00-41-06\ClientSub_M365_eula_64a38e96.txt
2025-02-20 00:41:06,045 - INFO - Copied and removed: E:\backup\files\Program Files\Microsoft Office\root\Office16\1033\client_eula.txt -> C:\Users\USER/Documents/Harvested_Data\W11-Vik_USER\2025-02-20_00-41-06\client_eula_1ccf3568.txt
2025-02-20 00:41:06,080 - INFO - Copied and removed: E:\backup\files\Program Files\Microsoft Office\root\Office16\1033\ExcelNaiveBayesCommandRanker.txt -> C:\Users\USER/Documents/Harvested_Data\W11-Vik_USER\2025-02-20_00-41-06\ExcelNaiveBayesCommandRanker_8541e74e.txt
2025-02-20 00:41:06,103 - INFO - Copied and removed: E:\backup\files\Program Files\Microsoft Office\root\Office16\1033\LyncBasic_Eula.txt -> C:\Users\USER/Documents/Harvested_Data\W11-Vik_USER\2025-02-20_00-41-06\LyncBasic_Eula_4dd8e741.txt
2025-02-20 00:41:06,125 - INFO - Copied and removed: E:\backup\files\Program Files\Microsoft Office\root\Office16\1033\LyncVDI_Eula.txt -> C:\Users\USER/Documents/Harvested_Data\W11-Vik_USER\2025-02-20_00-41-06\LyncVDI_Eula_d7e36c35.txt
2025-02-20 00:41:06,159 - INFO - Copied and removed: E:\backup\files\Program Files\Microsoft Office\root\Office16\1033\PowerPointNaiveBayesCommandRanker.txt -> C:\Users\USER/Documents/Harvested_Data\W11-Vik_USER\2025-02-20_00-41-06\PowerPointNaiveBayesCommandRanker_dce8977e.txt
2025-02-20 00:41:06,177 - INFO - Copied and removed: E:\backup\files\Program Files\Microsoft Office\root\Office16\1033\SkypeForBusinessBasic2019_eula.txt -> C:\Users\USER/Documents/Harvested_Data\W11-Vik_USER\2025-02-20_00-41-06\SkypeForBusinessBasic2019_eula_1c7eb2e2.txt
2025-02-20 00:41:06,198 - INFO - Copied and removed: E:\backup\files\Program Files\Microsoft Office\root\Office16\1033\SkypeForBusinessVDI2019_eula.txt -> C:\Users\USER/Documents/Harvested_Data\W11-Vik_USER\2025-02-20_00-41-06\SkypeForBusinessVDI2019_eula_6932c58b.txt
2025-02-20 00:41:06,216 - INFO - Copied and removed: E:\backup\files\Program Files\Microsoft Office\root\Office16\1033\SkypeForBusinessVDI2021_eula.txt -> C:\Users\USER/Documents/Harvested_Data\W11-Vik_USER\2025-02-20_00-41-06\SkypeForBusinessVDI2021_eula_6932c58b.txt
2025-02-20 00:41:06,235 - INFO - Copied and removed: E:\backup\files\Program Files\Microsoft Office\root\Office16\1033\smb_eula.txt -> C:\Users\USER/Documents/Harvested_Data\W11-Vik_USER\2025-02-20_00-41-06\smb_eula_59118eb5.txt
2025-02-20 00:41:06,254 - INFO - Copied and removed: E:\backup\files\Program Files\Microsoft Office\root\Office16\1033\smb_eula_v2.txt -> C:\Users\USER/Documents/Harvested_Data\W11-Vik_USER\2025-02-20_00-41-06\smb_eula_v2_456e9eff.txt
2025-02-20 00:41:06,294 - INFO - Copied and removed: E:\backup\files\Program Files\Microsoft Office\root\Office16\1033\WordNaiveBayesCommandRanker.txt -> C:\Users\USER/Documents/Harvested_Data\W11-Vik_USER\2025-02-20_00-41-06\WordNaiveBayesCommandRanker_3abe4e9c.txt
2025-02-20 00:41:06,314 - INFO - Copied and removed: E:\backup\files\Program Files\Microsoft Office\root\Office16\ADDINS\EduWorks Data Streamer Add-In\NOTICE.txt -> C:\Users\USER/Documents/Harvested_Data\W11-Vik_USER\2025-02-20_00-41-06\NOTICE_9010d879.txt
2025-02-20 00:41:06,334 - INFO - Copied and removed: E:\backup\files\Program Files\Microsoft Office\root\Office16\AugLoop\third-party-notices.txt -> C:\Users\USER/Documents/Harvested_Data\W11-Vik_USER\2025-02-20_00-41-06\third-party-notices_6bcfb7f5.txt
2025-02-20 00:41:06,350 - INFO - Copied and removed: E:\backup\files\Program Files\Microsoft Office\root\Office16\Configuration\card_expiration_terms_dict.txt -> C:\Users\USER/Documents/Harvested_Data\W11-Vik_USER\2025-02-20_00-41-06\card_expiration_terms_dict_c41032f4.txt
2025-02-20 00:41:06,369 - INFO - Copied and removed: E:\backup\files\Program Files\Microsoft Office\root\Office16\Configuration\card_security_terms_dict.txt -> C:\Users\USER/Documents/Harvested_Data\W11-Vik_USER\2025-02-20_00-41-06\card_security_terms_dict_2292abdc.txt
2025-02-20 00:41:06,389 - INFO - Copied and removed: E:\backup\files\Program Files\Microsoft Office\root\Office16\Configuration\card_terms_dict.txt -> C:\Users\USER/Documents/Harvested_Data\W11-Vik_USER\2025-02-20_00-41-06\card_terms_dict_644d45ec.txt
2025-02-20 00:41:06,409 - INFO - Copied and removed: E:\backup\files\Program Files\Microsoft Office\root\Office16\Configuration\ssn_high_group_info.txt -> C:\Users\USER/Documents/Harvested_Data\W11-Vik_USER\2025-02-20_00-41-06\ssn_high_group_info_53ad5aed.txt
2025-02-20 00:41:06,507 - INFO - Copied and removed: E:\backup\files\Program Files\Microsoft Office\root\Office16\LivePersonaCard\TPN.txt -> C:\Users\USER/Documents/Harvested_Data\W11-Vik_USER\2025-02-20_00-41-06\TPN_29233ac8.txt
2025-02-20 00:41:06,607 - INFO - Copied and removed: E:\backup\files\Program Files\Microsoft Office\root\Office16\LivePersonaCardRollback\TPN.txt -> C:\Users\USER/Documents/Harvested_Data\W11-Vik_USER\2025-02-20_00-41-06\TPN_8ca867a1.txt
2025-02-20 00:41:06,624 - INFO - Copied and removed: E:\backup\files\Program Files\Microsoft Office\root\Office16\msipc\ThirdPartyNotices.txt -> C:\Users\USER/Documents/Harvested_Data\W11-Vik_USER\2025-02-20_00-41-06\ThirdPartyNotices_7b3ae543.txt
2025-02-20 00:41:06,645 - INFO - Copied and removed: E:\backup\files\Program Files\Microsoft Office\root\Office16\sdxs\FA000000018\cardview.win32.bundle.tpn.txt -> C:\Users\USER/Documents/Harvested_Data\W11-Vik_USER\2025-02-20_00-41-06\cardview.win32.bundle.tpn_c833cfbc.txt
2025-02-20 00:41:06,671 - INFO - Copied and removed: E:\backup\files\Program Files\Microsoft Office\root\Office16\sdxs\FA000000063\index.win32.bundle.tpn.txt -> C:\Users\USER/Documents/Harvested_Data\W11-Vik_USER\2025-02-20_00-41-06\index.win32.bundle.tpn_91b803a0.txt
2025-02-20 00:41:06,696 - INFO - Copied and removed: E:\backup\files\Program Files\Microsoft Office\root\Office16\sdxs\FA000000107\index.win32.bundle.tpn.txt -> C:\Users\USER/Documents/Harvested_Data\W11-Vik_USER\2025-02-20_00-41-06\index.win32.bundle.tpn_fb5deadd.txt
2025-02-20 00:41:06,872 - INFO - Copied and removed: E:\backup\files\Program Files\Microsoft Office\root\Office16\sdxs\FA000000132\OfflineFiles\initPyMainUI.js.LICENSE_6a53037ea813b35ec2244c9f98b0e7d6.txt -> C:\Users\USER/Documents/Harvested_Data\W11-Vik_USER\2025-02-20_00-41-06\initPyMainUI.js.LICENSE_6a53037ea813b35ec2244c9f98b0e7d6_e2962350.txt
2025-02-20 00:41:07,055 - INFO - Copied and removed: E:\backup\files\Program Files\Microsoft Office\root\Office16\sdxs\FA000000132\OfflineFiles\pythonEditorMainUI.js.LICENSE_12d87ef992f1064b2aae373422b8194b.txt -> C:\Users\USER/Documents/Harvested_Data\W11-Vik_USER\2025-02-20_00-41-07\pythonEditorMainUI.js.LICENSE_12d87ef992f1064b2aae373422b8194b_d31f922b.txt
2025-02-20 00:41:07,084 - INFO - Copied and removed: E:\backup\files\Program Files\Microsoft Office\root\Office16\sdxs\FA000000135\privacy-sdx.win32.bundle.tpn.txt -> C:\Users\USER/Documents/Harvested_Data\W11-Vik_USER\2025-02-20_00-41-07\privacy-sdx.win32.bundle.tpn_4e39bdd1.txt
2025-02-20 00:41:07,104 - INFO - Copied and removed: E:\backup\files\Program Files\Microsoft Office\root\Office16\sdxs\FA000000139\WordCopilot.tpn.txt -> C:\Users\USER/Documents/Harvested_Data\W11-Vik_USER\2025-02-20_00-41-07\WordCopilot.tpn_0ed88c12.txt
2025-02-20 00:41:07,125 - INFO - Copied and removed: E:\backup\files\Program Files\Microsoft Office\root\Office16\sdxs\FA000000140\ExcelCopilot.tpn.txt -> C:\Users\USER/Documents/Harvested_Data\W11-Vik_USER\2025-02-20_00-41-07\ExcelCopilot.tpn_102d7aa9.txt
2025-02-20 00:41:07,147 - INFO - Copied and removed: E:\backup\files\Program Files\Microsoft Office\root\Office16\sdxs\FA000000141\PPTCopilot.tpn.txt -> C:\Users\USER/Documents/Harvested_Data\W11-Vik_USER\2025-02-20_00-41-07\PPTCopilot.tpn_256918a6.txt
2025-02-20 00:41:07,173 - INFO - Copied and removed: E:\backup\files\Program Files\Microsoft Office\root\Office16\sdxs\FA000000142\OneNoteCopilot.tpn.txt -> C:\Users\USER/Documents/Harvested_Data\W11-Vik_USER\2025-02-20_00-41-07\OneNoteCopilot.tpn_256918a6.txt
2025-02-20 00:41:07,196 - INFO - Copied and removed: E:\backup\files\Program Files\Microsoft Office\root\Office16\sdxs\FA000000148\ONCanvasComponents.tpn.txt -> C:\Users\USER/Documents/Harvested_Data\W11-Vik_USER\2025-02-20_00-41-07\ONCanvasComponents.tpn_81158494.txt
2025-02-20 00:41:07,215 - INFO - Copied and removed: E:\backup\files\Program Files\Microsoft Office\root\Office16\sdxs\FA000000166\OutlookCopilot.tpn.txt -> C:\Users\USER/Documents/Harvested_Data\W11-Vik_USER\2025-02-20_00-41-07\OutlookCopilot.tpn_92afe5f9.txt
2025-02-20 00:41:07,321 - INFO - Copied and removed: E:\backup\files\Program Files\Microsoft Office\root\vfs\ProgramFilesCommonX64\Microsoft Shared\Smart Tag\METCONV.TXT -> C:\Users\USER/Documents/Harvested_Data\W11-Vik_USER\2025-02-20_00-41-07\METCONV_2735d96b.TXT
2025-02-20 00:41:07,351 - INFO - Copied and removed: E:\backup\files\Program Files\Microsoft OneDrive\25.010.0119.0002\ThirdPartyNotices.txt -> C:\Users\USER/Documents/Harvested_Data\W11-Vik_USER\2025-02-20_00-41-07\ThirdPartyNotices_d2d82eb4.txt
2025-02-20 00:41:07,396 - INFO - Copied and removed: E:\backup\files\Program Files\Microsoft OneDrive\setup\logs\Install-PerMachine_2025-02-13_103035_21544-11236.log -> C:\Users\USER/Documents/Harvested_Data\W11-Vik_USER\2025-02-20_00-41-07\Install-PerMachine_2025-02-13_103035_21544-11236_d52b5de2.log
2025-02-20 00:41:07,417 - INFO - Copied and removed: E:\backup\files\Program Files\Microsoft OneDrive\setup\logs\Install_2025-02-13_103035_7744-8636.log -> C:\Users\USER/Documents/Harvested_Data\W11-Vik_USER\2025-02-20_00-41-07\Install_2025-02-13_103035_7744-8636_95714629.log
2025-02-20 00:41:07,444 - INFO - Copied and removed: E:\backup\files\Program Files\Microsoft OneDrive\setup\logs\StandaloneUpdate_2025-02-14_112031_5952-15864.log -> C:\Users\USER/Documents/Harvested_Data\W11-Vik_USER\2025-02-20_00-41-07\StandaloneUpdate_2025-02-14_112031_5952-15864_f1432496.log
2025-02-20 00:41:07,471 - INFO - Copied and removed: E:\backup\files\Program Files\Microsoft OneDrive\setup\logs\StandaloneUpdate_2025-02-16_173915_6764-3164.log -> C:\Users\USER/Documents/Harvested_Data\W11-Vik_USER\2025-02-20_00-41-07\StandaloneUpdate_2025-02-16_173915_6764-3164_5c0d5711.log
2025-02-20 00:41:07,500 - INFO - Copied and removed: E:\backup\files\Program Files\Microsoft OneDrive\setup\logs\StandaloneUpdate_2025-02-17_125229_10056-6088.log -> C:\Users\USER/Documents/Harvested_Data\W11-Vik_USER\2025-02-20_00-41-07\StandaloneUpdate_2025-02-17_125229_10056-6088_f88988d8.log
2025-02-20 00:41:07,531 - INFO - Copied and removed: E:\backup\files\Program Files\Microsoft OneDrive\setup\logs\StandaloneUpdate_2025-02-18_114114_16720-2384.log -> C:\Users\USER/Documents/Harvested_Data\W11-Vik_USER\2025-02-20_00-41-07\StandaloneUpdate_2025-02-18_114114_16720-2384_738bd4a7.log
2025-02-20 00:41:07,554 - INFO - Copied and removed: E:\backup\files\Program Files\mingw64\build-info.txt -> C:\Users\USER/Documents/Harvested_Data\W11-Vik_USER\2025-02-20_00-41-07\build-info_8d5ab0c0.txt
2025-02-20 00:41:07,575 - INFO - Copied and removed: E:\backup\files\Program Files\mingw64\licenses\mingw-w64\COPYING.MinGW-w64-runtime.txt -> C:\Users\USER/Documents/Harvested_Data\W11-Vik_USER\2025-02-20_00-41-07\COPYING.MinGW-w64-runtime_e7a33fd8.txt
2025-02-20 00:41:07,597 - INFO - Copied and removed: E:\backup\files\Program Files\mingw64\licenses\mingw-w64\COPYING.MinGW-w64.txt -> C:\Users\USER/Documents/Harvested_Data\W11-Vik_USER\2025-02-20_00-41-07\COPYING.MinGW-w64_8b5b2c7c.txt
2025-02-20 00:41:07,621 - INFO - Copied and removed: E:\backup\files\Program Files\mingw64\licenses\openssl\LICENSE.txt -> C:\Users\USER/Documents/Harvested_Data\W11-Vik_USER\2025-02-20_00-41-07\LICENSE_ed72ce2b.txt
2025-02-20 00:41:07,644 - INFO - Copied and removed: E:\backup\files\Program Files\mingw64\licenses\python\LICENSE.txt -> C:\Users\USER/Documents/Harvested_Data\W11-Vik_USER\2025-02-20_00-41-07\LICENSE_a4719580.txt
2025-02-20 00:41:07,662 - INFO - Copied and removed: E:\backup\files\Program Files\mingw64\licenses\xz\COPYING.txt -> C:\Users\USER/Documents/Harvested_Data\W11-Vik_USER\2025-02-20_00-41-07\COPYING_54eacb8b.txt
2025-02-20 00:41:07,681 - INFO - Copied and removed: E:\backup\files\Program Files\mingw64\licenses\zlib\copying.txt -> C:\Users\USER/Documents/Harvested_Data\W11-Vik_USER\2025-02-20_00-41-07\copying_4d16061f.txt
2025-02-20 00:41:07,701 - INFO - Copied and removed: E:\backup\files\Program Files\mingw64\opt\lib\python3.11\LICENSE.txt -> C:\Users\USER/Documents/Harvested_Data\W11-Vik_USER\2025-02-20_00-41-07\LICENSE_3b2f81fe.txt
2025-02-20 00:41:07,719 - INFO - Copied and removed: E:\backup\files\Program Files\mingw64\opt\lib\python3.11\idlelib\CREDITS.txt -> C:\Users\USER/Documents/Harvested_Data\W11-Vik_USER\2025-02-20_00-41-07\CREDITS_33e6a360.txt
2025-02-20 00:41:07,736 - INFO - Copied and removed: E:\backup\files\Program Files\mingw64\opt\lib\python3.11\idlelib\extend.txt -> C:\Users\USER/Documents/Harvested_Data\W11-Vik_USER\2025-02-20_00-41-07\extend_5bceaf66.txt
2025-02-20 00:41:07,762 - INFO - Copied and removed: E:\backup\files\Program Files\mingw64\opt\lib\python3.11\idlelib\HISTORY.txt -> C:\Users\USER/Documents/Harvested_Data\W11-Vik_USER\2025-02-20_00-41-07\HISTORY_531067a7.txt
2025-02-20 00:41:07,791 - INFO - Copied and removed: E:\backup\files\Program Files\mingw64\opt\lib\python3.11\idlelib\NEWS.txt -> C:\Users\USER/Documents/Harvested_Data\W11-Vik_USER\2025-02-20_00-41-07\NEWS_428bc877.txt
2025-02-20 00:41:07,820 - INFO - Copied and removed: E:\backup\files\Program Files\mingw64\opt\lib\python3.11\idlelib\NEWS2x.txt -> C:\Users\USER/Documents/Harvested_Data\W11-Vik_USER\2025-02-20_00-41-07\NEWS2x_c89a3b51.txt
2025-02-20 00:41:07,845 - INFO - Copied and removed: E:\backup\files\Program Files\mingw64\opt\lib\python3.11\idlelib\README.txt -> C:\Users\USER/Documents/Harvested_Data\W11-Vik_USER\2025-02-20_00-41-07\README_4f2dc8ff.txt
2025-02-20 00:41:07,869 - INFO - Copied and removed: E:\backup\files\Program Files\mingw64\opt\lib\python3.11\idlelib\TODO.txt -> C:\Users\USER/Documents/Harvested_Data\W11-Vik_USER\2025-02-20_00-41-07\TODO_f88e0fb3.txt
2025-02-20 00:41:07,887 - INFO - Copied and removed: E:\backup\files\Program Files\mingw64\opt\lib\python3.11\idlelib\idle_test\README.txt -> C:\Users\USER/Documents/Harvested_Data\W11-Vik_USER\2025-02-20_00-41-07\README_94cca8aa.txt
2025-02-20 00:41:07,913 - INFO - Copied and removed: E:\backup\files\Program Files\mingw64\opt\lib\python3.11\lib2to3\Grammar.txt -> C:\Users\USER/Documents/Harvested_Data\W11-Vik_USER\2025-02-20_00-41-07\Grammar_508e62e7.txt
2025-02-20 00:41:07,943 - INFO - Copied and removed: E:\backup\files\Program Files\mingw64\opt\lib\python3.11\test\cmath_testcases.txt -> C:\Users\USER/Documents/Harvested_Data\W11-Vik_USER\2025-02-20_00-41-07\cmath_testcases_3abf78b5.txt
2025-02-20 00:41:07,963 - INFO - Copied and removed: E:\backup\files\Program Files\mingw64\opt\lib\python3.11\test\exception_hierarchy.txt -> C:\Users\USER/Documents/Harvested_Data\W11-Vik_USER\2025-02-20_00-41-07\exception_hierarchy_aaa8e091.txt
2025-02-20 00:41:08,035 - INFO - Copied and removed: E:\backup\files\Program Files\mingw64\opt\lib\python3.11\test\floating_points.txt -> C:\Users\USER/Documents/Harvested_Data\W11-Vik_USER\2025-02-20_00-41-07\floating_points_9f6ff59d.txt
2025-02-20 00:41:08,055 - INFO - Copied and removed: E:\backup\files\Program Files\mingw64\opt\lib\python3.11\test\formatfloat_testcases.txt -> C:\Users\USER/Documents/Harvested_Data\W11-Vik_USER\2025-02-20_00-41-08\formatfloat_testcases_220712cf.txt
2025-02-20 00:41:08,077 - INFO - Copied and removed: E:\backup\files\Program Files\mingw64\opt\lib\python3.11\test\ieee754.txt -> C:\Users\USER/Documents/Harvested_Data\W11-Vik_USER\2025-02-20_00-41-08\ieee754_1e7ad681.txt
2025-02-20 00:41:08,094 - INFO - Copied and removed: E:\backup\files\Program Files\mingw64\opt\lib\python3.11\test\mailcap.txt -> C:\Users\USER/Documents/Harvested_Data\W11-Vik_USER\2025-02-20_00-41-08\mailcap_984b7715.txt
2025-02-20 00:41:08,119 - INFO - Copied and removed: E:\backup\files\Program Files\mingw64\opt\lib\python3.11\test\math_testcases.txt -> C:\Users\USER/Documents/Harvested_Data\W11-Vik_USER\2025-02-20_00-41-08\math_testcases_bb3a7ccb.txt
2025-02-20 00:41:08,137 - INFO - Copied and removed: E:\backup\files\Program Files\mingw64\opt\lib\python3.11\test\cjkencodings\euc_jisx0213-utf8.txt -> C:\Users\USER/Documents/Harvested_Data\W11-Vik_USER\2025-02-20_00-41-08\euc_jisx0213-utf8_21cb0110.txt
2025-02-20 00:41:08,155 - INFO - Copied and removed: E:\backup\files\Program Files\mingw64\opt\lib\python3.11\test\cjkencodings\euc_jp-utf8.txt -> C:\Users\USER/Documents/Harvested_Data\W11-Vik_USER\2025-02-20_00-41-08\euc_jp-utf8_a6bbfb8e.txt
2025-02-20 00:41:08,170 - INFO - Copied and removed: E:\backup\files\Program Files\mingw64\opt\lib\python3.11\test\cjkencodings\gb18030-utf8.txt -> C:\Users\USER/Documents/Harvested_Data\W11-Vik_USER\2025-02-20_00-41-08\gb18030-utf8_97d18ce1.txt
2025-02-20 00:41:08,184 - INFO - Copied and removed: E:\backup\files\Program Files\mingw64\opt\lib\python3.11\test\cjkencodings\gbk-utf8.txt -> C:\Users\USER/Documents/Harvested_Data\W11-Vik_USER\2025-02-20_00-41-08\gbk-utf8_47112543.txt
2025-02-20 00:41:08,192 - INFO - Copied and removed: E:\backup\files\Program Files\mingw64\opt\lib\python3.11\test\cjkencodings\iso2022_jp-utf8.txt -> C:\Users\USER/Documents/Harvested_Data\W11-Vik_USER\2025-02-20_00-41-08\iso2022_jp-utf8_a6bbfb8e.txt
2025-02-20 00:41:08,199 - INFO - Copied and removed: E:\backup\files\Program Files\mingw64\opt\lib\python3.11\test\cjkencodings\shift_jis-utf8.txt -> C:\Users\USER/Documents/Harvested_Data\W11-Vik_USER\2025-02-20_00-41-08\shift_jis-utf8_a6bbfb8e.txt
2025-02-20 00:41:08,207 - INFO - Copied and removed: E:\backup\files\Program Files\mingw64\opt\lib\python3.11\test\cjkencodings\shift_jisx0213-utf8.txt -> C:\Users\USER/Documents/Harvested_Data\W11-Vik_USER\2025-02-20_00-41-08\shift_jisx0213-utf8_21cb0110.txt
2025-02-20 00:41:08,229 - INFO - Copied and removed: E:\backup\files\Program Files\mingw64\opt\lib\python3.11\test\leakers\README.txt -> C:\Users\USER/Documents/Harvested_Data\W11-Vik_USER\2025-02-20_00-41-08\README_7bfaad5e.txt
2025-02-20 00:41:08,247 - INFO - Copied and removed: E:\backup\files\Program Files\mingw64\opt\lib\python3.11\test\test_email\data\msg_02.txt -> C:\Users\USER/Documents/Harvested_Data\W11-Vik_USER\2025-02-20_00-41-08\msg_02_05d5e533.txt
2025-02-20 00:41:08,262 - INFO - Copied and removed: E:\backup\files\Program Files\mingw64\opt\lib\python3.11\test\test_email\data\msg_06.txt -> C:\Users\USER/Documents/Harvested_Data\W11-Vik_USER\2025-02-20_00-41-08\msg_06_0c4e8456.txt
2025-02-20 00:41:08,277 - INFO - Copied and removed: E:\backup\files\Program Files\mingw64\opt\lib\python3.11\test\test_email\data\msg_07.txt -> C:\Users\USER/Documents/Harvested_Data\W11-Vik_USER\2025-02-20_00-41-08\msg_07_8358092b.txt
2025-02-20 00:41:08,292 - INFO - Copied and removed: E:\backup\files\Program Files\mingw64\opt\lib\python3.11\test\test_email\data\msg_13.txt -> C:\Users\USER/Documents/Harvested_Data\W11-Vik_USER\2025-02-20_00-41-08\msg_13_6538070d.txt
2025-02-20 00:41:08,309 - INFO - Copied and removed: E:\backup\files\Program Files\mingw64\opt\lib\python3.11\test\test_email\data\msg_15.txt -> C:\Users\USER/Documents/Harvested_Data\W11-Vik_USER\2025-02-20_00-41-08\msg_15_8f1c4f13.txt
2025-02-20 00:41:08,326 - INFO - Copied and removed: E:\backup\files\Program Files\mingw64\opt\lib\python3.11\test\test_email\data\msg_16.txt -> C:\Users\USER/Documents/Harvested_Data\W11-Vik_USER\2025-02-20_00-41-08\msg_16_fbb4ae9e.txt
2025-02-20 00:41:08,343 - INFO - Copied and removed: E:\backup\files\Program Files\mingw64\opt\lib\python3.11\test\test_email\data\msg_22.txt -> C:\Users\USER/Documents/Harvested_Data\W11-Vik_USER\2025-02-20_00-41-08\msg_22_4367f6ef.txt
2025-02-20 00:41:08,364 - INFO - Copied and removed: E:\backup\files\Program Files\mingw64\opt\lib\python3.11\test\test_email\data\msg_25.txt -> C:\Users\USER/Documents/Harvested_Data\W11-Vik_USER\2025-02-20_00-41-08\msg_25_b6cbf713.txt
2025-02-20 00:41:08,378 - INFO - Copied and removed: E:\backup\files\Program Files\mingw64\opt\lib\python3.11\test\test_email\data\msg_26.txt -> C:\Users\USER/Documents/Harvested_Data\W11-Vik_USER\2025-02-20_00-41-08\msg_26_46c391e2.txt
2025-02-20 00:41:08,394 - INFO - Copied and removed: E:\backup\files\Program Files\mingw64\opt\lib\python3.11\test\test_email\data\msg_38.txt -> C:\Users\USER/Documents/Harvested_Data\W11-Vik_USER\2025-02-20_00-41-08\msg_38_0107d318.txt
2025-02-20 00:41:08,409 - INFO - Copied and removed: E:\backup\files\Program Files\mingw64\opt\lib\python3.11\test\test_email\data\msg_39.txt -> C:\Users\USER/Documents/Harvested_Data\W11-Vik_USER\2025-02-20_00-41-08\msg_39_5b3f5e5e.txt
2025-02-20 00:41:08,428 - INFO - Copied and removed: E:\backup\files\Program Files\mingw64\opt\lib\python3.11\test\test_email\data\msg_43.txt -> C:\Users\USER/Documents/Harvested_Data\W11-Vik_USER\2025-02-20_00-41-08\msg_43_045797ff.txt
2025-02-20 00:41:08,449 - INFO - Copied and removed: E:\backup\files\Program Files\mingw64\opt\lib\python3.11\test\tokenizedata\tokenize_tests.txt -> C:\Users\USER/Documents/Harvested_Data\W11-Vik_USER\2025-02-20_00-41-08\tokenize_tests_c3bffa36.txt
2025-02-20 00:41:08,473 - INFO - Copied and removed: E:\backup\files\Program Files\mingw64\opt\share\doc\xz\faq.txt -> C:\Users\USER/Documents/Harvested_Data\W11-Vik_USER\2025-02-20_00-41-08\faq_97ea64c7.txt
2025-02-20 00:41:08,495 - INFO - Copied and removed: E:\backup\files\Program Files\mingw64\opt\share\doc\xz\history.txt -> C:\Users\USER/Documents/Harvested_Data\W11-Vik_USER\2025-02-20_00-41-08\history_9d6a0a72.txt
2025-02-20 00:41:08,516 - INFO - Copied and removed: E:\backup\files\Program Files\mingw64\opt\share\doc\xz\lzma-file-format.txt -> C:\Users\USER/Documents/Harvested_Data\W11-Vik_USER\2025-02-20_00-41-08\lzma-file-format_beda7e97.txt
2025-02-20 00:41:08,541 - INFO - Copied and removed: E:\backup\files\Program Files\mingw64\opt\share\doc\xz\xz-file-format.txt -> C:\Users\USER/Documents/Harvested_Data\W11-Vik_USER\2025-02-20_00-41-08\xz-file-format_5bc5f117.txt
2025-02-20 00:41:08,557 - INFO - Copied and removed: E:\backup\files\Program Files\mingw64\opt\share\doc\xz\examples\00_README.txt -> C:\Users\USER/Documents/Harvested_Data\W11-Vik_USER\2025-02-20_00-41-08\00_README_f0ddaa73.txt
2025-02-20 00:41:08,582 - INFO - Copied and removed: E:\backup\files\Program Files\NVIDIA Corporation\FrameViewSDK\EULA.txt -> C:\Users\USER/Documents/Harvested_Data\W11-Vik_USER\2025-02-20_00-41-08\EULA_69798f4b.txt
2025-02-20 00:41:08,599 - INFO - Copied and removed: E:\backup\files\Program Files\NVIDIA Corporation\FrameViewSDK\ExcludeList.txt -> C:\Users\USER/Documents/Harvested_Data\W11-Vik_USER\2025-02-20_00-41-08\ExcludeList_ff3f9ca5.txt
2025-02-20 00:41:08,616 - INFO - Copied and removed: E:\backup\files\Program Files\NVIDIA Corporation\FrameViewSDK\FrameView SDK License (3Sept2020).docx -> C:\Users\USER/Documents/Harvested_Data\W11-Vik_USER\2025-02-20_00-41-08\FrameView SDK License (3Sept2020)_7d51b06a.docx
2025-02-20 00:41:08,637 - INFO - Copied and removed: E:\backup\files\Program Files\NVIDIA Corporation\FrameViewSDK\README.txt -> C:\Users\USER/Documents/Harvested_Data\W11-Vik_USER\2025-02-20_00-41-08\README_ea5b6906.txt
2025-02-20 00:41:08,661 - INFO - Copied and removed: E:\backup\files\Program Files\NVIDIA Corporation\FrameViewSDK\licenses\LICENSES.txt -> C:\Users\USER/Documents/Harvested_Data\W11-Vik_USER\2025-02-20_00-41-08\LICENSES_14b76dcf.txt
2025-02-20 00:41:08,684 - INFO - Copied and removed: E:\backup\files\Program Files\NVIDIA Corporation\Installer2\installer.{16290A97-B4F9-464B-9BD0-0608D2D67216}\EULA.txt -> C:\Users\USER/Documents/Harvested_Data\W11-Vik_USER\2025-02-20_00-41-08\EULA_1b1c5385.txt
2025-02-20 00:41:08,702 - INFO - Copied and removed: E:\backup\files\Program Files\NVIDIA Corporation\Installer2\installer.{5B13D802-2477-4043-9947-A5E0D4959CB4}\NvApp\EULA.txt -> C:\Users\USER/Documents/Harvested_Data\W11-Vik_USER\2025-02-20_00-41-08\EULA_d73b0794.txt
2025-02-20 00:41:08,724 - INFO - Copied and removed: E:\backup\files\Program Files\NVIDIA Corporation\Installer2\installer.{CC03D7B1-9F61-47A3-A21B-3DDE53493015}\EULA.txt -> C:\Users\USER/Documents/Harvested_Data\W11-Vik_USER\2025-02-20_00-41-08\EULA_1b1c5385.txt
2025-02-20 00:41:08,741 - INFO - Copied and removed: E:\backup\files\Program Files\NVIDIA Corporation\NVIDIA app\FunctionalConsent_ar-SA.txt -> C:\Users\USER/Documents/Harvested_Data\W11-Vik_USER\2025-02-20_00-41-08\FunctionalConsent_ar-SA_b434f33d.txt
2025-02-20 00:41:08,763 - INFO - Copied and removed: E:\backup\files\Program Files\NVIDIA Corporation\NVIDIA app\FunctionalConsent_he-IL.txt -> C:\Users\USER/Documents/Harvested_Data\W11-Vik_USER\2025-02-20_00-41-08\FunctionalConsent_he-IL_8a275363.txt
2025-02-20 00:41:08,789 - INFO - Copied and removed: E:\backup\files\Program Files\NVIDIA Corporation\NVIDIA app\license.txt -> C:\Users\USER/Documents/Harvested_Data\W11-Vik_USER\2025-02-20_00-41-08\license_7d102561.txt
2025-02-20 00:41:08,819 - INFO - Copied and removed: E:\backup\files\Program Files\NVIDIA Corporation\NVIDIA app\osc\3rdpartylicenses.txt -> C:\Users\USER/Documents/Harvested_Data\W11-Vik_USER\2025-02-20_00-41-08\3rdpartylicenses_35fb77b5.txt
2025-02-20 00:41:08,848 - INFO - Copied and removed: E:\backup\files\Program Files\NVIDIA Corporation\NVIDIA app\www\3rdpartylicenses.txt -> C:\Users\USER/Documents/Harvested_Data\W11-Vik_USER\2025-02-20_00-41-08\3rdpartylicenses_49bc9701.txt
2025-02-20 00:41:08,873 - INFO - Copied and removed: E:\backup\files\Program Files\NVIDIA Corporation\NVIDIA app\www\assets\main\eula\EULA.txt -> C:\Users\USER/Documents/Harvested_Data\W11-Vik_USER\2025-02-20_00-41-08\EULA_d73b0794.txt
2025-02-20 00:41:08,892 - INFO - Copied and removed: E:\backup\files\Program Files\NVIDIA Corporation\NVIDIA app\www\assets\main\eula\FunctionalConsent_el-GR.txt -> C:\Users\USER/Documents/Harvested_Data\W11-Vik_USER\2025-02-20_00-41-08\FunctionalConsent_el-GR_820d733f.txt
2025-02-20 00:41:08,912 - INFO - Copied and removed: E:\backup\files\Program Files\NVIDIA Corporation\NVIDIA app\www\assets\main\eula\FunctionalConsent_fr-FR.txt -> C:\Users\USER/Documents/Harvested_Data\W11-Vik_USER\2025-02-20_00-41-08\FunctionalConsent_fr-FR_65ece344.txt
2025-02-20 00:41:08,936 - INFO - Copied and removed: E:\backup\files\Program Files\NVIDIA Corporation\NVIDIA app\www\assets\main\eula\FunctionalConsent_ja-JP.txt -> C:\Users\USER/Documents/Harvested_Data\W11-Vik_USER\2025-02-20_00-41-08\FunctionalConsent_ja-JP_acf36f95.txt
2025-02-20 00:41:08,957 - INFO - Copied and removed: E:\backup\files\Program Files\NVIDIA Corporation\NVIDIA app\www\assets\main\eula\FunctionalConsent_ru-RU.txt -> C:\Users\USER/Documents/Harvested_Data\W11-Vik_USER\2025-02-20_00-41-08\FunctionalConsent_ru-RU_32416033.txt
2025-02-20 00:41:08,979 - INFO - Copied and removed: E:\backup\files\Program Files\NVIDIA Corporation\NVIDIA app\www\assets\main\eula\FunctionalConsent_th-TH.txt -> C:\Users\USER/Documents/Harvested_Data\W11-Vik_USER\2025-02-20_00-41-08\FunctionalConsent_th-TH_5fbe3572.txt
2025-02-20 00:41:09,026 - INFO - Copied and removed: E:\backup\files\Program Files\NVIDIA Corporation\NVIDIA app\www\assets\main\eula\FunctionalConsent_uk-UA.txt -> C:\Users\USER/Documents/Harvested_Data\W11-Vik_USER\2025-02-20_00-41-09\FunctionalConsent_uk-UA_0c337640.txt
2025-02-20 00:41:09,042 - INFO - Copied and removed: E:\backup\files\Program Files\Obsidian\LICENSE.electron.txt -> C:\Users\USER/Documents/Harvested_Data\W11-Vik_USER\2025-02-20_00-41-09\LICENSE.electron_5154e165.txt
2025-02-20 00:41:09,060 - INFO - Copied and removed: E:\backup\files\Program Files\PowerShell\7\LICENSE.txt -> C:\Users\USER/Documents/Harvested_Data\W11-Vik_USER\2025-02-20_00-41-09\LICENSE_296604f1.txt
2025-02-20 00:41:09,092 - INFO - Copied and removed: E:\backup\files\Program Files\PowerShell\7\ThirdPartyNotices.txt -> C:\Users\USER/Documents/Harvested_Data\W11-Vik_USER\2025-02-20_00-41-09\ThirdPartyNotices_b5cb4595.txt
2025-02-20 00:41:09,124 - INFO - Copied and removed: E:\backup\files\Program Files\PowerShell\7\en-US\default.help.txt -> C:\Users\USER/Documents/Harvested_Data\W11-Vik_USER\2025-02-20_00-41-09\default.help_5ad33ad1.txt
2025-02-20 00:41:09,153 - INFO - Copied and removed: E:\backup\files\Program Files\PowerShell\7\Modules\Microsoft.PowerShell.PSResourceGet\Notice.txt -> C:\Users\USER/Documents/Harvested_Data\W11-Vik_USER\2025-02-20_00-41-09\Notice_cb3714c1.txt
2025-02-20 00:41:09,228 - INFO - Copied and removed: E:\backup\files\Program Files\PowerShell\7\Modules\PSReadLine\Changes.txt -> C:\Users\USER/Documents/Harvested_Data\W11-Vik_USER\2025-02-20_00-41-09\Changes_aae66716.txt
2025-02-20 00:41:09,242 - INFO - Copied and removed: E:\backup\files\Program Files\PowerShell\7\Modules\PSReadLine\License.txt -> C:\Users\USER/Documents/Harvested_Data\W11-Vik_USER\2025-02-20_00-41-09\License_25c2fdfc.txt
2025-02-20 00:41:09,282 - INFO - Copied and removed: E:\backup\files\Program Files\Proton\VPN\Install.log.txt -> C:\Users\USER/Documents/Harvested_Data\W11-Vik_USER\2025-02-20_00-41-09\Install.log_a03006ac.txt
2025-02-20 00:41:09,314 - INFO - Copied and removed: E:\backup\files\Program Files\Proton\VPN\v3.5.2\ServiceData\Logs\service-logs.txt -> C:\Users\USER/Documents/Harvested_Data\W11-Vik_USER\2025-02-20_00-41-09\service-logs_173a77b0.txt
2025-02-20 00:41:09,328 - INFO - Copied and removed: E:\backup\files\Program Files\Riot Vanguard\Logs\vgc_20076_2025-02-06_22-05-45.log -> C:\Users\USER/Documents/Harvested_Data\W11-Vik_USER\2025-02-20_00-41-09\vgc_20076_2025-02-06_22-05-45_ff26e1e0.log
2025-02-20 00:41:09,340 - INFO - Copied and removed: E:\backup\files\Program Files\Riot Vanguard\Logs\vgc_21008_2025-02-06_23-19-47.log -> C:\Users\USER/Documents/Harvested_Data\W11-Vik_USER\2025-02-20_00-41-09\vgc_21008_2025-02-06_23-19-47_6f039637.log
2025-02-20 00:41:09,352 - INFO - Copied and removed: E:\backup\files\Program Files\Riot Vanguard\Logs\vgc_22568_2025-02-06_03-23-18.log -> C:\Users\USER/Documents/Harvested_Data\W11-Vik_USER\2025-02-20_00-41-09\vgc_22568_2025-02-06_03-23-18_117e1d09.log
2025-02-20 00:41:09,364 - INFO - Copied and removed: E:\backup\files\Program Files\Riot Vanguard\Logs\vgc_2840_2025-02-11_22-58-10.log -> C:\Users\USER/Documents/Harvested_Data\W11-Vik_USER\2025-02-20_00-41-09\vgc_2840_2025-02-11_22-58-10_f180e5d4.log
2025-02-20 00:41:09,376 - INFO - Copied and removed: E:\backup\files\Program Files\Riot Vanguard\Logs\vgc_5932_2025-02-11_23-00-34.log -> C:\Users\USER/Documents/Harvested_Data\W11-Vik_USER\2025-02-20_00-41-09\vgc_5932_2025-02-11_23-00-34_2e48cf5d.log
2025-02-20 00:41:09,390 - INFO - Copied and removed: E:\backup\files\Program Files\Riot Vanguard\Logs\vgc_7284_2025-02-17_21-55-36.log -> C:\Users\USER/Documents/Harvested_Data\W11-Vik_USER\2025-02-20_00-41-09\vgc_7284_2025-02-17_21-55-36_43567c7d.log
2025-02-20 00:41:09,404 - INFO - Copied and removed: E:\backup\files\Program Files\Riot Vanguard\Logs\vgk_2025-02-06_03-25-08.log -> C:\Users\USER/Documents/Harvested_Data\W11-Vik_USER\2025-02-20_00-41-09\vgk_2025-02-06_03-25-08_71139349.log
2025-02-20 00:41:09,416 - INFO - Copied and removed: E:\backup\files\Program Files\Riot Vanguard\Logs\vgk_2025-02-06_04-53-32.log -> C:\Users\USER/Documents/Harvested_Data\W11-Vik_USER\2025-02-20_00-41-09\vgk_2025-02-06_04-53-32_9f5bb970.log
2025-02-20 00:41:09,476 - INFO - Copied and removed: E:\backup\files\Program Files\Riot Vanguard\Logs\vgk_2025-02-06_05-20-46.log -> C:\Users\USER/Documents/Harvested_Data\W11-Vik_USER\2025-02-20_00-41-09\vgk_2025-02-06_05-20-46_cf4b1061.log
2025-02-20 00:41:09,489 - INFO - Copied and removed: E:\backup\files\Program Files\Riot Vanguard\Logs\vgk_2025-02-06_05-22-16.log -> C:\Users\USER/Documents/Harvested_Data\W11-Vik_USER\2025-02-20_00-41-09\vgk_2025-02-06_05-22-16_fc6a4b22.log
2025-02-20 00:41:09,507 - INFO - Copied and removed: E:\backup\files\Program Files\Riot Vanguard\Logs\vgk_2025-02-06_17-42-41.log -> C:\Users\USER/Documents/Harvested_Data\W11-Vik_USER\2025-02-20_00-41-09\vgk_2025-02-06_17-42-41_b374d288.log
2025-02-20 00:41:09,523 - INFO - Copied and removed: E:\backup\files\Program Files\Riot Vanguard\Logs\vgk_2025-02-07_10-24-19.log -> C:\Users\USER/Documents/Harvested_Data\W11-Vik_USER\2025-02-20_00-41-09\vgk_2025-02-07_10-24-19_d1cb033f.log
2025-02-20 00:41:09,536 - INFO - Copied and removed: E:\backup\files\Program Files\Riot Vanguard\Logs\vgk_2025-02-07_10-37-23.log -> C:\Users\USER/Documents/Harvested_Data\W11-Vik_USER\2025-02-20_00-41-09\vgk_2025-02-07_10-37-23_470fd9d3.log
2025-02-20 00:41:09,550 - INFO - Copied and removed: E:\backup\files\Program Files\Riot Vanguard\Logs\vgk_2025-02-08_12-22-50.log -> C:\Users\USER/Documents/Harvested_Data\W11-Vik_USER\2025-02-20_00-41-09\vgk_2025-02-08_12-22-50_ca483208.log
2025-02-20 00:41:09,565 - INFO - Copied and removed: E:\backup\files\Program Files\Riot Vanguard\Logs\vgk_2025-02-09_13-01-45.log -> C:\Users\USER/Documents/Harvested_Data\W11-Vik_USER\2025-02-20_00-41-09\vgk_2025-02-09_13-01-45_fde571f1.log
2025-02-20 00:41:09,578 - INFO - Copied and removed: E:\backup\files\Program Files\Riot Vanguard\Logs\vgk_2025-02-10_08-59-57.log -> C:\Users\USER/Documents/Harvested_Data\W11-Vik_USER\2025-02-20_00-41-09\vgk_2025-02-10_08-59-57_5e8ac609.log
2025-02-20 00:41:09,598 - INFO - Copied and removed: E:\backup\files\Program Files\Riot Vanguard\Logs\vgk_2025-02-10_13-42-47.log -> C:\Users\USER/Documents/Harvested_Data\W11-Vik_USER\2025-02-20_00-41-09\vgk_2025-02-10_13-42-47_f938d34d.log
2025-02-20 00:41:09,611 - INFO - Copied and removed: E:\backup\files\Program Files\Riot Vanguard\Logs\vgk_2025-02-11_10-12-59.log -> C:\Users\USER/Documents/Harvested_Data\W11-Vik_USER\2025-02-20_00-41-09\vgk_2025-02-11_10-12-59_6420c2e7.log
2025-02-20 00:41:09,624 - INFO - Copied and removed: E:\backup\files\Program Files\Riot Vanguard\Logs\vgk_2025-02-11_10-41-08.log -> C:\Users\USER/Documents/Harvested_Data\W11-Vik_USER\2025-02-20_00-41-09\vgk_2025-02-11_10-41-08_e9eba612.log
2025-02-20 00:41:09,641 - INFO - Copied and removed: E:\backup\files\Program Files\Riot Vanguard\Logs\vgk_2025-02-11_22-05-38.log -> C:\Users\USER/Documents/Harvested_Data\W11-Vik_USER\2025-02-20_00-41-09\vgk_2025-02-11_22-05-38_b210ca1b.log
2025-02-20 00:41:09,658 - INFO - Copied and removed: E:\backup\files\Program Files\Riot Vanguard\Logs\vgk_2025-02-12_01-55-12.log -> C:\Users\USER/Documents/Harvested_Data\W11-Vik_USER\2025-02-20_00-41-09\vgk_2025-02-12_01-55-12_ed44210a.log
2025-02-20 00:41:09,671 - INFO - Copied and removed: E:\backup\files\Program Files\Riot Vanguard\Logs\vgk_2025-02-12_11-01-42.log -> C:\Users\USER/Documents/Harvested_Data\W11-Vik_USER\2025-02-20_00-41-09\vgk_2025-02-12_11-01-42_e5d5f8d7.log
2025-02-20 00:41:09,682 - INFO - Copied and removed: E:\backup\files\Program Files\Riot Vanguard\Logs\vgk_2025-02-12_11-11-08.log -> C:\Users\USER/Documents/Harvested_Data\W11-Vik_USER\2025-02-20_00-41-09\vgk_2025-02-12_11-11-08_709d428b.log
2025-02-20 00:41:09,694 - INFO - Copied and removed: E:\backup\files\Program Files\Riot Vanguard\Logs\vgk_2025-02-12_11-43-14.log -> C:\Users\USER/Documents/Harvested_Data\W11-Vik_USER\2025-02-20_00-41-09\vgk_2025-02-12_11-43-14_c65d037f.log
2025-02-20 00:41:09,708 - INFO - Copied and removed: E:\backup\files\Program Files\Riot Vanguard\Logs\vgk_2025-02-12_11-54-13.log -> C:\Users\USER/Documents/Harvested_Data\W11-Vik_USER\2025-02-20_00-41-09\vgk_2025-02-12_11-54-13_cb4a7536.log
2025-02-20 00:41:09,728 - INFO - Copied and removed: E:\backup\files\Program Files\Riot Vanguard\Logs\vgk_2025-02-12_14-14-44.log -> C:\Users\USER/Documents/Harvested_Data\W11-Vik_USER\2025-02-20_00-41-09\vgk_2025-02-12_14-14-44_7128995a.log
2025-02-20 00:41:09,740 - INFO - Copied and removed: E:\backup\files\Program Files\Riot Vanguard\Logs\vgk_2025-02-12_14-17-50.log -> C:\Users\USER/Documents/Harvested_Data\W11-Vik_USER\2025-02-20_00-41-09\vgk_2025-02-12_14-17-50_ca5f8f15.log
2025-02-20 00:41:09,755 - INFO - Copied and removed: E:\backup\files\Program Files\Riot Vanguard\Logs\vgk_2025-02-12_14-18-55.log -> C:\Users\USER/Documents/Harvested_Data\W11-Vik_USER\2025-02-20_00-41-09\vgk_2025-02-12_14-18-55_42228a91.log
2025-02-20 00:41:09,768 - INFO - Copied and removed: E:\backup\files\Program Files\Riot Vanguard\Logs\vgk_2025-02-12_14-52-51.log -> C:\Users\USER/Documents/Harvested_Data\W11-Vik_USER\2025-02-20_00-41-09\vgk_2025-02-12_14-52-51_d32680eb.log
2025-02-20 00:41:09,781 - INFO - Copied and removed: E:\backup\files\Program Files\Riot Vanguard\Logs\vgk_2025-02-13_09-03-36.log -> C:\Users\USER/Documents/Harvested_Data\W11-Vik_USER\2025-02-20_00-41-09\vgk_2025-02-13_09-03-36_345b1ebb.log
2025-02-20 00:41:09,793 - INFO - Copied and removed: E:\backup\files\Program Files\Riot Vanguard\Logs\vgk_2025-02-13_09-04-33.log -> C:\Users\USER/Documents/Harvested_Data\W11-Vik_USER\2025-02-20_00-41-09\vgk_2025-02-13_09-04-33_a37ad60b.log
2025-02-20 00:41:09,807 - INFO - Copied and removed: E:\backup\files\Program Files\Riot Vanguard\Logs\vgk_2025-02-13_11-28-48.log -> C:\Users\USER/Documents/Harvested_Data\W11-Vik_USER\2025-02-20_00-41-09\vgk_2025-02-13_11-28-48_aa65eda7.log
2025-02-20 00:41:09,820 - INFO - Copied and removed: E:\backup\files\Program Files\Riot Vanguard\Logs\vgk_2025-02-14_00-07-05.log -> C:\Users\USER/Documents/Harvested_Data\W11-Vik_USER\2025-02-20_00-41-09\vgk_2025-02-14_00-07-05_306f3241.log
2025-02-20 00:41:09,834 - INFO - Copied and removed: E:\backup\files\Program Files\Riot Vanguard\Logs\vgk_2025-02-14_10-00-32.log -> C:\Users\USER/Documents/Harvested_Data\W11-Vik_USER\2025-02-20_00-41-09\vgk_2025-02-14_10-00-32_cd3d67d3.log
2025-02-20 00:41:09,845 - INFO - Copied and removed: E:\backup\files\Program Files\Riot Vanguard\Logs\vgk_2025-02-14_12-12-47.log -> C:\Users\USER/Documents/Harvested_Data\W11-Vik_USER\2025-02-20_00-41-09\vgk_2025-02-14_12-12-47_38f0050a.log
2025-02-20 00:41:09,860 - INFO - Copied and removed: E:\backup\files\Program Files\Riot Vanguard\Logs\vgk_2025-02-16_18-29-05.log -> C:\Users\USER/Documents/Harvested_Data\W11-Vik_USER\2025-02-20_00-41-09\vgk_2025-02-16_18-29-05_7fda628e.log
2025-02-20 00:41:09,877 - INFO - Copied and removed: E:\backup\files\Program Files\Riot Vanguard\Logs\vgk_2025-02-17_13-47-06.log -> C:\Users\USER/Documents/Harvested_Data\W11-Vik_USER\2025-02-20_00-41-09\vgk_2025-02-17_13-47-06_7401095f.log
2025-02-20 00:41:09,891 - INFO - Copied and removed: E:\backup\files\Program Files\Riot Vanguard\Logs\vgk_2025-02-18_09-02-21.log -> C:\Users\USER/Documents/Harvested_Data\W11-Vik_USER\2025-02-20_00-41-09\vgk_2025-02-18_09-02-21_4375f72c.log
2025-02-20 00:41:10,008 - INFO - Copied and removed: E:\backup\files\Program Files\SteelSeries\GG\install.log -> C:\Users\USER/Documents/Harvested_Data\W11-Vik_USER\2025-02-20_00-41-10\install_b8a27939.log
2025-02-20 00:41:10,023 - INFO - Copied and removed: E:\backup\files\Program Files\SteelSeries\GG\apps\engine\lisp\data1.txt -> C:\Users\USER/Documents/Harvested_Data\W11-Vik_USER\2025-02-20_00-41-10\data1_c1fab95a.txt
2025-02-20 00:41:10,046 - INFO - Copied and removed: E:\backup\files\Program Files\SteelSeries\GG\apps\threeDAT\frontend\offline\index.js.LICENSE.txt -> C:\Users\USER/Documents/Harvested_Data\W11-Vik_USER\2025-02-20_00-41-10\index.js.LICENSE_884abddc.txt
2025-02-20 00:41:10,262 - INFO - Copied and removed: E:\backup\files\Program Files\WiFiman Desktop\wifiman-desktop.log -> C:\Users\USER/Documents/Harvested_Data\W11-Vik_USER\2025-02-20_00-41-10\wifiman-desktop_f1dd760a.log
2025-02-20 00:41:10,279 - INFO - Copied and removed: E:\backup\files\Program Files\Windows Defender\ThirdPartyNotices.txt -> C:\Users\USER/Documents/Harvested_Data\W11-Vik_USER\2025-02-20_00-41-10\ThirdPartyNotices_00d799dc.txt
2025-02-20 00:41:10,351 - INFO - Copied and removed: E:\backup\files\Program Files\Windows NT\TableTextService\TableTextServiceArray.txt -> C:\Users\USER/Documents/Harvested_Data\W11-Vik_USER\2025-02-20_00-41-10\TableTextServiceArray_ece48b55.txt
2025-02-20 00:41:10,414 - INFO - Copied and removed: E:\backup\files\Program Files\Windows NT\TableTextService\TableTextServiceDaYi.txt -> C:\Users\USER/Documents/Harvested_Data\W11-Vik_USER\2025-02-20_00-41-10\TableTextServiceDaYi_22932611.txt
2025-02-20 00:41:10,435 - INFO - Copied and removed: E:\backup\files\Program Files\Windows NT\TableTextService\TableTextServiceTigrinya.txt -> C:\Users\USER/Documents/Harvested_Data\W11-Vik_USER\2025-02-20_00-41-10\TableTextServiceTigrinya_001dab88.txt
2025-02-20 00:41:10,462 - INFO - Copied and removed: E:\backup\files\Program Files\Windows NT\TableTextService\TableTextServiceYi.txt -> C:\Users\USER/Documents/Harvested_Data\W11-Vik_USER\2025-02-20_00-41-10\TableTextServiceYi_54e26fc4.txt
2025-02-20 00:41:10,490 - INFO - Copied and removed: E:\backup\files\Program Files\WindowsPowerShell\Modules\Pester\3.4.0\en-US\about_BeforeEach_AfterEach.help.txt -> C:\Users\USER/Documents/Harvested_Data\W11-Vik_USER\2025-02-20_00-41-10\about_BeforeEach_AfterEach.help_9143aadb.txt
2025-02-20 00:41:10,534 - INFO - Copied and removed: E:\backup\files\Program Files\WindowsPowerShell\Modules\Pester\3.4.0\en-US\about_Mocking.help.txt -> C:\Users\USER/Documents/Harvested_Data\W11-Vik_USER\2025-02-20_00-41-10\about_Mocking.help_732e00de.txt
2025-02-20 00:41:10,568 - INFO - Copied and removed: E:\backup\files\Program Files\WindowsPowerShell\Modules\Pester\3.4.0\en-US\about_Pester.help.txt -> C:\Users\USER/Documents/Harvested_Data\W11-Vik_USER\2025-02-20_00-41-10\about_Pester.help_b2d45c2e.txt
2025-02-20 00:41:10,597 - INFO - Copied and removed: E:\backup\files\Program Files\WindowsPowerShell\Modules\Pester\3.4.0\en-US\about_should.help.txt -> C:\Users\USER/Documents/Harvested_Data\W11-Vik_USER\2025-02-20_00-41-10\about_should.help_0cc1aa69.txt
2025-02-20 00:41:10,617 - INFO - Copied and removed: E:\backup\files\Program Files\WindowsPowerShell\Modules\Pester\3.4.0\en-US\about_TestDrive.help.txt -> C:\Users\USER/Documents/Harvested_Data\W11-Vik_USER\2025-02-20_00-41-10\about_TestDrive.help_d1a1beca.txt
2025-02-20 00:41:10,643 - INFO - Copied and removed: E:\backup\files\Program Files\Yubico\Yubico Authenticator\data\flutter_assets\assets\licenses\raw\apache-2.0.txt -> C:\Users\USER/Documents/Harvested_Data\W11-Vik_USER\2025-02-20_00-41-10\apache-2.0_5f34c31d.txt
2025-02-20 00:41:10,660 - INFO - Copied and removed: E:\backup\files\Program Files\Yubico\Yubico Authenticator\data\flutter_assets\assets\licenses\raw\python.txt -> C:\Users\USER/Documents/Harvested_Data\W11-Vik_USER\2025-02-20_00-41-10\python_0466ab94.txt
2025-02-20 00:41:10,673 - INFO - Copied and removed: E:\backup\files\Program Files\Yubico\Yubico Authenticator\helper\_internal\setuptools\_vendor\jaraco\text\Lorem ipsum.txt -> C:\Users\USER/Documents/Harvested_Data\W11-Vik_USER\2025-02-20_00-41-10\Lorem ipsum_37fedcff.txt
2025-02-20 00:41:10,691 - INFO - Copied and removed: E:\backup\files\Program Files\Yubico\Yubico Authenticator\helper\_internal\setuptools\_vendor\wheel-0.43.0.dist-info\LICENSE.txt -> C:\Users\USER/Documents/Harvested_Data\W11-Vik_USER\2025-02-20_00-41-10\LICENSE_30c23618.txt
2025-02-20 00:41:10,719 - INFO - Copied and removed: E:\backup\files\Program Files\Zen Browser\install.log -> C:\Users\USER/Documents/Harvested_Data\W11-Vik_USER\2025-02-20_00-41-10\install_a0ccbc77.log
2025-02-20 00:41:10,737 - INFO - Copied and removed: E:\backup\files\Program Files\Zen Browser\uninstall\uninstall.log -> C:\Users\USER/Documents/Harvested_Data\W11-Vik_USER\2025-02-20_00-41-10\uninstall_a3b7ca51.log
2025-02-20 00:41:10,760 - INFO - Copied and removed: E:\backup\files\Program Files (x86)\7-Zip\History.txt -> C:\Users\USER/Documents/Harvested_Data\W11-Vik_USER\2025-02-20_00-41-10\History_7d6a3d18.txt
2025-02-20 00:41:10,781 - INFO - Copied and removed: E:\backup\files\Program Files (x86)\7-Zip\License.txt -> C:\Users\USER/Documents/Harvested_Data\W11-Vik_USER\2025-02-20_00-41-10\License_3a9a7bca.txt
2025-02-20 00:41:10,798 - INFO - Copied and removed: E:\backup\files\Program Files (x86)\7-Zip\readme.txt -> C:\Users\USER/Documents/Harvested_Data\W11-Vik_USER\2025-02-20_00-41-10\readme_7687c86d.txt
2025-02-20 00:41:10,826 - INFO - Copied and removed: E:\backup\files\Program Files (x86)\7-Zip\Lang\af.txt -> C:\Users\USER/Documents/Harvested_Data\W11-Vik_USER\2025-02-20_00-41-10\af_9cf684ea.txt
2025-02-20 00:41:10,851 - INFO - Copied and removed: E:\backup\files\Program Files (x86)\7-Zip\Lang\an.txt -> C:\Users\USER/Documents/Harvested_Data\W11-Vik_USER\2025-02-20_00-41-10\an_3ab9f7aa.txt
2025-02-20 00:41:10,873 - INFO - Copied and removed: E:\backup\files\Program Files (x86)\7-Zip\Lang\ar.txt -> C:\Users\USER/Documents/Harvested_Data\W11-Vik_USER\2025-02-20_00-41-10\ar_85a26c7b.txt
2025-02-20 00:41:10,898 - INFO - Copied and removed: E:\backup\files\Program Files (x86)\7-Zip\Lang\ast.txt -> C:\Users\USER/Documents/Harvested_Data\W11-Vik_USER\2025-02-20_00-41-10\ast_f5f2174d.txt
2025-02-20 00:41:10,935 - INFO - Copied and removed: E:\backup\files\Program Files (x86)\7-Zip\Lang\az.txt -> C:\Users\USER/Documents/Harvested_Data\W11-Vik_USER\2025-02-20_00-41-10\az_1da94111.txt
2025-02-20 00:41:10,992 - INFO - Copied and removed: E:\backup\files\Program Files (x86)\7-Zip\Lang\ba.txt -> C:\Users\USER/Documents/Harvested_Data\W11-Vik_USER\2025-02-20_00-41-10\ba_8a85c3fc.txt
2025-02-20 00:41:11,019 - INFO - Copied and removed: E:\backup\files\Program Files (x86)\7-Zip\Lang\be.txt -> C:\Users\USER/Documents/Harvested_Data\W11-Vik_USER\2025-02-20_00-41-11\be_32071222.txt
2025-02-20 00:41:11,046 - INFO - Copied and removed: E:\backup\files\Program Files (x86)\7-Zip\Lang\bg.txt -> C:\Users\USER/Documents/Harvested_Data\W11-Vik_USER\2025-02-20_00-41-11\bg_62c6f410.txt
2025-02-20 00:41:11,076 - INFO - Copied and removed: E:\backup\files\Program Files (x86)\7-Zip\Lang\bn.txt -> C:\Users\USER/Documents/Harvested_Data\W11-Vik_USER\2025-02-20_00-41-11\bn_3f55b2ec.txt
2025-02-20 00:41:11,100 - INFO - Copied and removed: E:\backup\files\Program Files (x86)\7-Zip\Lang\br.txt -> C:\Users\USER/Documents/Harvested_Data\W11-Vik_USER\2025-02-20_00-41-11\br_432bdb3e.txt
2025-02-20 00:41:11,124 - INFO - Copied and removed: E:\backup\files\Program Files (x86)\7-Zip\Lang\ca.txt -> C:\Users\USER/Documents/Harvested_Data\W11-Vik_USER\2025-02-20_00-41-11\ca_da4df649.txt
2025-02-20 00:41:11,149 - INFO - Copied and removed: E:\backup\files\Program Files (x86)\7-Zip\Lang\co.txt -> C:\Users\USER/Documents/Harvested_Data\W11-Vik_USER\2025-02-20_00-41-11\co_dcfb95b4.txt
2025-02-20 00:41:11,176 - INFO - Copied and removed: E:\backup\files\Program Files (x86)\7-Zip\Lang\cs.txt -> C:\Users\USER/Documents/Harvested_Data\W11-Vik_USER\2025-02-20_00-41-11\cs_da788d30.txt
2025-02-20 00:41:11,200 - INFO - Copied and removed: E:\backup\files\Program Files (x86)\7-Zip\Lang\cy.txt -> C:\Users\USER/Documents/Harvested_Data\W11-Vik_USER\2025-02-20_00-41-11\cy_470eaf5e.txt
2025-02-20 00:41:11,220 - INFO - Copied and removed: E:\backup\files\Program Files (x86)\7-Zip\Lang\da.txt -> C:\Users\USER/Documents/Harvested_Data\W11-Vik_USER\2025-02-20_00-41-11\da_5ccd4813.txt
2025-02-20 00:41:11,244 - INFO - Copied and removed: E:\backup\files\Program Files (x86)\7-Zip\Lang\de.txt -> C:\Users\USER/Documents/Harvested_Data\W11-Vik_USER\2025-02-20_00-41-11\de_895f76bf.txt
2025-02-20 00:41:11,268 - INFO - Copied and removed: E:\backup\files\Program Files (x86)\7-Zip\Lang\el.txt -> C:\Users\USER/Documents/Harvested_Data\W11-Vik_USER\2025-02-20_00-41-11\el_2dd2130f.txt
2025-02-20 00:41:11,293 - INFO - Copied and removed: E:\backup\files\Program Files (x86)\7-Zip\Lang\eo.txt -> C:\Users\USER/Documents/Harvested_Data\W11-Vik_USER\2025-02-20_00-41-11\eo_a6ef5a5a.txt
2025-02-20 00:41:11,317 - INFO - Copied and removed: E:\backup\files\Program Files (x86)\7-Zip\Lang\es.txt -> C:\Users\USER/Documents/Harvested_Data\W11-Vik_USER\2025-02-20_00-41-11\es_7199b362.txt
2025-02-20 00:41:11,327 - INFO - Copied and removed: E:\backup\files\Program Files (x86)\7-Zip\Lang\et.txt -> C:\Users\USER/Documents/Harvested_Data\W11-Vik_USER\2025-02-20_00-41-11\et_6b271888.txt
2025-02-20 00:41:11,353 - INFO - Copied and removed: E:\backup\files\Program Files (x86)\7-Zip\Lang\eu.txt -> C:\Users\USER/Documents/Harvested_Data\W11-Vik_USER\2025-02-20_00-41-11\eu_a1c9d46b.txt
2025-02-20 00:41:11,380 - INFO - Copied and removed: E:\backup\files\Program Files (x86)\7-Zip\Lang\ext.txt -> C:\Users\USER/Documents/Harvested_Data\W11-Vik_USER\2025-02-20_00-41-11\ext_8075fd31.txt
2025-02-20 00:41:11,408 - INFO - Copied and removed: E:\backup\files\Program Files (x86)\7-Zip\Lang\fa.txt -> C:\Users\USER/Documents/Harvested_Data\W11-Vik_USER\2025-02-20_00-41-11\fa_657f2ace.txt
2025-02-20 00:41:11,433 - INFO - Copied and removed: E:\backup\files\Program Files (x86)\7-Zip\Lang\fi.txt -> C:\Users\USER/Documents/Harvested_Data\W11-Vik_USER\2025-02-20_00-41-11\fi_12cc4a2c.txt
2025-02-20 00:41:11,456 - INFO - Copied and removed: E:\backup\files\Program Files (x86)\7-Zip\Lang\fr.txt -> C:\Users\USER/Documents/Harvested_Data\W11-Vik_USER\2025-02-20_00-41-11\fr_397a3af7.txt
2025-02-20 00:41:11,479 - INFO - Copied and removed: E:\backup\files\Program Files (x86)\7-Zip\Lang\fur.txt -> C:\Users\USER/Documents/Harvested_Data\W11-Vik_USER\2025-02-20_00-41-11\fur_6ba88938.txt
2025-02-20 00:41:11,504 - INFO - Copied and removed: E:\backup\files\Program Files (x86)\7-Zip\Lang\fy.txt -> C:\Users\USER/Documents/Harvested_Data\W11-Vik_USER\2025-02-20_00-41-11\fy_c1c050ed.txt
2025-02-20 00:41:11,528 - INFO - Copied and removed: E:\backup\files\Program Files (x86)\7-Zip\Lang\ga.txt -> C:\Users\USER/Documents/Harvested_Data\W11-Vik_USER\2025-02-20_00-41-11\ga_b1873012.txt
2025-02-20 00:41:11,551 - INFO - Copied and removed: E:\backup\files\Program Files (x86)\7-Zip\Lang\gl.txt -> C:\Users\USER/Documents/Harvested_Data\W11-Vik_USER\2025-02-20_00-41-11\gl_9280ab90.txt
2025-02-20 00:41:11,577 - INFO - Copied and removed: E:\backup\files\Program Files (x86)\7-Zip\Lang\gu.txt -> C:\Users\USER/Documents/Harvested_Data\W11-Vik_USER\2025-02-20_00-41-11\gu_c6e54e2a.txt
2025-02-20 00:41:11,603 - INFO - Copied and removed: E:\backup\files\Program Files (x86)\7-Zip\Lang\he.txt -> C:\Users\USER/Documents/Harvested_Data\W11-Vik_USER\2025-02-20_00-41-11\he_03b4ea89.txt
2025-02-20 00:41:11,626 - INFO - Copied and removed: E:\backup\files\Program Files (x86)\7-Zip\Lang\hi.txt -> C:\Users\USER/Documents/Harvested_Data\W11-Vik_USER\2025-02-20_00-41-11\hi_5f79ae16.txt
2025-02-20 00:41:11,650 - INFO - Copied and removed: E:\backup\files\Program Files (x86)\7-Zip\Lang\hr.txt -> C:\Users\USER/Documents/Harvested_Data\W11-Vik_USER\2025-02-20_00-41-11\hr_210af273.txt
2025-02-20 00:41:11,675 - INFO - Copied and removed: E:\backup\files\Program Files (x86)\7-Zip\Lang\hu.txt -> C:\Users\USER/Documents/Harvested_Data\W11-Vik_USER\2025-02-20_00-41-11\hu_486a3824.txt
2025-02-20 00:41:11,698 - INFO - Copied and removed: E:\backup\files\Program Files (x86)\7-Zip\Lang\hy.txt -> C:\Users\USER/Documents/Harvested_Data\W11-Vik_USER\2025-02-20_00-41-11\hy_91aac936.txt
2025-02-20 00:41:11,721 - INFO - Copied and removed: E:\backup\files\Program Files (x86)\7-Zip\Lang\id.txt -> C:\Users\USER/Documents/Harvested_Data\W11-Vik_USER\2025-02-20_00-41-11\id_90308689.txt
2025-02-20 00:41:11,740 - INFO - Copied and removed: E:\backup\files\Program Files (x86)\7-Zip\Lang\io.txt -> C:\Users\USER/Documents/Harvested_Data\W11-Vik_USER\2025-02-20_00-41-11\io_b87a4fca.txt
2025-02-20 00:41:11,758 - INFO - Copied and removed: E:\backup\files\Program Files (x86)\7-Zip\Lang\is.txt -> C:\Users\USER/Documents/Harvested_Data\W11-Vik_USER\2025-02-20_00-41-11\is_dc610903.txt
2025-02-20 00:41:11,781 - INFO - Copied and removed: E:\backup\files\Program Files (x86)\7-Zip\Lang\it.txt -> C:\Users\USER/Documents/Harvested_Data\W11-Vik_USER\2025-02-20_00-41-11\it_efb1aed5.txt
2025-02-20 00:41:11,801 - INFO - Copied and removed: E:\backup\files\Program Files (x86)\7-Zip\Lang\ja.txt -> C:\Users\USER/Documents/Harvested_Data\W11-Vik_USER\2025-02-20_00-41-11\ja_9f70f194.txt
2025-02-20 00:41:11,825 - INFO - Copied and removed: E:\backup\files\Program Files (x86)\7-Zip\Lang\ka.txt -> C:\Users\USER/Documents/Harvested_Data\W11-Vik_USER\2025-02-20_00-41-11\ka_8dd6073b.txt
2025-02-20 00:41:11,836 - INFO - Copied and removed: E:\backup\files\Program Files (x86)\7-Zip\Lang\kaa.txt -> C:\Users\USER/Documents/Harvested_Data\W11-Vik_USER\2025-02-20_00-41-11\kaa_24f73252.txt
2025-02-20 00:41:11,845 - INFO - Copied and removed: E:\backup\files\Program Files (x86)\7-Zip\Lang\kab.txt -> C:\Users\USER/Documents/Harvested_Data\W11-Vik_USER\2025-02-20_00-41-11\kab_f2499300.txt
2025-02-20 00:41:11,869 - INFO - Copied and removed: E:\backup\files\Program Files (x86)\7-Zip\Lang\kk.txt -> C:\Users\USER/Documents/Harvested_Data\W11-Vik_USER\2025-02-20_00-41-11\kk_f813eac0.txt
2025-02-20 00:41:11,891 - INFO - Copied and removed: E:\backup\files\Program Files (x86)\7-Zip\Lang\ko.txt -> C:\Users\USER/Documents/Harvested_Data\W11-Vik_USER\2025-02-20_00-41-11\ko_3ea103ff.txt
2025-02-20 00:41:11,914 - INFO - Copied and removed: E:\backup\files\Program Files (x86)\7-Zip\Lang\ku-ckb.txt -> C:\Users\USER/Documents/Harvested_Data\W11-Vik_USER\2025-02-20_00-41-11\ku-ckb_b8b7db8c.txt
2025-02-20 00:41:11,943 - INFO - Copied and removed: E:\backup\files\Program Files (x86)\7-Zip\Lang\ku.txt -> C:\Users\USER/Documents/Harvested_Data\W11-Vik_USER\2025-02-20_00-41-11\ku_57ae544f.txt
2025-02-20 00:41:11,966 - INFO - Copied and removed: E:\backup\files\Program Files (x86)\7-Zip\Lang\ky.txt -> C:\Users\USER/Documents/Harvested_Data\W11-Vik_USER\2025-02-20_00-41-11\ky_9a9e4dda.txt
2025-02-20 00:41:11,990 - INFO - Copied and removed: E:\backup\files\Program Files (x86)\7-Zip\Lang\lij.txt -> C:\Users\USER/Documents/Harvested_Data\W11-Vik_USER\2025-02-20_00-41-11\lij_d9bb6bfc.txt
2025-02-20 00:41:12,010 - INFO - Copied and removed: E:\backup\files\Program Files (x86)\7-Zip\Lang\lt.txt -> C:\Users\USER/Documents/Harvested_Data\W11-Vik_USER\2025-02-20_00-41-12\lt_9c15db40.txt
2025-02-20 00:41:12,033 - INFO - Copied and removed: E:\backup\files\Program Files (x86)\7-Zip\Lang\lv.txt -> C:\Users\USER/Documents/Harvested_Data\W11-Vik_USER\2025-02-20_00-41-12\lv_533f9ff0.txt
2025-02-20 00:41:12,054 - INFO - Copied and removed: E:\backup\files\Program Files (x86)\7-Zip\Lang\mk.txt -> C:\Users\USER/Documents/Harvested_Data\W11-Vik_USER\2025-02-20_00-41-12\mk_90efca5f.txt
2025-02-20 00:41:12,078 - INFO - Copied and removed: E:\backup\files\Program Files (x86)\7-Zip\Lang\mn.txt -> C:\Users\USER/Documents/Harvested_Data\W11-Vik_USER\2025-02-20_00-41-12\mn_c6a6cc40.txt
2025-02-20 00:41:12,126 - INFO - Copied and removed: E:\backup\files\Program Files (x86)\7-Zip\Lang\mng.txt -> C:\Users\USER/Documents/Harvested_Data\W11-Vik_USER\2025-02-20_00-41-12\mng_2e488ef0.txt
2025-02-20 00:41:12,148 - INFO - Copied and removed: E:\backup\files\Program Files (x86)\7-Zip\Lang\mng2.txt -> C:\Users\USER/Documents/Harvested_Data\W11-Vik_USER\2025-02-20_00-41-12\mng2_5a85cc53.txt
2025-02-20 00:41:12,172 - INFO - Copied and removed: E:\backup\files\Program Files (x86)\7-Zip\Lang\mr.txt -> C:\Users\USER/Documents/Harvested_Data\W11-Vik_USER\2025-02-20_00-41-12\mr_f6d67ce2.txt
2025-02-20 00:41:12,194 - INFO - Copied and removed: E:\backup\files\Program Files (x86)\7-Zip\Lang\ms.txt -> C:\Users\USER/Documents/Harvested_Data\W11-Vik_USER\2025-02-20_00-41-12\ms_c88bc7ea.txt
2025-02-20 00:41:12,205 - INFO - Copied and removed: E:\backup\files\Program Files (x86)\7-Zip\Lang\nb.txt -> C:\Users\USER/Documents/Harvested_Data\W11-Vik_USER\2025-02-20_00-41-12\nb_f349529e.txt
2025-02-20 00:41:12,233 - INFO - Copied and removed: E:\backup\files\Program Files (x86)\7-Zip\Lang\ne.txt -> C:\Users\USER/Documents/Harvested_Data\W11-Vik_USER\2025-02-20_00-41-12\ne_e016e887.txt
2025-02-20 00:41:12,258 - INFO - Copied and removed: E:\backup\files\Program Files (x86)\7-Zip\Lang\nl.txt -> C:\Users\USER/Documents/Harvested_Data\W11-Vik_USER\2025-02-20_00-41-12\nl_4cb5f084.txt
2025-02-20 00:41:12,280 - INFO - Copied and removed: E:\backup\files\Program Files (x86)\7-Zip\Lang\nn.txt -> C:\Users\USER/Documents/Harvested_Data\W11-Vik_USER\2025-02-20_00-41-12\nn_db540e1a.txt
2025-02-20 00:41:12,309 - INFO - Copied and removed: E:\backup\files\Program Files (x86)\7-Zip\Lang\pa-in.txt -> C:\Users\USER/Documents/Harvested_Data\W11-Vik_USER\2025-02-20_00-41-12\pa-in_e542c196.txt
2025-02-20 00:41:12,335 - INFO - Copied and removed: E:\backup\files\Program Files (x86)\7-Zip\Lang\pl.txt -> C:\Users\USER/Documents/Harvested_Data\W11-Vik_USER\2025-02-20_00-41-12\pl_b4b96fda.txt
2025-02-20 00:41:12,361 - INFO - Copied and removed: E:\backup\files\Program Files (x86)\7-Zip\Lang\ps.txt -> C:\Users\USER/Documents/Harvested_Data\W11-Vik_USER\2025-02-20_00-41-12\ps_fa12ca0b.txt
2025-02-20 00:41:12,384 - INFO - Copied and removed: E:\backup\files\Program Files (x86)\7-Zip\Lang\pt-br.txt -> C:\Users\USER/Documents/Harvested_Data\W11-Vik_USER\2025-02-20_00-41-12\pt-br_6b21924c.txt
2025-02-20 00:41:12,407 - INFO - Copied and removed: E:\backup\files\Program Files (x86)\7-Zip\Lang\pt.txt -> C:\Users\USER/Documents/Harvested_Data\W11-Vik_USER\2025-02-20_00-41-12\pt_3c76d190.txt
2025-02-20 00:41:12,427 - INFO - Copied and removed: E:\backup\files\Program Files (x86)\7-Zip\Lang\ro.txt -> C:\Users\USER/Documents/Harvested_Data\W11-Vik_USER\2025-02-20_00-41-12\ro_4fd993db.txt
2025-02-20 00:41:12,450 - INFO - Copied and removed: E:\backup\files\Program Files (x86)\7-Zip\Lang\ru.txt -> C:\Users\USER/Documents/Harvested_Data\W11-Vik_USER\2025-02-20_00-41-12\ru_3e76bc88.txt
2025-02-20 00:41:12,475 - INFO - Copied and removed: E:\backup\files\Program Files (x86)\7-Zip\Lang\sa.txt -> C:\Users\USER/Documents/Harvested_Data\W11-Vik_USER\2025-02-20_00-41-12\sa_02cc9032.txt
2025-02-20 00:41:12,548 - INFO - Copied and removed: E:\backup\files\Program Files (x86)\7-Zip\Lang\si.txt -> C:\Users\USER/Documents/Harvested_Data\W11-Vik_USER\2025-02-20_00-41-12\si_5405e5b0.txt
2025-02-20 00:41:12,571 - INFO - Copied and removed: E:\backup\files\Program Files (x86)\7-Zip\Lang\sk.txt -> C:\Users\USER/Documents/Harvested_Data\W11-Vik_USER\2025-02-20_00-41-12\sk_b53fe267.txt
2025-02-20 00:41:12,593 - INFO - Copied and removed: E:\backup\files\Program Files (x86)\7-Zip\Lang\sl.txt -> C:\Users\USER/Documents/Harvested_Data\W11-Vik_USER\2025-02-20_00-41-12\sl_6b53fb39.txt
2025-02-20 00:41:12,606 - INFO - Copied and removed: E:\backup\files\Program Files (x86)\7-Zip\Lang\sq.txt -> C:\Users\USER/Documents/Harvested_Data\W11-Vik_USER\2025-02-20_00-41-12\sq_b6ee3c8a.txt
2025-02-20 00:41:12,629 - INFO - Copied and removed: E:\backup\files\Program Files (x86)\7-Zip\Lang\sr-spc.txt -> C:\Users\USER/Documents/Harvested_Data\W11-Vik_USER\2025-02-20_00-41-12\sr-spc_817d7a33.txt
2025-02-20 00:41:12,640 - INFO - Copied and removed: E:\backup\files\Program Files (x86)\7-Zip\Lang\sr-spl.txt -> C:\Users\USER/Documents/Harvested_Data\W11-Vik_USER\2025-02-20_00-41-12\sr-spl_d8c5223f.txt
2025-02-20 00:41:12,663 - INFO - Copied and removed: E:\backup\files\Program Files (x86)\7-Zip\Lang\sv.txt -> C:\Users\USER/Documents/Harvested_Data\W11-Vik_USER\2025-02-20_00-41-12\sv_233596e0.txt
2025-02-20 00:41:12,673 - INFO - Copied and removed: E:\backup\files\Program Files (x86)\7-Zip\Lang\sw.txt -> C:\Users\USER/Documents/Harvested_Data\W11-Vik_USER\2025-02-20_00-41-12\sw_9fed3c0b.txt
2025-02-20 00:41:12,702 - INFO - Copied and removed: E:\backup\files\Program Files (x86)\7-Zip\Lang\ta.txt -> C:\Users\USER/Documents/Harvested_Data\W11-Vik_USER\2025-02-20_00-41-12\ta_ae1a7951.txt
2025-02-20 00:41:12,724 - INFO - Copied and removed: E:\backup\files\Program Files (x86)\7-Zip\Lang\tg.txt -> C:\Users\USER/Documents/Harvested_Data\W11-Vik_USER\2025-02-20_00-41-12\tg_e029f34d.txt
2025-02-20 00:41:12,750 - INFO - Copied and removed: E:\backup\files\Program Files (x86)\7-Zip\Lang\th.txt -> C:\Users\USER/Documents/Harvested_Data\W11-Vik_USER\2025-02-20_00-41-12\th_a1967002.txt
2025-02-20 00:41:12,770 - INFO - Copied and removed: E:\backup\files\Program Files (x86)\7-Zip\Lang\tk.txt -> C:\Users\USER/Documents/Harvested_Data\W11-Vik_USER\2025-02-20_00-41-12\tk_a0f48575.txt
2025-02-20 00:41:12,790 - INFO - Copied and removed: E:\backup\files\Program Files (x86)\7-Zip\Lang\tr.txt -> C:\Users\USER/Documents/Harvested_Data\W11-Vik_USER\2025-02-20_00-41-12\tr_d8ddeec7.txt
2025-02-20 00:41:12,814 - INFO - Copied and removed: E:\backup\files\Program Files (x86)\7-Zip\Lang\tt.txt -> C:\Users\USER/Documents/Harvested_Data\W11-Vik_USER\2025-02-20_00-41-12\tt_813b5264.txt
2025-02-20 00:41:12,835 - INFO - Copied and removed: E:\backup\files\Program Files (x86)\7-Zip\Lang\ug.txt -> C:\Users\USER/Documents/Harvested_Data\W11-Vik_USER\2025-02-20_00-41-12\ug_7fd49413.txt
2025-02-20 00:41:12,857 - INFO - Copied and removed: E:\backup\files\Program Files (x86)\7-Zip\Lang\uk.txt -> C:\Users\USER/Documents/Harvested_Data\W11-Vik_USER\2025-02-20_00-41-12\uk_ca1557c6.txt
2025-02-20 00:41:12,879 - INFO - Copied and removed: E:\backup\files\Program Files (x86)\7-Zip\Lang\uz-cyrl.txt -> C:\Users\USER/Documents/Harvested_Data\W11-Vik_USER\2025-02-20_00-41-12\uz-cyrl_dd414d39.txt
2025-02-20 00:41:12,902 - INFO - Copied and removed: E:\backup\files\Program Files (x86)\7-Zip\Lang\uz.txt -> C:\Users\USER/Documents/Harvested_Data\W11-Vik_USER\2025-02-20_00-41-12\uz_d62f8d3e.txt
2025-02-20 00:41:12,923 - INFO - Copied and removed: E:\backup\files\Program Files (x86)\7-Zip\Lang\va.txt -> C:\Users\USER/Documents/Harvested_Data\W11-Vik_USER\2025-02-20_00-41-12\va_c0d985de.txt
2025-02-20 00:41:12,945 - INFO - Copied and removed: E:\backup\files\Program Files (x86)\7-Zip\Lang\vi.txt -> C:\Users\USER/Documents/Harvested_Data\W11-Vik_USER\2025-02-20_00-41-12\vi_c7363440.txt
2025-02-20 00:41:12,962 - INFO - Copied and removed: E:\backup\files\Program Files (x86)\7-Zip\Lang\yo.txt -> C:\Users\USER/Documents/Harvested_Data\W11-Vik_USER\2025-02-20_00-41-12\yo_de249794.txt
2025-02-20 00:41:12,980 - INFO - Copied and removed: E:\backup\files\Program Files (x86)\7-Zip\Lang\zh-cn.txt -> C:\Users\USER/Documents/Harvested_Data\W11-Vik_USER\2025-02-20_00-41-12\zh-cn_d04e5bd3.txt
2025-02-20 00:41:13,002 - INFO - Copied and removed: E:\backup\files\Program Files (x86)\7-Zip\Lang\zh-tw.txt -> C:\Users\USER/Documents/Harvested_Data\W11-Vik_USER\2025-02-20_00-41-12\zh-tw_76a17b0a.txt
2025-02-20 00:41:13,018 - INFO - Copied and removed: E:\backup\files\Program Files (x86)\Epic Games\Epic Online Services\managedArtifacts\98bc04bc842e4906993fd6d6644ffb8d\ThirdPartySoftwareNotice.txt -> C:\Users\USER/Documents/Harvested_Data\W11-Vik_USER\2025-02-20_00-41-13\ThirdPartySoftwareNotice_a870ab9c.txt
2025-02-20 00:41:13,034 - INFO - Copied and removed: E:\backup\files\Program Files (x86)\Epic Games\Epic Online Services\managedArtifacts\98bc04bc842e4906993fd6d6644ffb8d\Win32\LICENSE.txt -> C:\Users\USER/Documents/Harvested_Data\W11-Vik_USER\2025-02-20_00-41-13\LICENSE_3dc5a7f6.txt
2025-02-20 00:41:13,042 - INFO - Copied and removed: E:\backup\files\Program Files (x86)\Epic Games\Epic Online Services\managedArtifacts\98bc04bc842e4906993fd6d6644ffb8d\Win64\LICENSE.txt -> C:\Users\USER/Documents/Harvested_Data\W11-Vik_USER\2025-02-20_00-41-13\LICENSE_3dc5a7f6.txt
2025-02-20 00:41:13,066 - INFO - Copied and removed: E:\backup\files\Program Files (x86)\Epic Games\Epic Online Services\sites\ui-helper\static\js\main.dd54c548.js.LICENSE.txt -> C:\Users\USER/Documents/Harvested_Data\W11-Vik_USER\2025-02-20_00-41-13\main.dd54c548.js.LICENSE_bfaa5da5.txt
2025-02-20 00:41:13,085 - INFO - Copied and removed: E:\backup\files\Program Files (x86)\Epic Games\Launcher\Portal\Content\Font\Noto_License.txt -> C:\Users\USER/Documents/Harvested_Data\W11-Vik_USER\2025-02-20_00-41-13\Noto_License_0b687af1.txt
2025-02-20 00:41:13,102 - INFO - Copied and removed: E:\backup\files\Program Files (x86)\Epic Games\Launcher\Portal\Content\Font\OFL.txt -> C:\Users\USER/Documents/Harvested_Data\W11-Vik_USER\2025-02-20_00-41-13\OFL_befc3894.txt
2025-02-20 00:41:13,108 - INFO - Copied and removed: E:\backup\files\Program Files (x86)\Epic Games\Launcher\Portal\Extras\Overlay\ThirdPartySoftwareNotice.txt -> C:\Users\USER/Documents/Harvested_Data\W11-Vik_USER\2025-02-20_00-41-13\ThirdPartySoftwareNotice_a870ab9c.txt
2025-02-20 00:41:13,116 - INFO - Copied and removed: E:\backup\files\Program Files (x86)\Epic Games\Launcher\Portal\Extras\Overlay\Win32\LICENSE.txt -> C:\Users\USER/Documents/Harvested_Data\W11-Vik_USER\2025-02-20_00-41-13\LICENSE_3dc5a7f6.txt
2025-02-20 00:41:13,124 - INFO - Copied and removed: E:\backup\files\Program Files (x86)\Epic Games\Launcher\Portal\Extras\Overlay\Win64\LICENSE.txt -> C:\Users\USER/Documents/Harvested_Data\W11-Vik_USER\2025-02-20_00-41-13\LICENSE_3dc5a7f6.txt
2025-02-20 00:41:13,152 - INFO - Copied and removed: E:\backup\files\Program Files (x86)\Google\GoogleUpdater\updater.log -> C:\Users\USER/Documents/Harvested_Data\W11-Vik_USER\2025-02-20_00-41-13\updater_12d8fe84.log
2025-02-20 00:41:13,171 - INFO - Copied and removed: E:\backup\files\Program Files (x86)\IObit\Driver Booster\12.2.0\History.txt -> C:\Users\USER/Documents/Harvested_Data\W11-Vik_USER\2025-02-20_00-41-13\History_3ce066d0.txt
2025-02-20 00:41:13,180 - INFO - Copied and removed: E:\backup\files\Program Files (x86)\IObit\Driver Booster\12.2.0\HistoryTemp.txt -> C:\Users\USER/Documents/Harvested_Data\W11-Vik_USER\2025-02-20_00-41-13\HistoryTemp_3ce066d0.txt
2025-02-20 00:41:13,223 - INFO - Copied and removed: E:\backup\files\Program Files (x86)\IObit\Driver Booster\12.2.0\InnoSetup.log -> C:\Users\USER/Documents/Harvested_Data\W11-Vik_USER\2025-02-20_00-41-13\InnoSetup_7f9276f5.log
2025-02-20 00:41:13,245 - INFO - Copied and removed: E:\backup\files\Program Files (x86)\IObit\Driver Booster\12.2.0\Boost\3rdSvcWL.txt -> C:\Users\USER/Documents/Harvested_Data\W11-Vik_USER\2025-02-20_00-41-13\3rdSvcWL_086dc492.txt
2025-02-20 00:41:13,263 - INFO - Copied and removed: E:\backup\files\Program Files (x86)\IObit\Driver Booster\12.2.0\Boost\ProcBL.txt -> C:\Users\USER/Documents/Harvested_Data\W11-Vik_USER\2025-02-20_00-41-13\ProcBL_f0fc6246.txt
2025-02-20 00:41:13,283 - INFO - Copied and removed: E:\backup\files\Program Files (x86)\IObit\Driver Booster\12.2.0\Boost\ProcWL.txt -> C:\Users\USER/Documents/Harvested_Data\W11-Vik_USER\2025-02-20_00-41-13\ProcWL_bae097ca.txt
2025-02-20 00:41:13,308 - INFO - Copied and removed: E:\backup\files\Program Files (x86)\IObit\Driver Booster\12.2.0\History\Dutch.txt -> C:\Users\USER/Documents/Harvested_Data\W11-Vik_USER\2025-02-20_00-41-13\Dutch_d5dec4ef.txt
2025-02-20 00:41:13,338 - INFO - Copied and removed: E:\backup\files\Program Files (x86)\IObit\Driver Booster\12.2.0\History\French.txt -> C:\Users\USER/Documents/Harvested_Data\W11-Vik_USER\2025-02-20_00-41-13\French_8944d97d.txt
2025-02-20 00:41:13,358 - INFO - Copied and removed: E:\backup\files\Program Files (x86)\IObit\Driver Booster\12.2.0\History\German.txt -> C:\Users\USER/Documents/Harvested_Data\W11-Vik_USER\2025-02-20_00-41-13\German_c8a16434.txt
2025-02-20 00:41:13,378 - INFO - Copied and removed: E:\backup\files\Program Files (x86)\IObit\Driver Booster\12.2.0\History\Italian.txt -> C:\Users\USER/Documents/Harvested_Data\W11-Vik_USER\2025-02-20_00-41-13\Italian_58089d28.txt
2025-02-20 00:41:13,397 - INFO - Copied and removed: E:\backup\files\Program Files (x86)\IObit\Driver Booster\12.2.0\History\Japanese.txt -> C:\Users\USER/Documents/Harvested_Data\W11-Vik_USER\2025-02-20_00-41-13\Japanese_dd70b7d1.txt
2025-02-20 00:41:13,417 - INFO - Copied and removed: E:\backup\files\Program Files (x86)\IObit\Driver Booster\12.2.0\History\Polish.txt -> C:\Users\USER/Documents/Harvested_Data\W11-Vik_USER\2025-02-20_00-41-13\Polish_6da9dba1.txt
2025-02-20 00:41:13,436 - INFO - Copied and removed: E:\backup\files\Program Files (x86)\IObit\Driver Booster\12.2.0\History\Portuguese (PT-BR).txt -> C:\Users\USER/Documents/Harvested_Data\W11-Vik_USER\2025-02-20_00-41-13\Portuguese (PT-BR)_3a07d97d.txt
2025-02-20 00:41:13,458 - INFO - Copied and removed: E:\backup\files\Program Files (x86)\IObit\Driver Booster\12.2.0\History\Russian.txt -> C:\Users\USER/Documents/Harvested_Data\W11-Vik_USER\2025-02-20_00-41-13\Russian_e1286a50.txt
2025-02-20 00:41:13,476 - INFO - Copied and removed: E:\backup\files\Program Files (x86)\IObit\Driver Booster\12.2.0\History\Spanish.txt -> C:\Users\USER/Documents/Harvested_Data\W11-Vik_USER\2025-02-20_00-41-13\Spanish_aeceed0f.txt
2025-02-20 00:41:13,487 - INFO - Copied and removed: E:\backup\files\Program Files (x86)\Java\jre1.8.0_441\bin\client\Xusage.txt -> C:\Users\USER/Documents/Harvested_Data\W11-Vik_USER\2025-02-20_00-41-13\Xusage_37cf4e6c.txt
2025-02-20 00:41:13,497 - INFO - Copied and removed: E:\backup\files\Program Files (x86)\Java\jre1.8.0_441\lib\jvm.hprof.txt -> C:\Users\USER/Documents/Harvested_Data\W11-Vik_USER\2025-02-20_00-41-13\jvm.hprof_b055bf25.txt
2025-02-20 00:41:13,518 - INFO - Copied and removed: E:\backup\files\Program Files (x86)\Microsoft\EdgeUpdate\1.3.195.43\NOTICE.TXT -> C:\Users\USER/Documents/Harvested_Data\W11-Vik_USER\2025-02-20_00-41-13\NOTICE_91d3fc49.TXT
2025-02-20 00:41:13,905 - INFO - Copied and removed: E:\backup\files\Program Files (x86)\Microsoft Visual Studio\2022\BuildTools\Licenses\BuildTools\1033\ThirdPartyNotices.txt -> C:\Users\USER/Documents/Harvested_Data\W11-Vik_USER\2025-02-20_00-41-13\ThirdPartyNotices_782815bd.txt
2025-02-20 00:41:13,975 - INFO - Copied and removed: E:\backup\files\Program Files (x86)\Microsoft Visual Studio\2022\BuildTools\MSBuild\Current\THIRDPARTYNOTICES.txt -> C:\Users\USER/Documents/Harvested_Data\W11-Vik_USER\2025-02-20_00-41-13\THIRDPARTYNOTICES_01bb7cfa.txt
2025-02-20 00:41:13,995 - INFO - Copied and removed: E:\backup\files\Program Files (x86)\Microsoft Visual Studio\Installer\NOTICE.txt -> C:\Users\USER/Documents/Harvested_Data\W11-Vik_USER\2025-02-20_00-41-13\NOTICE_d5c21e99.txt
2025-02-20 00:41:14,016 - INFO - Copied and removed: E:\backup\files\Program Files (x86)\Realtek\PCIE Wireless LAN\RTWLANE_Driver\Win10X64\rtldata.txt -> C:\Users\USER/Documents/Harvested_Data\W11-Vik_USER\2025-02-20_00-41-14\rtldata_834f7787.txt
2025-02-20 00:41:14,031 - INFO - Copied and removed: E:\backup\files\Program Files (x86)\Realtek\PCIE Wireless LAN\RTWLANE_Driver\Win10X64\rtldata02.txt -> C:\Users\USER/Documents/Harvested_Data\W11-Vik_USER\2025-02-20_00-41-14\rtldata02_b323780b.txt
2025-02-20 00:41:14,045 - INFO - Copied and removed: E:\backup\files\Program Files (x86)\Realtek\PCIE Wireless LAN\RTWLANE_Driver\Win10X64\rtldata60.txt -> C:\Users\USER/Documents/Harvested_Data\W11-Vik_USER\2025-02-20_00-41-14\rtldata60_307fa62d.txt
2025-02-20 00:41:14,064 - INFO - Copied and removed: E:\backup\files\Program Files (x86)\Realtek\PCIE Wireless LAN\RTWLANE_Driver\Win10X86\rtldata.txt -> C:\Users\USER/Documents/Harvested_Data\W11-Vik_USER\2025-02-20_00-41-14\rtldata_834f7787.txt
2025-02-20 00:41:14,081 - INFO - Copied and removed: E:\backup\files\Program Files (x86)\Realtek\PCIE Wireless LAN\RTWLANE_Driver\Win10X86\rtldata02.txt -> C:\Users\USER/Documents/Harvested_Data\W11-Vik_USER\2025-02-20_00-41-14\rtldata02_b323780b.txt
2025-02-20 00:41:14,095 - INFO - Copied and removed: E:\backup\files\Program Files (x86)\Realtek\PCIE Wireless LAN\RTWLANE_Driver\Win10X86\rtldata60.txt -> C:\Users\USER/Documents/Harvested_Data\W11-Vik_USER\2025-02-20_00-41-14\rtldata60_307fa62d.txt
2025-02-20 00:41:14,108 - INFO - Copied and removed: E:\backup\files\Program Files (x86)\Steam\GameOverlayRenderer.log -> C:\Users\USER/Documents/Harvested_Data\W11-Vik_USER\2025-02-20_00-41-14\GameOverlayRenderer_a4711267.log
2025-02-20 00:41:14,122 - INFO - Copied and removed: E:\backup\files\Program Files (x86)\Steam\GameOverlayUI.exe.log -> C:\Users\USER/Documents/Harvested_Data\W11-Vik_USER\2025-02-20_00-41-14\GameOverlayUI.exe_a6476ba4.log
2025-02-20 00:41:14,139 - INFO - Copied and removed: E:\backup\files\Program Files (x86)\Steam\bin\cef\cef.win7x64\debug.log -> C:\Users\USER/Documents/Harvested_Data\W11-Vik_USER\2025-02-20_00-41-14\debug_756996aa.log
2025-02-20 00:41:14,160 - INFO - Copied and removed: E:\backup\files\Program Files (x86)\Steam\controller_base\localization\dualshock_4_brazilian.txt -> C:\Users\USER/Documents/Harvested_Data\W11-Vik_USER\2025-02-20_00-41-14\dualshock_4_brazilian_85b91326.txt
2025-02-20 00:41:14,179 - INFO - Copied and removed: E:\backup\files\Program Files (x86)\Steam\controller_base\localization\dualshock_4_bulgarian.txt -> C:\Users\USER/Documents/Harvested_Data\W11-Vik_USER\2025-02-20_00-41-14\dualshock_4_bulgarian_04fd9c0e.txt
2025-02-20 00:41:14,199 - INFO - Copied and removed: E:\backup\files\Program Files (x86)\Steam\controller_base\localization\dualshock_4_czech.txt -> C:\Users\USER/Documents/Harvested_Data\W11-Vik_USER\2025-02-20_00-41-14\dualshock_4_czech_5e1bb6ab.txt
2025-02-20 00:41:14,219 - INFO - Copied and removed: E:\backup\files\Program Files (x86)\Steam\controller_base\localization\dualshock_4_danish.txt -> C:\Users\USER/Documents/Harvested_Data\W11-Vik_USER\2025-02-20_00-41-14\dualshock_4_danish_cb158a70.txt
2025-02-20 00:41:14,240 - INFO - Copied and removed: E:\backup\files\Program Files (x86)\Steam\controller_base\localization\dualshock_4_dutch.txt -> C:\Users\USER/Documents/Harvested_Data\W11-Vik_USER\2025-02-20_00-41-14\dualshock_4_dutch_6f2ea3f7.txt
2025-02-20 00:41:14,255 - INFO - Copied and removed: E:\backup\files\Program Files (x86)\Steam\controller_base\localization\dualshock_4_english.txt -> C:\Users\USER/Documents/Harvested_Data\W11-Vik_USER\2025-02-20_00-41-14\dualshock_4_english_91a8bc14.txt
2025-02-20 00:41:14,278 - INFO - Copied and removed: E:\backup\files\Program Files (x86)\Steam\controller_base\localization\dualshock_4_finnish.txt -> C:\Users\USER/Documents/Harvested_Data\W11-Vik_USER\2025-02-20_00-41-14\dualshock_4_finnish_be48d604.txt
2025-02-20 00:41:14,298 - INFO - Copied and removed: E:\backup\files\Program Files (x86)\Steam\controller_base\localization\dualshock_4_french.txt -> C:\Users\USER/Documents/Harvested_Data\W11-Vik_USER\2025-02-20_00-41-14\dualshock_4_french_326f371b.txt
2025-02-20 00:41:14,319 - INFO - Copied and removed: E:\backup\files\Program Files (x86)\Steam\controller_base\localization\dualshock_4_german.txt -> C:\Users\USER/Documents/Harvested_Data\W11-Vik_USER\2025-02-20_00-41-14\dualshock_4_german_22ebd8d4.txt
2025-02-20 00:41:14,340 - INFO - Copied and removed: E:\backup\files\Program Files (x86)\Steam\controller_base\localization\dualshock_4_greek.txt -> C:\Users\USER/Documents/Harvested_Data\W11-Vik_USER\2025-02-20_00-41-14\dualshock_4_greek_2290e672.txt
2025-02-20 00:41:14,361 - INFO - Copied and removed: E:\backup\files\Program Files (x86)\Steam\controller_base\localization\dualshock_4_hungarian.txt -> C:\Users\USER/Documents/Harvested_Data\W11-Vik_USER\2025-02-20_00-41-14\dualshock_4_hungarian_6a5ba4ca.txt
2025-02-20 00:41:14,382 - INFO - Copied and removed: E:\backup\files\Program Files (x86)\Steam\controller_base\localization\dualshock_4_indonesian.txt -> C:\Users\USER/Documents/Harvested_Data\W11-Vik_USER\2025-02-20_00-41-14\dualshock_4_indonesian_d9dc3c95.txt
2025-02-20 00:41:14,404 - INFO - Copied and removed: E:\backup\files\Program Files (x86)\Steam\controller_base\localization\dualshock_4_italian.txt -> C:\Users\USER/Documents/Harvested_Data\W11-Vik_USER\2025-02-20_00-41-14\dualshock_4_italian_511b321a.txt
2025-02-20 00:41:14,423 - INFO - Copied and removed: E:\backup\files\Program Files (x86)\Steam\controller_base\localization\dualshock_4_japanese.txt -> C:\Users\USER/Documents/Harvested_Data\W11-Vik_USER\2025-02-20_00-41-14\dualshock_4_japanese_fba203f4.txt
2025-02-20 00:41:14,444 - INFO - Copied and removed: E:\backup\files\Program Files (x86)\Steam\controller_base\localization\dualshock_4_korean.txt -> C:\Users\USER/Documents/Harvested_Data\W11-Vik_USER\2025-02-20_00-41-14\dualshock_4_korean_7b54c4ac.txt
2025-02-20 00:41:14,455 - INFO - Copied and removed: E:\backup\files\Program Files (x86)\Steam\controller_base\localization\dualshock_4_koreana.txt -> C:\Users\USER/Documents/Harvested_Data\W11-Vik_USER\2025-02-20_00-41-14\dualshock_4_koreana_7b54c4ac.txt
2025-02-20 00:41:14,476 - INFO - Copied and removed: E:\backup\files\Program Files (x86)\Steam\controller_base\localization\dualshock_4_latam.txt -> C:\Users\USER/Documents/Harvested_Data\W11-Vik_USER\2025-02-20_00-41-14\dualshock_4_latam_31a48f8f.txt
2025-02-20 00:41:14,499 - INFO - Copied and removed: E:\backup\files\Program Files (x86)\Steam\controller_base\localization\dualshock_4_norwegian.txt -> C:\Users\USER/Documents/Harvested_Data\W11-Vik_USER\2025-02-20_00-41-14\dualshock_4_norwegian_dab527b6.txt
2025-02-20 00:41:14,520 - INFO - Copied and removed: E:\backup\files\Program Files (x86)\Steam\controller_base\localization\dualshock_4_polish.txt -> C:\Users\USER/Documents/Harvested_Data\W11-Vik_USER\2025-02-20_00-41-14\dualshock_4_polish_7866fe5f.txt
2025-02-20 00:41:14,542 - INFO - Copied and removed: E:\backup\files\Program Files (x86)\Steam\controller_base\localization\dualshock_4_portuguese.txt -> C:\Users\USER/Documents/Harvested_Data\W11-Vik_USER\2025-02-20_00-41-14\dualshock_4_portuguese_202f9b4a.txt
2025-02-20 00:41:14,562 - INFO - Copied and removed: E:\backup\files\Program Files (x86)\Steam\controller_base\localization\dualshock_4_romanian.txt -> C:\Users\USER/Documents/Harvested_Data\W11-Vik_USER\2025-02-20_00-41-14\dualshock_4_romanian_dcaaa140.txt
2025-02-20 00:41:14,584 - INFO - Copied and removed: E:\backup\files\Program Files (x86)\Steam\controller_base\localization\dualshock_4_russian.txt -> C:\Users\USER/Documents/Harvested_Data\W11-Vik_USER\2025-02-20_00-41-14\dualshock_4_russian_a6bfd605.txt
2025-02-20 00:41:14,605 - INFO - Copied and removed: E:\backup\files\Program Files (x86)\Steam\controller_base\localization\dualshock_4_schinese.txt -> C:\Users\USER/Documents/Harvested_Data\W11-Vik_USER\2025-02-20_00-41-14\dualshock_4_schinese_08ec41ea.txt
2025-02-20 00:41:14,626 - INFO - Copied and removed: E:\backup\files\Program Files (x86)\Steam\controller_base\localization\dualshock_4_spanish.txt -> C:\Users\USER/Documents/Harvested_Data\W11-Vik_USER\2025-02-20_00-41-14\dualshock_4_spanish_9122070f.txt
2025-02-20 00:41:14,645 - INFO - Copied and removed: E:\backup\files\Program Files (x86)\Steam\controller_base\localization\dualshock_4_swedish.txt -> C:\Users\USER/Documents/Harvested_Data\W11-Vik_USER\2025-02-20_00-41-14\dualshock_4_swedish_90722b8c.txt
2025-02-20 00:41:14,667 - INFO - Copied and removed: E:\backup\files\Program Files (x86)\Steam\controller_base\localization\dualshock_4_tchinese.txt -> C:\Users\USER/Documents/Harvested_Data\W11-Vik_USER\2025-02-20_00-41-14\dualshock_4_tchinese_fadf7067.txt
2025-02-20 00:41:14,688 - INFO - Copied and removed: E:\backup\files\Program Files (x86)\Steam\controller_base\localization\dualshock_4_thai.txt -> C:\Users\USER/Documents/Harvested_Data\W11-Vik_USER\2025-02-20_00-41-14\dualshock_4_thai_d7046439.txt
2025-02-20 00:41:14,710 - INFO - Copied and removed: E:\backup\files\Program Files (x86)\Steam\controller_base\localization\dualshock_4_turkish.txt -> C:\Users\USER/Documents/Harvested_Data\W11-Vik_USER\2025-02-20_00-41-14\dualshock_4_turkish_f6d49256.txt
2025-02-20 00:41:14,733 - INFO - Copied and removed: E:\backup\files\Program Files (x86)\Steam\controller_base\localization\dualshock_4_ukrainian.txt -> C:\Users\USER/Documents/Harvested_Data\W11-Vik_USER\2025-02-20_00-41-14\dualshock_4_ukrainian_4e9c97e5.txt
2025-02-20 00:41:14,754 - INFO - Copied and removed: E:\backup\files\Program Files (x86)\Steam\controller_base\localization\dualshock_4_vietnamese.txt -> C:\Users\USER/Documents/Harvested_Data\W11-Vik_USER\2025-02-20_00-41-14\dualshock_4_vietnamese_a1c70660.txt
2025-02-20 00:41:14,777 - INFO - Copied and removed: E:\backup\files\Program Files (x86)\Steam\controller_base\localization\steam_controller_brazilian.txt -> C:\Users\USER/Documents/Harvested_Data\W11-Vik_USER\2025-02-20_00-41-14\steam_controller_brazilian_0cb2b751.txt
2025-02-20 00:41:14,799 - INFO - Copied and removed: E:\backup\files\Program Files (x86)\Steam\controller_base\localization\steam_controller_bulgarian.txt -> C:\Users\USER/Documents/Harvested_Data\W11-Vik_USER\2025-02-20_00-41-14\steam_controller_bulgarian_60fb66f4.txt
2025-02-20 00:41:14,821 - INFO - Copied and removed: E:\backup\files\Program Files (x86)\Steam\controller_base\localization\steam_controller_czech.txt -> C:\Users\USER/Documents/Harvested_Data\W11-Vik_USER\2025-02-20_00-41-14\steam_controller_czech_6a80f06b.txt
2025-02-20 00:41:14,842 - INFO - Copied and removed: E:\backup\files\Program Files (x86)\Steam\controller_base\localization\steam_controller_danish.txt -> C:\Users\USER/Documents/Harvested_Data\W11-Vik_USER\2025-02-20_00-41-14\steam_controller_danish_acd6207a.txt
2025-02-20 00:41:14,865 - INFO - Copied and removed: E:\backup\files\Program Files (x86)\Steam\controller_base\localization\steam_controller_dutch.txt -> C:\Users\USER/Documents/Harvested_Data\W11-Vik_USER\2025-02-20_00-41-14\steam_controller_dutch_c88bcdb4.txt
2025-02-20 00:41:14,881 - INFO - Copied and removed: E:\backup\files\Program Files (x86)\Steam\controller_base\localization\steam_controller_english.txt -> C:\Users\USER/Documents/Harvested_Data\W11-Vik_USER\2025-02-20_00-41-14\steam_controller_english_bc335215.txt
2025-02-20 00:41:14,903 - INFO - Copied and removed: E:\backup\files\Program Files (x86)\Steam\controller_base\localization\steam_controller_finnish.txt -> C:\Users\USER/Documents/Harvested_Data\W11-Vik_USER\2025-02-20_00-41-14\steam_controller_finnish_cccd7e15.txt
2025-02-20 00:41:14,924 - INFO - Copied and removed: E:\backup\files\Program Files (x86)\Steam\controller_base\localization\steam_controller_french.txt -> C:\Users\USER/Documents/Harvested_Data\W11-Vik_USER\2025-02-20_00-41-14\steam_controller_french_741ba925.txt
2025-02-20 00:41:14,947 - INFO - Copied and removed: E:\backup\files\Program Files (x86)\Steam\controller_base\localization\steam_controller_german.txt -> C:\Users\USER/Documents/Harvested_Data\W11-Vik_USER\2025-02-20_00-41-14\steam_controller_german_045cee81.txt
2025-02-20 00:41:14,968 - INFO - Copied and removed: E:\backup\files\Program Files (x86)\Steam\controller_base\localization\steam_controller_greek.txt -> C:\Users\USER/Documents/Harvested_Data\W11-Vik_USER\2025-02-20_00-41-14\steam_controller_greek_2ea1e964.txt
2025-02-20 00:41:14,990 - INFO - Copied and removed: E:\backup\files\Program Files (x86)\Steam\controller_base\localization\steam_controller_hungarian.txt -> C:\Users\USER/Documents/Harvested_Data\W11-Vik_USER\2025-02-20_00-41-14\steam_controller_hungarian_7a74497c.txt
2025-02-20 00:41:15,011 - INFO - Copied and removed: E:\backup\files\Program Files (x86)\Steam\controller_base\localization\steam_controller_indonesian.txt -> C:\Users\USER/Documents/Harvested_Data\W11-Vik_USER\2025-02-20_00-41-15\steam_controller_indonesian_f064a6d9.txt
2025-02-20 00:41:15,464 - INFO - Copied and removed: E:\backup\files\Program Files (x86)\Steam\controller_base\localization\steam_controller_italian.txt -> C:\Users\USER/Documents/Harvested_Data\W11-Vik_USER\2025-02-20_00-41-15\steam_controller_italian_3aa624f9.txt
2025-02-20 00:41:15,485 - INFO - Copied and removed: E:\backup\files\Program Files (x86)\Steam\controller_base\localization\steam_controller_japanese.txt -> C:\Users\USER/Documents/Harvested_Data\W11-Vik_USER\2025-02-20_00-41-15\steam_controller_japanese_ba6a7cc7.txt
2025-02-20 00:41:15,507 - INFO - Copied and removed: E:\backup\files\Program Files (x86)\Steam\controller_base\localization\steam_controller_korean.txt -> C:\Users\USER/Documents/Harvested_Data\W11-Vik_USER\2025-02-20_00-41-15\steam_controller_korean_45c64124.txt
2025-02-20 00:41:15,517 - INFO - Copied and removed: E:\backup\files\Program Files (x86)\Steam\controller_base\localization\steam_controller_koreana.txt -> C:\Users\USER/Documents/Harvested_Data\W11-Vik_USER\2025-02-20_00-41-15\steam_controller_koreana_45c64124.txt
2025-02-20 00:41:15,541 - INFO - Copied and removed: E:\backup\files\Program Files (x86)\Steam\controller_base\localization\steam_controller_latam.txt -> C:\Users\USER/Documents/Harvested_Data\W11-Vik_USER\2025-02-20_00-41-15\steam_controller_latam_64ac6456.txt
2025-02-20 00:41:15,564 - INFO - Copied and removed: E:\backup\files\Program Files (x86)\Steam\controller_base\localization\steam_controller_norwegian.txt -> C:\Users\USER/Documents/Harvested_Data\W11-Vik_USER\2025-02-20_00-41-15\steam_controller_norwegian_ce9fcbc1.txt
2025-02-20 00:41:15,588 - INFO - Copied and removed: E:\backup\files\Program Files (x86)\Steam\controller_base\localization\steam_controller_polish.txt -> C:\Users\USER/Documents/Harvested_Data\W11-Vik_USER\2025-02-20_00-41-15\steam_controller_polish_6a4af65d.txt
2025-02-20 00:41:15,610 - INFO - Copied and removed: E:\backup\files\Program Files (x86)\Steam\controller_base\localization\steam_controller_portuguese.txt -> C:\Users\USER/Documents/Harvested_Data\W11-Vik_USER\2025-02-20_00-41-15\steam_controller_portuguese_5b90eddc.txt
2025-02-20 00:41:15,631 - INFO - Copied and removed: E:\backup\files\Program Files (x86)\Steam\controller_base\localization\steam_controller_romanian.txt -> C:\Users\USER/Documents/Harvested_Data\W11-Vik_USER\2025-02-20_00-41-15\steam_controller_romanian_7e9ba878.txt
2025-02-20 00:41:15,654 - INFO - Copied and removed: E:\backup\files\Program Files (x86)\Steam\controller_base\localization\steam_controller_russian.txt -> C:\Users\USER/Documents/Harvested_Data\W11-Vik_USER\2025-02-20_00-41-15\steam_controller_russian_5d153631.txt
2025-02-20 00:41:15,677 - INFO - Copied and removed: E:\backup\files\Program Files (x86)\Steam\controller_base\localization\steam_controller_schinese.txt -> C:\Users\USER/Documents/Harvested_Data\W11-Vik_USER\2025-02-20_00-41-15\steam_controller_schinese_0d55fb39.txt
2025-02-20 00:41:15,699 - INFO - Copied and removed: E:\backup\files\Program Files (x86)\Steam\controller_base\localization\steam_controller_spanish.txt -> C:\Users\USER/Documents/Harvested_Data\W11-Vik_USER\2025-02-20_00-41-15\steam_controller_spanish_8a1b662b.txt
2025-02-20 00:41:15,720 - INFO - Copied and removed: E:\backup\files\Program Files (x86)\Steam\controller_base\localization\steam_controller_swedish.txt -> C:\Users\USER/Documents/Harvested_Data\W11-Vik_USER\2025-02-20_00-41-15\steam_controller_swedish_638d12d0.txt
2025-02-20 00:41:15,744 - INFO - Copied and removed: E:\backup\files\Program Files (x86)\Steam\controller_base\localization\steam_controller_tchinese.txt -> C:\Users\USER/Documents/Harvested_Data\W11-Vik_USER\2025-02-20_00-41-15\steam_controller_tchinese_2e192cdd.txt
2025-02-20 00:41:15,766 - INFO - Copied and removed: E:\backup\files\Program Files (x86)\Steam\controller_base\localization\steam_controller_thai.txt -> C:\Users\USER/Documents/Harvested_Data\W11-Vik_USER\2025-02-20_00-41-15\steam_controller_thai_adda43bb.txt
2025-02-20 00:41:15,789 - INFO - Copied and removed: E:\backup\files\Program Files (x86)\Steam\controller_base\localization\steam_controller_turkish.txt -> C:\Users\USER/Documents/Harvested_Data\W11-Vik_USER\2025-02-20_00-41-15\steam_controller_turkish_dc0e2630.txt
2025-02-20 00:41:15,813 - INFO - Copied and removed: E:\backup\files\Program Files (x86)\Steam\controller_base\localization\steam_controller_ukrainian.txt -> C:\Users\USER/Documents/Harvested_Data\W11-Vik_USER\2025-02-20_00-41-15\steam_controller_ukrainian_2ac47487.txt
2025-02-20 00:41:15,833 - INFO - Copied and removed: E:\backup\files\Program Files (x86)\Steam\controller_base\localization\steam_controller_vietnamese.txt -> C:\Users\USER/Documents/Harvested_Data\W11-Vik_USER\2025-02-20_00-41-15\steam_controller_vietnamese_0025ed94.txt
2025-02-20 00:41:15,855 - INFO - Copied and removed: E:\backup\files\Program Files (x86)\Steam\controller_base\localization\switch_controller_brazilian.txt -> C:\Users\USER/Documents/Harvested_Data\W11-Vik_USER\2025-02-20_00-41-15\switch_controller_brazilian_ce587449.txt
2025-02-20 00:41:15,875 - INFO - Copied and removed: E:\backup\files\Program Files (x86)\Steam\controller_base\localization\switch_controller_bulgarian.txt -> C:\Users\USER/Documents/Harvested_Data\W11-Vik_USER\2025-02-20_00-41-15\switch_controller_bulgarian_7449cbea.txt
2025-02-20 00:41:15,896 - INFO - Copied and removed: E:\backup\files\Program Files (x86)\Steam\controller_base\localization\switch_controller_czech.txt -> C:\Users\USER/Documents/Harvested_Data\W11-Vik_USER\2025-02-20_00-41-15\switch_controller_czech_16f64057.txt
2025-02-20 00:41:15,916 - INFO - Copied and removed: E:\backup\files\Program Files (x86)\Steam\controller_base\localization\switch_controller_danish.txt -> C:\Users\USER/Documents/Harvested_Data\W11-Vik_USER\2025-02-20_00-41-15\switch_controller_danish_3af6f420.txt
2025-02-20 00:41:15,936 - INFO - Copied and removed: E:\backup\files\Program Files (x86)\Steam\controller_base\localization\switch_controller_dutch.txt -> C:\Users\USER/Documents/Harvested_Data\W11-Vik_USER\2025-02-20_00-41-15\switch_controller_dutch_b0229f1b.txt
2025-02-20 00:41:15,952 - INFO - Copied and removed: E:\backup\files\Program Files (x86)\Steam\controller_base\localization\switch_controller_english.txt -> C:\Users\USER/Documents/Harvested_Data\W11-Vik_USER\2025-02-20_00-41-15\switch_controller_english_6a83636c.txt
2025-02-20 00:41:15,973 - INFO - Copied and removed: E:\backup\files\Program Files (x86)\Steam\controller_base\localization\switch_controller_finnish.txt -> C:\Users\USER/Documents/Harvested_Data\W11-Vik_USER\2025-02-20_00-41-15\switch_controller_finnish_26129a54.txt
2025-02-20 00:41:15,992 - INFO - Copied and removed: E:\backup\files\Program Files (x86)\Steam\controller_base\localization\switch_controller_french.txt -> C:\Users\USER/Documents/Harvested_Data\W11-Vik_USER\2025-02-20_00-41-15\switch_controller_french_7b7d1b61.txt
2025-02-20 00:41:16,014 - INFO - Copied and removed: E:\backup\files\Program Files (x86)\Steam\controller_base\localization\switch_controller_german.txt -> C:\Users\USER/Documents/Harvested_Data\W11-Vik_USER\2025-02-20_00-41-16\switch_controller_german_87ece95f.txt
2025-02-20 00:41:16,035 - INFO - Copied and removed: E:\backup\files\Program Files (x86)\Steam\controller_base\localization\switch_controller_greek.txt -> C:\Users\USER/Documents/Harvested_Data\W11-Vik_USER\2025-02-20_00-41-16\switch_controller_greek_40fd65c7.txt
2025-02-20 00:41:16,058 - INFO - Copied and removed: E:\backup\files\Program Files (x86)\Steam\controller_base\localization\switch_controller_hungarian.txt -> C:\Users\USER/Documents/Harvested_Data\W11-Vik_USER\2025-02-20_00-41-16\switch_controller_hungarian_bdeedd0b.txt
2025-02-20 00:41:16,078 - INFO - Copied and removed: E:\backup\files\Program Files (x86)\Steam\controller_base\localization\switch_controller_indonesian.txt -> C:\Users\USER/Documents/Harvested_Data\W11-Vik_USER\2025-02-20_00-41-16\switch_controller_indonesian_fc5c916d.txt
2025-02-20 00:41:16,099 - INFO - Copied and removed: E:\backup\files\Program Files (x86)\Steam\controller_base\localization\switch_controller_italian.txt -> C:\Users\USER/Documents/Harvested_Data\W11-Vik_USER\2025-02-20_00-41-16\switch_controller_italian_db5e94dd.txt
2025-02-20 00:41:16,118 - INFO - Copied and removed: E:\backup\files\Program Files (x86)\Steam\controller_base\localization\switch_controller_japanese.txt -> C:\Users\USER/Documents/Harvested_Data\W11-Vik_USER\2025-02-20_00-41-16\switch_controller_japanese_9b0c5fe2.txt
2025-02-20 00:41:16,139 - INFO - Copied and removed: E:\backup\files\Program Files (x86)\Steam\controller_base\localization\switch_controller_korean.txt -> C:\Users\USER/Documents/Harvested_Data\W11-Vik_USER\2025-02-20_00-41-16\switch_controller_korean_c3d78b11.txt
2025-02-20 00:41:16,148 - INFO - Copied and removed: E:\backup\files\Program Files (x86)\Steam\controller_base\localization\switch_controller_koreana.txt -> C:\Users\USER/Documents/Harvested_Data\W11-Vik_USER\2025-02-20_00-41-16\switch_controller_koreana_c3d78b11.txt
2025-02-20 00:41:16,168 - INFO - Copied and removed: E:\backup\files\Program Files (x86)\Steam\controller_base\localization\switch_controller_latam.txt -> C:\Users\USER/Documents/Harvested_Data\W11-Vik_USER\2025-02-20_00-41-16\switch_controller_latam_b4690dbd.txt
2025-02-20 00:41:16,189 - INFO - Copied and removed: E:\backup\files\Program Files (x86)\Steam\controller_base\localization\switch_controller_norwegian.txt -> C:\Users\USER/Documents/Harvested_Data\W11-Vik_USER\2025-02-20_00-41-16\switch_controller_norwegian_74f2cfd9.txt
2025-02-20 00:41:16,208 - INFO - Copied and removed: E:\backup\files\Program Files (x86)\Steam\controller_base\localization\switch_controller_polish.txt -> C:\Users\USER/Documents/Harvested_Data\W11-Vik_USER\2025-02-20_00-41-16\switch_controller_polish_fa0c5be8.txt
2025-02-20 00:41:16,228 - INFO - Copied and removed: E:\backup\files\Program Files (x86)\Steam\controller_base\localization\switch_controller_portuguese.txt -> C:\Users\USER/Documents/Harvested_Data\W11-Vik_USER\2025-02-20_00-41-16\switch_controller_portuguese_45e941ae.txt
2025-02-20 00:41:16,248 - INFO - Copied and removed: E:\backup\files\Program Files (x86)\Steam\controller_base\localization\switch_controller_romanian.txt -> C:\Users\USER/Documents/Harvested_Data\W11-Vik_USER\2025-02-20_00-41-16\switch_controller_romanian_13809844.txt
2025-02-20 00:41:16,268 - INFO - Copied and removed: E:\backup\files\Program Files (x86)\Steam\controller_base\localization\switch_controller_russian.txt -> C:\Users\USER/Documents/Harvested_Data\W11-Vik_USER\2025-02-20_00-41-16\switch_controller_russian_bb593fee.txt
2025-02-20 00:41:16,286 - INFO - Copied and removed: E:\backup\files\Program Files (x86)\Steam\controller_base\localization\switch_controller_schinese.txt -> C:\Users\USER/Documents/Harvested_Data\W11-Vik_USER\2025-02-20_00-41-16\switch_controller_schinese_0ff2b4ee.txt
2025-02-20 00:41:16,307 - INFO - Copied and removed: E:\backup\files\Program Files (x86)\Steam\controller_base\localization\switch_controller_spanish.txt -> C:\Users\USER/Documents/Harvested_Data\W11-Vik_USER\2025-02-20_00-41-16\switch_controller_spanish_55743382.txt
2025-02-20 00:41:16,328 - INFO - Copied and removed: E:\backup\files\Program Files (x86)\Steam\controller_base\localization\switch_controller_swedish.txt -> C:\Users\USER/Documents/Harvested_Data\W11-Vik_USER\2025-02-20_00-41-16\switch_controller_swedish_777f513a.txt
2025-02-20 00:41:16,346 - INFO - Copied and removed: E:\backup\files\Program Files (x86)\Steam\controller_base\localization\switch_controller_tchinese.txt -> C:\Users\USER/Documents/Harvested_Data\W11-Vik_USER\2025-02-20_00-41-16\switch_controller_tchinese_6d32560f.txt
2025-02-20 00:41:16,366 - INFO - Copied and removed: E:\backup\files\Program Files (x86)\Steam\controller_base\localization\switch_controller_thai.txt -> C:\Users\USER/Documents/Harvested_Data\W11-Vik_USER\2025-02-20_00-41-16\switch_controller_thai_ca4459dd.txt
2025-02-20 00:41:16,385 - INFO - Copied and removed: E:\backup\files\Program Files (x86)\Steam\controller_base\localization\switch_controller_turkish.txt -> C:\Users\USER/Documents/Harvested_Data\W11-Vik_USER\2025-02-20_00-41-16\switch_controller_turkish_97430379.txt
2025-02-20 00:41:16,408 - INFO - Copied and removed: E:\backup\files\Program Files (x86)\Steam\controller_base\localization\switch_controller_ukrainian.txt -> C:\Users\USER/Documents/Harvested_Data\W11-Vik_USER\2025-02-20_00-41-16\switch_controller_ukrainian_e40d2eb0.txt
2025-02-20 00:41:16,427 - INFO - Copied and removed: E:\backup\files\Program Files (x86)\Steam\controller_base\localization\switch_controller_vietnamese.txt -> C:\Users\USER/Documents/Harvested_Data\W11-Vik_USER\2025-02-20_00-41-16\switch_controller_vietnamese_ddbdaef3.txt
2025-02-20 00:41:16,446 - INFO - Copied and removed: E:\backup\files\Program Files (x86)\Steam\controller_base\localization\xbox_360_brazilian.txt -> C:\Users\USER/Documents/Harvested_Data\W11-Vik_USER\2025-02-20_00-41-16\xbox_360_brazilian_7b85b329.txt
2025-02-20 00:41:16,465 - INFO - Copied and removed: E:\backup\files\Program Files (x86)\Steam\controller_base\localization\xbox_360_bulgarian.txt -> C:\Users\USER/Documents/Harvested_Data\W11-Vik_USER\2025-02-20_00-41-16\xbox_360_bulgarian_b15dda34.txt
2025-02-20 00:41:16,490 - INFO - Copied and removed: E:\backup\files\Program Files (x86)\Steam\controller_base\localization\xbox_360_czech.txt -> C:\Users\USER/Documents/Harvested_Data\W11-Vik_USER\2025-02-20_00-41-16\xbox_360_czech_feadb566.txt
2025-02-20 00:41:16,510 - INFO - Copied and removed: E:\backup\files\Program Files (x86)\Steam\controller_base\localization\xbox_360_danish.txt -> C:\Users\USER/Documents/Harvested_Data\W11-Vik_USER\2025-02-20_00-41-16\xbox_360_danish_efc19422.txt
2025-02-20 00:41:16,529 - INFO - Copied and removed: E:\backup\files\Program Files (x86)\Steam\controller_base\localization\xbox_360_dutch.txt -> C:\Users\USER/Documents/Harvested_Data\W11-Vik_USER\2025-02-20_00-41-16\xbox_360_dutch_77c9672d.txt
2025-02-20 00:41:16,545 - INFO - Copied and removed: E:\backup\files\Program Files (x86)\Steam\controller_base\localization\xbox_360_english.txt -> C:\Users\USER/Documents/Harvested_Data\W11-Vik_USER\2025-02-20_00-41-16\xbox_360_english_ebaa4069.txt
2025-02-20 00:41:16,563 - INFO - Copied and removed: E:\backup\files\Program Files (x86)\Steam\controller_base\localization\xbox_360_finnish.txt -> C:\Users\USER/Documents/Harvested_Data\W11-Vik_USER\2025-02-20_00-41-16\xbox_360_finnish_9f057c47.txt
2025-02-20 00:41:16,581 - INFO - Copied and removed: E:\backup\files\Program Files (x86)\Steam\controller_base\localization\xbox_360_french.txt -> C:\Users\USER/Documents/Harvested_Data\W11-Vik_USER\2025-02-20_00-41-16\xbox_360_french_373943e0.txt
2025-02-20 00:41:16,655 - INFO - Copied and removed: E:\backup\files\Program Files (x86)\Steam\controller_base\localization\xbox_360_german.txt -> C:\Users\USER/Documents/Harvested_Data\W11-Vik_USER\2025-02-20_00-41-16\xbox_360_german_f5f2e9f0.txt
2025-02-20 00:41:16,673 - INFO - Copied and removed: E:\backup\files\Program Files (x86)\Steam\controller_base\localization\xbox_360_greek.txt -> C:\Users\USER/Documents/Harvested_Data\W11-Vik_USER\2025-02-20_00-41-16\xbox_360_greek_d6ff9183.txt
2025-02-20 00:41:16,692 - INFO - Copied and removed: E:\backup\files\Program Files (x86)\Steam\controller_base\localization\xbox_360_hungarian.txt -> C:\Users\USER/Documents/Harvested_Data\W11-Vik_USER\2025-02-20_00-41-16\xbox_360_hungarian_37282a95.txt
2025-02-20 00:41:16,711 - INFO - Copied and removed: E:\backup\files\Program Files (x86)\Steam\controller_base\localization\xbox_360_indonesian.txt -> C:\Users\USER/Documents/Harvested_Data\W11-Vik_USER\2025-02-20_00-41-16\xbox_360_indonesian_c0d72c88.txt
2025-02-20 00:41:16,730 - INFO - Copied and removed: E:\backup\files\Program Files (x86)\Steam\controller_base\localization\xbox_360_italian.txt -> C:\Users\USER/Documents/Harvested_Data\W11-Vik_USER\2025-02-20_00-41-16\xbox_360_italian_c9ba6bf0.txt
2025-02-20 00:41:16,776 - INFO - Copied and removed: E:\backup\files\Program Files (x86)\Steam\controller_base\localization\xbox_360_japanese.txt -> C:\Users\USER/Documents/Harvested_Data\W11-Vik_USER\2025-02-20_00-41-16\xbox_360_japanese_ed0a8258.txt
2025-02-20 00:41:16,795 - INFO - Copied and removed: E:\backup\files\Program Files (x86)\Steam\controller_base\localization\xbox_360_korean.txt -> C:\Users\USER/Documents/Harvested_Data\W11-Vik_USER\2025-02-20_00-41-16\xbox_360_korean_aa23096a.txt
2025-02-20 00:41:16,802 - INFO - Copied and removed: E:\backup\files\Program Files (x86)\Steam\controller_base\localization\xbox_360_koreana.txt -> C:\Users\USER/Documents/Harvested_Data\W11-Vik_USER\2025-02-20_00-41-16\xbox_360_koreana_aa23096a.txt
2025-02-20 00:41:16,822 - INFO - Copied and removed: E:\backup\files\Program Files (x86)\Steam\controller_base\localization\xbox_360_latam.txt -> C:\Users\USER/Documents/Harvested_Data\W11-Vik_USER\2025-02-20_00-41-16\xbox_360_latam_4928ce04.txt
2025-02-20 00:41:16,849 - INFO - Copied and removed: E:\backup\files\Program Files (x86)\Steam\controller_base\localization\xbox_360_norwegian.txt -> C:\Users\USER/Documents/Harvested_Data\W11-Vik_USER\2025-02-20_00-41-16\xbox_360_norwegian_8940ce35.txt
2025-02-20 00:41:16,868 - INFO - Copied and removed: E:\backup\files\Program Files (x86)\Steam\controller_base\localization\xbox_360_polish.txt -> C:\Users\USER/Documents/Harvested_Data\W11-Vik_USER\2025-02-20_00-41-16\xbox_360_polish_ac9e3c92.txt
2025-02-20 00:41:16,887 - INFO - Copied and removed: E:\backup\files\Program Files (x86)\Steam\controller_base\localization\xbox_360_portuguese.txt -> C:\Users\USER/Documents/Harvested_Data\W11-Vik_USER\2025-02-20_00-41-16\xbox_360_portuguese_4073dba0.txt
2025-02-20 00:41:16,907 - INFO - Copied and removed: E:\backup\files\Program Files (x86)\Steam\controller_base\localization\xbox_360_romanian.txt -> C:\Users\USER/Documents/Harvested_Data\W11-Vik_USER\2025-02-20_00-41-16\xbox_360_romanian_f5942766.txt
2025-02-20 00:41:16,926 - INFO - Copied and removed: E:\backup\files\Program Files (x86)\Steam\controller_base\localization\xbox_360_russian.txt -> C:\Users\USER/Documents/Harvested_Data\W11-Vik_USER\2025-02-20_00-41-16\xbox_360_russian_cda91896.txt
2025-02-20 00:41:16,944 - INFO - Copied and removed: E:\backup\files\Program Files (x86)\Steam\controller_base\localization\xbox_360_schinese.txt -> C:\Users\USER/Documents/Harvested_Data\W11-Vik_USER\2025-02-20_00-41-16\xbox_360_schinese_9c5f30c9.txt
2025-02-20 00:41:16,954 - INFO - Copied and removed: E:\backup\files\Program Files (x86)\Steam\controller_base\localization\xbox_360_spanish.txt -> C:\Users\USER/Documents/Harvested_Data\W11-Vik_USER\2025-02-20_00-41-16\xbox_360_spanish_4928ce04.txt
2025-02-20 00:41:16,973 - INFO - Copied and removed: E:\backup\files\Program Files (x86)\Steam\controller_base\localization\xbox_360_swedish.txt -> C:\Users\USER/Documents/Harvested_Data\W11-Vik_USER\2025-02-20_00-41-16\xbox_360_swedish_a0071aef.txt
2025-02-20 00:41:16,993 - INFO - Copied and removed: E:\backup\files\Program Files (x86)\Steam\controller_base\localization\xbox_360_tchinese.txt -> C:\Users\USER/Documents/Harvested_Data\W11-Vik_USER\2025-02-20_00-41-16\xbox_360_tchinese_5edc3ec9.txt
2025-02-20 00:41:17,012 - INFO - Copied and removed: E:\backup\files\Program Files (x86)\Steam\controller_base\localization\xbox_360_thai.txt -> C:\Users\USER/Documents/Harvested_Data\W11-Vik_USER\2025-02-20_00-41-17\xbox_360_thai_d1a4ddca.txt
2025-02-20 00:41:17,030 - INFO - Copied and removed: E:\backup\files\Program Files (x86)\Steam\controller_base\localization\xbox_360_turkish.txt -> C:\Users\USER/Documents/Harvested_Data\W11-Vik_USER\2025-02-20_00-41-17\xbox_360_turkish_ed42c1ca.txt
2025-02-20 00:41:17,050 - INFO - Copied and removed: E:\backup\files\Program Files (x86)\Steam\controller_base\localization\xbox_360_ukrainian.txt -> C:\Users\USER/Documents/Harvested_Data\W11-Vik_USER\2025-02-20_00-41-17\xbox_360_ukrainian_0d1f6653.txt
2025-02-20 00:41:17,066 - INFO - Copied and removed: E:\backup\files\Program Files (x86)\Steam\controller_base\localization\xbox_360_vietnamese.txt -> C:\Users\USER/Documents/Harvested_Data\W11-Vik_USER\2025-02-20_00-41-17\xbox_360_vietnamese_ae2a8eda.txt
2025-02-20 00:41:17,085 - INFO - Copied and removed: E:\backup\files\Program Files (x86)\Steam\controller_base\localization\xbox_one_brazilian.txt -> C:\Users\USER/Documents/Harvested_Data\W11-Vik_USER\2025-02-20_00-41-17\xbox_one_brazilian_d4c0f287.txt
2025-02-20 00:41:17,104 - INFO - Copied and removed: E:\backup\files\Program Files (x86)\Steam\controller_base\localization\xbox_one_bulgarian.txt -> C:\Users\USER/Documents/Harvested_Data\W11-Vik_USER\2025-02-20_00-41-17\xbox_one_bulgarian_bbe0604a.txt
2025-02-20 00:41:17,122 - INFO - Copied and removed: E:\backup\files\Program Files (x86)\Steam\controller_base\localization\xbox_one_czech.txt -> C:\Users\USER/Documents/Harvested_Data\W11-Vik_USER\2025-02-20_00-41-17\xbox_one_czech_fa702d82.txt
2025-02-20 00:41:17,141 - INFO - Copied and removed: E:\backup\files\Program Files (x86)\Steam\controller_base\localization\xbox_one_danish.txt -> C:\Users\USER/Documents/Harvested_Data\W11-Vik_USER\2025-02-20_00-41-17\xbox_one_danish_f3f3d50e.txt
2025-02-20 00:41:17,159 - INFO - Copied and removed: E:\backup\files\Program Files (x86)\Steam\controller_base\localization\xbox_one_dutch.txt -> C:\Users\USER/Documents/Harvested_Data\W11-Vik_USER\2025-02-20_00-41-17\xbox_one_dutch_513d889e.txt
2025-02-20 00:41:17,172 - INFO - Copied and removed: E:\backup\files\Program Files (x86)\Steam\controller_base\localization\xbox_one_english.txt -> C:\Users\USER/Documents/Harvested_Data\W11-Vik_USER\2025-02-20_00-41-17\xbox_one_english_0da98b2e.txt
2025-02-20 00:41:17,192 - INFO - Copied and removed: E:\backup\files\Program Files (x86)\Steam\controller_base\localization\xbox_one_finnish.txt -> C:\Users\USER/Documents/Harvested_Data\W11-Vik_USER\2025-02-20_00-41-17\xbox_one_finnish_411f0044.txt
2025-02-20 00:41:17,210 - INFO - Copied and removed: E:\backup\files\Program Files (x86)\Steam\controller_base\localization\xbox_one_french.txt -> C:\Users\USER/Documents/Harvested_Data\W11-Vik_USER\2025-02-20_00-41-17\xbox_one_french_d2e95e9e.txt
2025-02-20 00:41:17,229 - INFO - Copied and removed: E:\backup\files\Program Files (x86)\Steam\controller_base\localization\xbox_one_german.txt -> C:\Users\USER/Documents/Harvested_Data\W11-Vik_USER\2025-02-20_00-41-17\xbox_one_german_d0456ec3.txt
2025-02-20 00:41:17,247 - INFO - Copied and removed: E:\backup\files\Program Files (x86)\Steam\controller_base\localization\xbox_one_greek.txt -> C:\Users\USER/Documents/Harvested_Data\W11-Vik_USER\2025-02-20_00-41-17\xbox_one_greek_a8995ba8.txt
2025-02-20 00:41:17,265 - INFO - Copied and removed: E:\backup\files\Program Files (x86)\Steam\controller_base\localization\xbox_one_hungarian.txt -> C:\Users\USER/Documents/Harvested_Data\W11-Vik_USER\2025-02-20_00-41-17\xbox_one_hungarian_2bbaac8c.txt
2025-02-20 00:41:17,283 - INFO - Copied and removed: E:\backup\files\Program Files (x86)\Steam\controller_base\localization\xbox_one_indonesian.txt -> C:\Users\USER/Documents/Harvested_Data\W11-Vik_USER\2025-02-20_00-41-17\xbox_one_indonesian_949bd15d.txt
2025-02-20 00:41:17,303 - INFO - Copied and removed: E:\backup\files\Program Files (x86)\Steam\controller_base\localization\xbox_one_italian.txt -> C:\Users\USER/Documents/Harvested_Data\W11-Vik_USER\2025-02-20_00-41-17\xbox_one_italian_e5f7ba76.txt
2025-02-20 00:41:17,320 - INFO - Copied and removed: E:\backup\files\Program Files (x86)\Steam\controller_base\localization\xbox_one_japanese.txt -> C:\Users\USER/Documents/Harvested_Data\W11-Vik_USER\2025-02-20_00-41-17\xbox_one_japanese_61f0102c.txt
2025-02-20 00:41:17,340 - INFO - Copied and removed: E:\backup\files\Program Files (x86)\Steam\controller_base\localization\xbox_one_korean.txt -> C:\Users\USER/Documents/Harvested_Data\W11-Vik_USER\2025-02-20_00-41-17\xbox_one_korean_1d58b692.txt
2025-02-20 00:41:17,348 - INFO - Copied and removed: E:\backup\files\Program Files (x86)\Steam\controller_base\localization\xbox_one_koreana.txt -> C:\Users\USER/Documents/Harvested_Data\W11-Vik_USER\2025-02-20_00-41-17\xbox_one_koreana_1d58b692.txt
2025-02-20 00:41:17,366 - INFO - Copied and removed: E:\backup\files\Program Files (x86)\Steam\controller_base\localization\xbox_one_latam.txt -> C:\Users\USER/Documents/Harvested_Data\W11-Vik_USER\2025-02-20_00-41-17\xbox_one_latam_d0e0f259.txt
2025-02-20 00:41:17,385 - INFO - Copied and removed: E:\backup\files\Program Files (x86)\Steam\controller_base\localization\xbox_one_norwegian.txt -> C:\Users\USER/Documents/Harvested_Data\W11-Vik_USER\2025-02-20_00-41-17\xbox_one_norwegian_2f09e3aa.txt
2025-02-20 00:41:17,404 - INFO - Copied and removed: E:\backup\files\Program Files (x86)\Steam\controller_base\localization\xbox_one_polish.txt -> C:\Users\USER/Documents/Harvested_Data\W11-Vik_USER\2025-02-20_00-41-17\xbox_one_polish_9632e923.txt
2025-02-20 00:41:17,423 - INFO - Copied and removed: E:\backup\files\Program Files (x86)\Steam\controller_base\localization\xbox_one_portuguese.txt -> C:\Users\USER/Documents/Harvested_Data\W11-Vik_USER\2025-02-20_00-41-17\xbox_one_portuguese_61c80a36.txt
2025-02-20 00:41:17,441 - INFO - Copied and removed: E:\backup\files\Program Files (x86)\Steam\controller_base\localization\xbox_one_romanian.txt -> C:\Users\USER/Documents/Harvested_Data\W11-Vik_USER\2025-02-20_00-41-17\xbox_one_romanian_50cc283b.txt
2025-02-20 00:41:17,460 - INFO - Copied and removed: E:\backup\files\Program Files (x86)\Steam\controller_base\localization\xbox_one_russian.txt -> C:\Users\USER/Documents/Harvested_Data\W11-Vik_USER\2025-02-20_00-41-17\xbox_one_russian_69074dc6.txt
2025-02-20 00:41:17,478 - INFO - Copied and removed: E:\backup\files\Program Files (x86)\Steam\controller_base\localization\xbox_one_schinese.txt -> C:\Users\USER/Documents/Harvested_Data\W11-Vik_USER\2025-02-20_00-41-17\xbox_one_schinese_b6123304.txt
2025-02-20 00:41:17,487 - INFO - Copied and removed: E:\backup\files\Program Files (x86)\Steam\controller_base\localization\xbox_one_spanish.txt -> C:\Users\USER/Documents/Harvested_Data\W11-Vik_USER\2025-02-20_00-41-17\xbox_one_spanish_d0e0f259.txt
2025-02-20 00:41:17,506 - INFO - Copied and removed: E:\backup\files\Program Files (x86)\Steam\controller_base\localization\xbox_one_swedish.txt -> C:\Users\USER/Documents/Harvested_Data\W11-Vik_USER\2025-02-20_00-41-17\xbox_one_swedish_c0e1c792.txt
2025-02-20 00:41:17,527 - INFO - Copied and removed: E:\backup\files\Program Files (x86)\Steam\controller_base\localization\xbox_one_tchinese.txt -> C:\Users\USER/Documents/Harvested_Data\W11-Vik_USER\2025-02-20_00-41-17\xbox_one_tchinese_a1d8a7c9.txt
2025-02-20 00:41:17,547 - INFO - Copied and removed: E:\backup\files\Program Files (x86)\Steam\controller_base\localization\xbox_one_thai.txt -> C:\Users\USER/Documents/Harvested_Data\W11-Vik_USER\2025-02-20_00-41-17\xbox_one_thai_83db7431.txt
2025-02-20 00:41:17,568 - INFO - Copied and removed: E:\backup\files\Program Files (x86)\Steam\controller_base\localization\xbox_one_turkish.txt -> C:\Users\USER/Documents/Harvested_Data\W11-Vik_USER\2025-02-20_00-41-17\xbox_one_turkish_02f3200c.txt
2025-02-20 00:41:17,588 - INFO - Copied and removed: E:\backup\files\Program Files (x86)\Steam\controller_base\localization\xbox_one_ukrainian.txt -> C:\Users\USER/Documents/Harvested_Data\W11-Vik_USER\2025-02-20_00-41-17\xbox_one_ukrainian_7341b49e.txt
2025-02-20 00:41:17,623 - INFO - Copied and removed: E:\backup\files\Program Files (x86)\Steam\controller_base\localization\xbox_one_vietnamese.txt -> C:\Users\USER/Documents/Harvested_Data\W11-Vik_USER\2025-02-20_00-41-17\xbox_one_vietnamese_e7e2b491.txt
2025-02-20 00:41:17,650 - INFO - Copied and removed: E:\backup\files\Program Files (x86)\Steam\friends\trackerui_brazilian.txt -> C:\Users\USER/Documents/Harvested_Data\W11-Vik_USER\2025-02-20_00-41-17\trackerui_brazilian_762c2f94.txt
2025-02-20 00:41:17,674 - INFO - Copied and removed: E:\backup\files\Program Files (x86)\Steam\friends\trackerui_bulgarian.txt -> C:\Users\USER/Documents/Harvested_Data\W11-Vik_USER\2025-02-20_00-41-17\trackerui_bulgarian_553ece2f.txt
2025-02-20 00:41:17,704 - INFO - Copied and removed: E:\backup\files\Program Files (x86)\Steam\friends\trackerui_czech.txt -> C:\Users\USER/Documents/Harvested_Data\W11-Vik_USER\2025-02-20_00-41-17\trackerui_czech_b74c769d.txt
2025-02-20 00:41:17,732 - INFO - Copied and removed: E:\backup\files\Program Files (x86)\Steam\friends\trackerui_danish.txt -> C:\Users\USER/Documents/Harvested_Data\W11-Vik_USER\2025-02-20_00-41-17\trackerui_danish_e4682e30.txt
2025-02-20 00:41:17,760 - INFO - Copied and removed: E:\backup\files\Program Files (x86)\Steam\friends\trackerui_dutch.txt -> C:\Users\USER/Documents/Harvested_Data\W11-Vik_USER\2025-02-20_00-41-17\trackerui_dutch_1badd446.txt
2025-02-20 00:41:17,789 - INFO - Copied and removed: E:\backup\files\Program Files (x86)\Steam\friends\trackerui_english.txt -> C:\Users\USER/Documents/Harvested_Data\W11-Vik_USER\2025-02-20_00-41-17\trackerui_english_0815c376.txt
2025-02-20 00:41:17,865 - INFO - Copied and removed: E:\backup\files\Program Files (x86)\Steam\friends\trackerui_finnish.txt -> C:\Users\USER/Documents/Harvested_Data\W11-Vik_USER\2025-02-20_00-41-17\trackerui_finnish_eaf8ba9f.txt
2025-02-20 00:41:17,890 - INFO - Copied and removed: E:\backup\files\Program Files (x86)\Steam\friends\trackerui_french.txt -> C:\Users\USER/Documents/Harvested_Data\W11-Vik_USER\2025-02-20_00-41-17\trackerui_french_53d334dc.txt
2025-02-20 00:41:17,918 - INFO - Copied and removed: E:\backup\files\Program Files (x86)\Steam\friends\trackerui_german.txt -> C:\Users\USER/Documents/Harvested_Data\W11-Vik_USER\2025-02-20_00-41-17\trackerui_german_18358af1.txt
2025-02-20 00:41:17,947 - INFO - Copied and removed: E:\backup\files\Program Files (x86)\Steam\friends\trackerui_greek.txt -> C:\Users\USER/Documents/Harvested_Data\W11-Vik_USER\2025-02-20_00-41-17\trackerui_greek_9c50bf5c.txt
2025-02-20 00:41:17,971 - INFO - Copied and removed: E:\backup\files\Program Files (x86)\Steam\friends\trackerui_hungarian.txt -> C:\Users\USER/Documents/Harvested_Data\W11-Vik_USER\2025-02-20_00-41-17\trackerui_hungarian_d2cfb06f.txt
2025-02-20 00:41:17,995 - INFO - Copied and removed: E:\backup\files\Program Files (x86)\Steam\friends\trackerui_indonesian.txt -> C:\Users\USER/Documents/Harvested_Data\W11-Vik_USER\2025-02-20_00-41-17\trackerui_indonesian_470db3fb.txt
2025-02-20 00:41:18,019 - INFO - Copied and removed: E:\backup\files\Program Files (x86)\Steam\friends\trackerui_italian.txt -> C:\Users\USER/Documents/Harvested_Data\W11-Vik_USER\2025-02-20_00-41-18\trackerui_italian_5023ad49.txt
2025-02-20 00:41:18,043 - INFO - Copied and removed: E:\backup\files\Program Files (x86)\Steam\friends\trackerui_japanese.txt -> C:\Users\USER/Documents/Harvested_Data\W11-Vik_USER\2025-02-20_00-41-18\trackerui_japanese_b3471542.txt
2025-02-20 00:41:18,067 - INFO - Copied and removed: E:\backup\files\Program Files (x86)\Steam\friends\trackerui_korean.txt -> C:\Users\USER/Documents/Harvested_Data\W11-Vik_USER\2025-02-20_00-41-18\trackerui_korean_e5520b33.txt
2025-02-20 00:41:18,091 - INFO - Copied and removed: E:\backup\files\Program Files (x86)\Steam\friends\trackerui_koreana.txt -> C:\Users\USER/Documents/Harvested_Data\W11-Vik_USER\2025-02-20_00-41-18\trackerui_koreana_e5520b33.txt
2025-02-20 00:41:18,114 - INFO - Copied and removed: E:\backup\files\Program Files (x86)\Steam\friends\trackerui_latam.txt -> C:\Users\USER/Documents/Harvested_Data\W11-Vik_USER\2025-02-20_00-41-18\trackerui_latam_e80d63ab.txt
2025-02-20 00:41:18,139 - INFO - Copied and removed: E:\backup\files\Program Files (x86)\Steam\friends\trackerui_norwegian.txt -> C:\Users\USER/Documents/Harvested_Data\W11-Vik_USER\2025-02-20_00-41-18\trackerui_norwegian_c7e2a520.txt
2025-02-20 00:41:18,163 - INFO - Copied and removed: E:\backup\files\Program Files (x86)\Steam\friends\trackerui_polish.txt -> C:\Users\USER/Documents/Harvested_Data\W11-Vik_USER\2025-02-20_00-41-18\trackerui_polish_8cae5d53.txt
2025-02-20 00:41:18,187 - INFO - Copied and removed: E:\backup\files\Program Files (x86)\Steam\friends\trackerui_portuguese.txt -> C:\Users\USER/Documents/Harvested_Data\W11-Vik_USER\2025-02-20_00-41-18\trackerui_portuguese_ba5eda5f.txt
2025-02-20 00:41:18,211 - INFO - Copied and removed: E:\backup\files\Program Files (x86)\Steam\friends\trackerui_romanian.txt -> C:\Users\USER/Documents/Harvested_Data\W11-Vik_USER\2025-02-20_00-41-18\trackerui_romanian_839272b2.txt
2025-02-20 00:41:18,237 - INFO - Copied and removed: E:\backup\files\Program Files (x86)\Steam\friends\trackerui_russian.txt -> C:\Users\USER/Documents/Harvested_Data\W11-Vik_USER\2025-02-20_00-41-18\trackerui_russian_230eba46.txt
2025-02-20 00:41:18,261 - INFO - Copied and removed: E:\backup\files\Program Files (x86)\Steam\friends\trackerui_schinese.txt -> C:\Users\USER/Documents/Harvested_Data\W11-Vik_USER\2025-02-20_00-41-18\trackerui_schinese_3f967f56.txt
2025-02-20 00:41:18,285 - INFO - Copied and removed: E:\backup\files\Program Files (x86)\Steam\friends\trackerui_sc_schinese.txt -> C:\Users\USER/Documents/Harvested_Data\W11-Vik_USER\2025-02-20_00-41-18\trackerui_sc_schinese_1f692944.txt
2025-02-20 00:41:18,309 - INFO - Copied and removed: E:\backup\files\Program Files (x86)\Steam\friends\trackerui_spanish.txt -> C:\Users\USER/Documents/Harvested_Data\W11-Vik_USER\2025-02-20_00-41-18\trackerui_spanish_048c5969.txt
2025-02-20 00:41:18,332 - INFO - Copied and removed: E:\backup\files\Program Files (x86)\Steam\friends\trackerui_swedish.txt -> C:\Users\USER/Documents/Harvested_Data\W11-Vik_USER\2025-02-20_00-41-18\trackerui_swedish_fbd21aa4.txt
2025-02-20 00:41:18,357 - INFO - Copied and removed: E:\backup\files\Program Files (x86)\Steam\friends\trackerui_tchinese.txt -> C:\Users\USER/Documents/Harvested_Data\W11-Vik_USER\2025-02-20_00-41-18\trackerui_tchinese_2152c79b.txt
2025-02-20 00:41:18,383 - INFO - Copied and removed: E:\backup\files\Program Files (x86)\Steam\friends\trackerui_thai.txt -> C:\Users\USER/Documents/Harvested_Data\W11-Vik_USER\2025-02-20_00-41-18\trackerui_thai_782886aa.txt
2025-02-20 00:41:18,404 - INFO - Copied and removed: E:\backup\files\Program Files (x86)\Steam\friends\trackerui_turkish.txt -> C:\Users\USER/Documents/Harvested_Data\W11-Vik_USER\2025-02-20_00-41-18\trackerui_turkish_cb519e50.txt
2025-02-20 00:41:18,430 - INFO - Copied and removed: E:\backup\files\Program Files (x86)\Steam\friends\trackerui_ukrainian.txt -> C:\Users\USER/Documents/Harvested_Data\W11-Vik_USER\2025-02-20_00-41-18\trackerui_ukrainian_a9fb3bd7.txt
2025-02-20 00:41:18,455 - INFO - Copied and removed: E:\backup\files\Program Files (x86)\Steam\friends\trackerui_vietnamese.txt -> C:\Users\USER/Documents/Harvested_Data\W11-Vik_USER\2025-02-20_00-41-18\trackerui_vietnamese_32933cbd.txt
2025-02-20 00:41:18,478 - INFO - Copied and removed: E:\backup\files\Program Files (x86)\Steam\logs\appinfo_log.txt -> C:\Users\USER/Documents/Harvested_Data\W11-Vik_USER\2025-02-20_00-41-18\appinfo_log_6a013ba2.txt
2025-02-20 00:41:18,503 - INFO - Copied and removed: E:\backup\files\Program Files (x86)\Steam\logs\bootstrap_log.txt -> C:\Users\USER/Documents/Harvested_Data\W11-Vik_USER\2025-02-20_00-41-18\bootstrap_log_2082f275.txt
2025-02-20 00:41:18,524 - INFO - Copied and removed: E:\backup\files\Program Files (x86)\Steam\logs\cef_log.previous.txt -> C:\Users\USER/Documents/Harvested_Data\W11-Vik_USER\2025-02-20_00-41-18\cef_log.previous_4ea6c12f.txt
2025-02-20 00:41:18,579 - INFO - Copied and removed: E:\backup\files\Program Files (x86)\Steam\logs\cloud_log.previous.txt -> C:\Users\USER/Documents/Harvested_Data\W11-Vik_USER\2025-02-20_00-41-18\cloud_log.previous_17ef6dbf.txt
2025-02-20 00:41:18,602 - INFO - Copied and removed: E:\backup\files\Program Files (x86)\Steam\logs\cloud_log.txt -> C:\Users\USER/Documents/Harvested_Data\W11-Vik_USER\2025-02-20_00-41-18\cloud_log_e7d117a1.txt
2025-02-20 00:41:18,626 - INFO - Copied and removed: E:\backup\files\Program Files (x86)\Steam\logs\configstore_log.txt -> C:\Users\USER/Documents/Harvested_Data\W11-Vik_USER\2025-02-20_00-41-18\configstore_log_c9699d98.txt
2025-02-20 00:41:18,672 - INFO - Copied and removed: E:\backup\files\Program Files (x86)\Steam\logs\connection_log.txt -> C:\Users\USER/Documents/Harvested_Data\W11-Vik_USER\2025-02-20_00-41-18\connection_log_61c07e40.txt
2025-02-20 00:41:18,692 - INFO - Copied and removed: E:\backup\files\Program Files (x86)\Steam\logs\console_log.txt -> C:\Users\USER/Documents/Harvested_Data\W11-Vik_USER\2025-02-20_00-41-18\console_log_8f42b96a.txt
2025-02-20 00:41:18,774 - INFO - Copied and removed: E:\backup\files\Program Files (x86)\Steam\logs\content_log.txt -> C:\Users\USER/Documents/Harvested_Data\W11-Vik_USER\2025-02-20_00-41-18\content_log_f8470fb2.txt
2025-02-20 00:41:18,792 - INFO - Copied and removed: E:\backup\files\Program Files (x86)\Steam\logs\controller.txt -> C:\Users\USER/Documents/Harvested_Data\W11-Vik_USER\2025-02-20_00-41-18\controller_c77ede7e.txt
2025-02-20 00:41:18,809 - INFO - Copied and removed: E:\backup\files\Program Files (x86)\Steam\logs\controller_ui.txt -> C:\Users\USER/Documents/Harvested_Data\W11-Vik_USER\2025-02-20_00-41-18\controller_ui_f3a803ec.txt
2025-02-20 00:41:18,830 - INFO - Copied and removed: E:\backup\files\Program Files (x86)\Steam\logs\gameprocess_log.txt -> C:\Users\USER/Documents/Harvested_Data\W11-Vik_USER\2025-02-20_00-41-18\gameprocess_log_72ef51cd.txt
2025-02-20 00:41:18,848 - INFO - Copied and removed: E:\backup\files\Program Files (x86)\Steam\logs\librarysharing_log.txt -> C:\Users\USER/Documents/Harvested_Data\W11-Vik_USER\2025-02-20_00-41-18\librarysharing_log_3441acdb.txt
2025-02-20 00:41:18,866 - INFO - Copied and removed: E:\backup\files\Program Files (x86)\Steam\logs\parental_log.txt -> C:\Users\USER/Documents/Harvested_Data\W11-Vik_USER\2025-02-20_00-41-18\parental_log_93afa663.txt
2025-02-20 00:41:18,894 - INFO - Copied and removed: E:\backup\files\Program Files (x86)\Steam\logs\remote_connections.txt -> C:\Users\USER/Documents/Harvested_Data\W11-Vik_USER\2025-02-20_00-41-18\remote_connections_4b8ada49.txt
2025-02-20 00:41:18,910 - INFO - Copied and removed: E:\backup\files\Program Files (x86)\Steam\logs\runprocess_log.txt -> C:\Users\USER/Documents/Harvested_Data\W11-Vik_USER\2025-02-20_00-41-18\runprocess_log_0abf2d54.txt
2025-02-20 00:41:18,935 - INFO - Copied and removed: E:\backup\files\Program Files (x86)\Steam\logs\shader_log.txt -> C:\Users\USER/Documents/Harvested_Data\W11-Vik_USER\2025-02-20_00-41-18\shader_log_64b8bdb1.txt
2025-02-20 00:41:18,954 - INFO - Copied and removed: E:\backup\files\Program Files (x86)\Steam\logs\sitelicense_log.txt -> C:\Users\USER/Documents/Harvested_Data\W11-Vik_USER\2025-02-20_00-41-18\sitelicense_log_acd3efd6.txt
2025-02-20 00:41:18,973 - INFO - Copied and removed: E:\backup\files\Program Files (x86)\Steam\logs\stats_log.txt -> C:\Users\USER/Documents/Harvested_Data\W11-Vik_USER\2025-02-20_00-41-18\stats_log_208a65ed.txt
2025-02-20 00:41:18,986 - INFO - Copied and removed: E:\backup\files\Program Files (x86)\Steam\logs\steamui.txt -> C:\Users\USER/Documents/Harvested_Data\W11-Vik_USER\2025-02-20_00-41-18\steamui_66985f7f.txt
2025-02-20 00:41:19,005 - INFO - Copied and removed: E:\backup\files\Program Files (x86)\Steam\logs\steamui_audio.txt -> C:\Users\USER/Documents/Harvested_Data\W11-Vik_USER\2025-02-20_00-41-19\steamui_audio_d7c3990b.txt
2025-02-20 00:41:19,027 - INFO - Copied and removed: E:\backup\files\Program Files (x86)\Steam\logs\steamui_html.txt -> C:\Users\USER/Documents/Harvested_Data\W11-Vik_USER\2025-02-20_00-41-19\steamui_html_95c85696.txt
2025-02-20 00:41:19,065 - INFO - Copied and removed: E:\backup\files\Program Files (x86)\Steam\logs\steamui_librarycache.txt -> C:\Users\USER/Documents/Harvested_Data\W11-Vik_USER\2025-02-20_00-41-19\steamui_librarycache_20c0eb93.txt
2025-02-20 00:41:19,086 - INFO - Copied and removed: E:\backup\files\Program Files (x86)\Steam\logs\steamui_login.txt -> C:\Users\USER/Documents/Harvested_Data\W11-Vik_USER\2025-02-20_00-41-19\steamui_login_8cbf5d0b.txt
2025-02-20 00:41:19,103 - INFO - Copied and removed: E:\backup\files\Program Files (x86)\Steam\logs\steamui_system.txt -> C:\Users\USER/Documents/Harvested_Data\W11-Vik_USER\2025-02-20_00-41-19\steamui_system_f7794b0f.txt
2025-02-20 00:41:19,124 - INFO - Copied and removed: E:\backup\files\Program Files (x86)\Steam\logs\steamui_update.txt -> C:\Users\USER/Documents/Harvested_Data\W11-Vik_USER\2025-02-20_00-41-19\steamui_update_aef012b7.txt
2025-02-20 00:41:19,146 - INFO - Copied and removed: E:\backup\files\Program Files (x86)\Steam\logs\streaming_log.txt -> C:\Users\USER/Documents/Harvested_Data\W11-Vik_USER\2025-02-20_00-41-19\streaming_log_7a65af2c.txt
2025-02-20 00:41:19,165 - INFO - Copied and removed: E:\backup\files\Program Files (x86)\Steam\logs\systemaudiomanager.txt -> C:\Users\USER/Documents/Harvested_Data\W11-Vik_USER\2025-02-20_00-41-19\systemaudiomanager_065294dc.txt
2025-02-20 00:41:19,182 - INFO - Copied and removed: E:\backup\files\Program Files (x86)\Steam\logs\systemdisplaymanager.txt -> C:\Users\USER/Documents/Harvested_Data\W11-Vik_USER\2025-02-20_00-41-19\systemdisplaymanager_ed39e3d6.txt
2025-02-20 00:41:19,200 - INFO - Copied and removed: E:\backup\files\Program Files (x86)\Steam\logs\systemdockmanager.txt -> C:\Users\USER/Documents/Harvested_Data\W11-Vik_USER\2025-02-20_00-41-19\systemdockmanager_c691bf8c.txt
2025-02-20 00:41:19,220 - INFO - Copied and removed: E:\backup\files\Program Files (x86)\Steam\logs\systemmanager.txt -> C:\Users\USER/Documents/Harvested_Data\W11-Vik_USER\2025-02-20_00-41-19\systemmanager_2480c832.txt
2025-02-20 00:41:19,239 - INFO - Copied and removed: E:\backup\files\Program Files (x86)\Steam\logs\systemperfmanager.txt -> C:\Users\USER/Documents/Harvested_Data\W11-Vik_USER\2025-02-20_00-41-19\systemperfmanager_32ab033c.txt
2025-02-20 00:41:19,259 - INFO - Copied and removed: E:\backup\files\Program Files (x86)\Steam\logs\text_filter_log.txt -> C:\Users\USER/Documents/Harvested_Data\W11-Vik_USER\2025-02-20_00-41-19\text_filter_log_c591a69f.txt
2025-02-20 00:41:19,275 - INFO - Copied and removed: E:\backup\files\Program Files (x86)\Steam\logs\timedtrial_log.txt -> C:\Users\USER/Documents/Harvested_Data\W11-Vik_USER\2025-02-20_00-41-19\timedtrial_log_98e3ece0.txt
2025-02-20 00:41:19,295 - INFO - Copied and removed: E:\backup\files\Program Files (x86)\Steam\logs\transport_client.txt -> C:\Users\USER/Documents/Harvested_Data\W11-Vik_USER\2025-02-20_00-41-19\transport_client_878328c9.txt
2025-02-20 00:41:19,313 - INFO - Copied and removed: E:\backup\files\Program Files (x86)\Steam\logs\transport_steamui.txt -> C:\Users\USER/Documents/Harvested_Data\W11-Vik_USER\2025-02-20_00-41-19\transport_steamui_01f0a923.txt
2025-02-20 00:41:19,360 - INFO - Copied and removed: E:\backup\files\Program Files (x86)\Steam\logs\webhelper.txt -> C:\Users\USER/Documents/Harvested_Data\W11-Vik_USER\2025-02-20_00-41-19\webhelper_e1ccb28b.txt
2025-02-20 00:41:19,408 - INFO - Copied and removed: E:\backup\files\Program Files (x86)\Steam\logs\webhelper_gpu.txt -> C:\Users\USER/Documents/Harvested_Data\W11-Vik_USER\2025-02-20_00-41-19\webhelper_gpu_08bff648.txt
2025-02-20 00:41:19,430 - INFO - Copied and removed: E:\backup\files\Program Files (x86)\Steam\logs\workshop_log.txt -> C:\Users\USER/Documents/Harvested_Data\W11-Vik_USER\2025-02-20_00-41-19\workshop_log_da2be5f1.txt
2025-02-20 00:41:19,450 - INFO - Copied and removed: E:\backup\files\Program Files (x86)\Steam\public\steambootstrapper_brazilian.txt -> C:\Users\USER/Documents/Harvested_Data\W11-Vik_USER\2025-02-20_00-41-19\steambootstrapper_brazilian_ba82765c.txt
2025-02-20 00:41:19,491 - INFO - Copied and removed: E:\backup\files\Program Files (x86)\Steam\public\steambootstrapper_bulgarian.txt -> C:\Users\USER/Documents/Harvested_Data\W11-Vik_USER\2025-02-20_00-41-19\steambootstrapper_bulgarian_1b3842ce.txt
2025-02-20 00:41:19,510 - INFO - Copied and removed: E:\backup\files\Program Files (x86)\Steam\public\steambootstrapper_czech.txt -> C:\Users\USER/Documents/Harvested_Data\W11-Vik_USER\2025-02-20_00-41-19\steambootstrapper_czech_4d3c414f.txt
2025-02-20 00:41:19,527 - INFO - Copied and removed: E:\backup\files\Program Files (x86)\Steam\public\steambootstrapper_danish.txt -> C:\Users\USER/Documents/Harvested_Data\W11-Vik_USER\2025-02-20_00-41-19\steambootstrapper_danish_f75d2726.txt
2025-02-20 00:41:19,545 - INFO - Copied and removed: E:\backup\files\Program Files (x86)\Steam\public\steambootstrapper_dutch.txt -> C:\Users\USER/Documents/Harvested_Data\W11-Vik_USER\2025-02-20_00-41-19\steambootstrapper_dutch_97419a49.txt
2025-02-20 00:41:19,562 - INFO - Copied and removed: E:\backup\files\Program Files (x86)\Steam\public\steambootstrapper_english.txt -> C:\Users\USER/Documents/Harvested_Data\W11-Vik_USER\2025-02-20_00-41-19\steambootstrapper_english_fbc09c1b.txt
2025-02-20 00:41:19,581 - INFO - Copied and removed: E:\backup\files\Program Files (x86)\Steam\public\steambootstrapper_finnish.txt -> C:\Users\USER/Documents/Harvested_Data\W11-Vik_USER\2025-02-20_00-41-19\steambootstrapper_finnish_bbc6736b.txt
2025-02-20 00:41:19,601 - INFO - Copied and removed: E:\backup\files\Program Files (x86)\Steam\public\steambootstrapper_french.txt -> C:\Users\USER/Documents/Harvested_Data\W11-Vik_USER\2025-02-20_00-41-19\steambootstrapper_french_6cf76b50.txt
2025-02-20 00:41:19,619 - INFO - Copied and removed: E:\backup\files\Program Files (x86)\Steam\public\steambootstrapper_german.txt -> C:\Users\USER/Documents/Harvested_Data\W11-Vik_USER\2025-02-20_00-41-19\steambootstrapper_german_a37a4ee5.txt
2025-02-20 00:41:19,636 - INFO - Copied and removed: E:\backup\files\Program Files (x86)\Steam\public\steambootstrapper_greek.txt -> C:\Users\USER/Documents/Harvested_Data\W11-Vik_USER\2025-02-20_00-41-19\steambootstrapper_greek_a0410ee2.txt
2025-02-20 00:41:19,655 - INFO - Copied and removed: E:\backup\files\Program Files (x86)\Steam\public\steambootstrapper_hungarian.txt -> C:\Users\USER/Documents/Harvested_Data\W11-Vik_USER\2025-02-20_00-41-19\steambootstrapper_hungarian_75935df9.txt
2025-02-20 00:41:19,676 - INFO - Copied and removed: E:\backup\files\Program Files (x86)\Steam\public\steambootstrapper_indonesian.txt -> C:\Users\USER/Documents/Harvested_Data\W11-Vik_USER\2025-02-20_00-41-19\steambootstrapper_indonesian_b6f3bca9.txt
2025-02-20 00:41:19,695 - INFO - Copied and removed: E:\backup\files\Program Files (x86)\Steam\public\steambootstrapper_italian.txt -> C:\Users\USER/Documents/Harvested_Data\W11-Vik_USER\2025-02-20_00-41-19\steambootstrapper_italian_d3743f02.txt
2025-02-20 00:41:19,712 - INFO - Copied and removed: E:\backup\files\Program Files (x86)\Steam\public\steambootstrapper_japanese.txt -> C:\Users\USER/Documents/Harvested_Data\W11-Vik_USER\2025-02-20_00-41-19\steambootstrapper_japanese_1ad7d9c2.txt
2025-02-20 00:41:19,729 - INFO - Copied and removed: E:\backup\files\Program Files (x86)\Steam\public\steambootstrapper_korean.txt -> C:\Users\USER/Documents/Harvested_Data\W11-Vik_USER\2025-02-20_00-41-19\steambootstrapper_korean_c1d4be1a.txt
2025-02-20 00:41:19,740 - INFO - Copied and removed: E:\backup\files\Program Files (x86)\Steam\public\steambootstrapper_koreana.txt -> C:\Users\USER/Documents/Harvested_Data\W11-Vik_USER\2025-02-20_00-41-19\steambootstrapper_koreana_c1d4be1a.txt
2025-02-20 00:41:19,761 - INFO - Copied and removed: E:\backup\files\Program Files (x86)\Steam\public\steambootstrapper_latam.txt -> C:\Users\USER/Documents/Harvested_Data\W11-Vik_USER\2025-02-20_00-41-19\steambootstrapper_latam_a885fbf0.txt
2025-02-20 00:41:19,780 - INFO - Copied and removed: E:\backup\files\Program Files (x86)\Steam\public\steambootstrapper_norwegian.txt -> C:\Users\USER/Documents/Harvested_Data\W11-Vik_USER\2025-02-20_00-41-19\steambootstrapper_norwegian_1b2e1d2a.txt
2025-02-20 00:41:19,798 - INFO - Copied and removed: E:\backup\files\Program Files (x86)\Steam\public\steambootstrapper_polish.txt -> C:\Users\USER/Documents/Harvested_Data\W11-Vik_USER\2025-02-20_00-41-19\steambootstrapper_polish_4dbcd3e3.txt
2025-02-20 00:41:19,815 - INFO - Copied and removed: E:\backup\files\Program Files (x86)\Steam\public\steambootstrapper_portuguese.txt -> C:\Users\USER/Documents/Harvested_Data\W11-Vik_USER\2025-02-20_00-41-19\steambootstrapper_portuguese_be398986.txt
2025-02-20 00:41:19,883 - INFO - Copied and removed: E:\backup\files\Program Files (x86)\Steam\public\steambootstrapper_romanian.txt -> C:\Users\USER/Documents/Harvested_Data\W11-Vik_USER\2025-02-20_00-41-19\steambootstrapper_romanian_02e5c30e.txt
2025-02-20 00:41:19,902 - INFO - Copied and removed: E:\backup\files\Program Files (x86)\Steam\public\steambootstrapper_russian.txt -> C:\Users\USER/Documents/Harvested_Data\W11-Vik_USER\2025-02-20_00-41-19\steambootstrapper_russian_d8a20dd2.txt
2025-02-20 00:41:19,919 - INFO - Copied and removed: E:\backup\files\Program Files (x86)\Steam\public\steambootstrapper_schinese.txt -> C:\Users\USER/Documents/Harvested_Data\W11-Vik_USER\2025-02-20_00-41-19\steambootstrapper_schinese_3514e32b.txt
2025-02-20 00:41:19,937 - INFO - Copied and removed: E:\backup\files\Program Files (x86)\Steam\public\steambootstrapper_spanish.txt -> C:\Users\USER/Documents/Harvested_Data\W11-Vik_USER\2025-02-20_00-41-19\steambootstrapper_spanish_3a808ab7.txt
2025-02-20 00:41:19,956 - INFO - Copied and removed: E:\backup\files\Program Files (x86)\Steam\public\steambootstrapper_swedish.txt -> C:\Users\USER/Documents/Harvested_Data\W11-Vik_USER\2025-02-20_00-41-19\steambootstrapper_swedish_53c8a048.txt
2025-02-20 00:41:19,973 - INFO - Copied and removed: E:\backup\files\Program Files (x86)\Steam\public\steambootstrapper_tchinese.txt -> C:\Users\USER/Documents/Harvested_Data\W11-Vik_USER\2025-02-20_00-41-19\steambootstrapper_tchinese_4ab1d6b3.txt
2025-02-20 00:41:19,991 - INFO - Copied and removed: E:\backup\files\Program Files (x86)\Steam\public\steambootstrapper_thai.txt -> C:\Users\USER/Documents/Harvested_Data\W11-Vik_USER\2025-02-20_00-41-19\steambootstrapper_thai_05c33214.txt
2025-02-20 00:41:20,010 - INFO - Copied and removed: E:\backup\files\Program Files (x86)\Steam\public\steambootstrapper_turkish.txt -> C:\Users\USER/Documents/Harvested_Data\W11-Vik_USER\2025-02-20_00-41-20\steambootstrapper_turkish_bb7d7c5c.txt
2025-02-20 00:41:20,181 - INFO - Copied and removed: E:\backup\files\Program Files (x86)\Steam\public\steambootstrapper_ukrainian.txt -> C:\Users\USER/Documents/Harvested_Data\W11-Vik_USER\2025-02-20_00-41-20\steambootstrapper_ukrainian_3d911649.txt
2025-02-20 00:41:20,203 - INFO - Copied and removed: E:\backup\files\Program Files (x86)\Steam\public\steambootstrapper_vietnamese.txt -> C:\Users\USER/Documents/Harvested_Data\W11-Vik_USER\2025-02-20_00-41-20\steambootstrapper_vietnamese_11b1e506.txt
2025-02-20 00:41:20,225 - INFO - Copied and removed: E:\backup\files\Program Files (x86)\Steam\public\steamclean_turkish.txt -> C:\Users\USER/Documents/Harvested_Data\W11-Vik_USER\2025-02-20_00-41-20\steamclean_turkish_be1358be.txt
2025-02-20 00:41:20,264 - INFO - Copied and removed: E:\backup\files\Program Files (x86)\Steam\public\steamui_brazilian.txt -> C:\Users\USER/Documents/Harvested_Data\W11-Vik_USER\2025-02-20_00-41-20\steamui_brazilian_21f4449d.txt
2025-02-20 00:41:20,304 - INFO - Copied and removed: E:\backup\files\Program Files (x86)\Steam\public\steamui_bulgarian.txt -> C:\Users\USER/Documents/Harvested_Data\W11-Vik_USER\2025-02-20_00-41-20\steamui_bulgarian_f0ff5974.txt
2025-02-20 00:41:20,343 - INFO - Copied and removed: E:\backup\files\Program Files (x86)\Steam\public\steamui_czech.txt -> C:\Users\USER/Documents/Harvested_Data\W11-Vik_USER\2025-02-20_00-41-20\steamui_czech_5e3ba7b3.txt
2025-02-20 00:41:20,378 - INFO - Copied and removed: E:\backup\files\Program Files (x86)\Steam\public\steamui_danish.txt -> C:\Users\USER/Documents/Harvested_Data\W11-Vik_USER\2025-02-20_00-41-20\steamui_danish_ba0d6955.txt
2025-02-20 00:41:20,417 - INFO - Copied and removed: E:\backup\files\Program Files (x86)\Steam\public\steamui_dutch.txt -> C:\Users\USER/Documents/Harvested_Data\W11-Vik_USER\2025-02-20_00-41-20\steamui_dutch_6b68b90f.txt
2025-02-20 00:41:20,457 - INFO - Copied and removed: E:\backup\files\Program Files (x86)\Steam\public\steamui_english.txt -> C:\Users\USER/Documents/Harvested_Data\W11-Vik_USER\2025-02-20_00-41-20\steamui_english_8494cbbd.txt
2025-02-20 00:41:20,498 - INFO - Copied and removed: E:\backup\files\Program Files (x86)\Steam\public\steamui_finnish.txt -> C:\Users\USER/Documents/Harvested_Data\W11-Vik_USER\2025-02-20_00-41-20\steamui_finnish_fc24d31f.txt
2025-02-20 00:41:20,541 - INFO - Copied and removed: E:\backup\files\Program Files (x86)\Steam\public\steamui_french.txt -> C:\Users\USER/Documents/Harvested_Data\W11-Vik_USER\2025-02-20_00-41-20\steamui_french_13f070ce.txt
2025-02-20 00:41:20,582 - INFO - Copied and removed: E:\backup\files\Program Files (x86)\Steam\public\steamui_german.txt -> C:\Users\USER/Documents/Harvested_Data\W11-Vik_USER\2025-02-20_00-41-20\steamui_german_680e33e5.txt
2025-02-20 00:41:20,629 - INFO - Copied and removed: E:\backup\files\Program Files (x86)\Steam\public\steamui_greek.txt -> C:\Users\USER/Documents/Harvested_Data\W11-Vik_USER\2025-02-20_00-41-20\steamui_greek_00bd271c.txt
2025-02-20 00:41:20,666 - INFO - Copied and removed: E:\backup\files\Program Files (x86)\Steam\public\steamui_hungarian.txt -> C:\Users\USER/Documents/Harvested_Data\W11-Vik_USER\2025-02-20_00-41-20\steamui_hungarian_b53608ea.txt
2025-02-20 00:41:20,705 - INFO - Copied and removed: E:\backup\files\Program Files (x86)\Steam\public\steamui_indonesian.txt -> C:\Users\USER/Documents/Harvested_Data\W11-Vik_USER\2025-02-20_00-41-20\steamui_indonesian_0cf5c9da.txt
2025-02-20 00:41:20,745 - INFO - Copied and removed: E:\backup\files\Program Files (x86)\Steam\public\steamui_italian.txt -> C:\Users\USER/Documents/Harvested_Data\W11-Vik_USER\2025-02-20_00-41-20\steamui_italian_e7e6933e.txt
2025-02-20 00:41:20,784 - INFO - Copied and removed: E:\backup\files\Program Files (x86)\Steam\public\steamui_japanese.txt -> C:\Users\USER/Documents/Harvested_Data\W11-Vik_USER\2025-02-20_00-41-20\steamui_japanese_c6513a6f.txt
2025-02-20 00:41:20,844 - INFO - Copied and removed: E:\backup\files\Program Files (x86)\Steam\public\steamui_korean.txt -> C:\Users\USER/Documents/Harvested_Data\W11-Vik_USER\2025-02-20_00-41-20\steamui_korean_412e480d.txt
2025-02-20 00:41:20,900 - INFO - Copied and removed: E:\backup\files\Program Files (x86)\Steam\public\steamui_koreana.txt -> C:\Users\USER/Documents/Harvested_Data\W11-Vik_USER\2025-02-20_00-41-20\steamui_koreana_412e480d.txt
2025-02-20 00:41:20,936 - INFO - Copied and removed: E:\backup\files\Program Files (x86)\Steam\public\steamui_latam.txt -> C:\Users\USER/Documents/Harvested_Data\W11-Vik_USER\2025-02-20_00-41-20\steamui_latam_ec634aa1.txt
2025-02-20 00:41:20,975 - INFO - Copied and removed: E:\backup\files\Program Files (x86)\Steam\public\steamui_norwegian.txt -> C:\Users\USER/Documents/Harvested_Data\W11-Vik_USER\2025-02-20_00-41-20\steamui_norwegian_65964769.txt
2025-02-20 00:41:21,020 - INFO - Copied and removed: E:\backup\files\Program Files (x86)\Steam\public\steamui_pirate.txt -> C:\Users\USER/Documents/Harvested_Data\W11-Vik_USER\2025-02-20_00-41-21\steamui_pirate_b0c45126.txt
2025-02-20 00:41:21,057 - INFO - Copied and removed: E:\backup\files\Program Files (x86)\Steam\public\steamui_polish.txt -> C:\Users\USER/Documents/Harvested_Data\W11-Vik_USER\2025-02-20_00-41-21\steamui_polish_457b4340.txt
2025-02-20 00:41:21,094 - INFO - Copied and removed: E:\backup\files\Program Files (x86)\Steam\public\steamui_portuguese.txt -> C:\Users\USER/Documents/Harvested_Data\W11-Vik_USER\2025-02-20_00-41-21\steamui_portuguese_d9663cf9.txt
2025-02-20 00:41:21,117 - INFO - Copied and removed: E:\backup\files\Program Files (x86)\Steam\public\steamui_postlogon_greek.txt -> C:\Users\USER/Documents/Harvested_Data\W11-Vik_USER\2025-02-20_00-41-21\steamui_postlogon_greek_83fc0f80.txt
2025-02-20 00:41:21,156 - INFO - Copied and removed: E:\backup\files\Program Files (x86)\Steam\public\steamui_romanian.txt -> C:\Users\USER/Documents/Harvested_Data\W11-Vik_USER\2025-02-20_00-41-21\steamui_romanian_0e58c7f7.txt
2025-02-20 00:41:21,198 - INFO - Copied and removed: E:\backup\files\Program Files (x86)\Steam\public\steamui_russian.txt -> C:\Users\USER/Documents/Harvested_Data\W11-Vik_USER\2025-02-20_00-41-21\steamui_russian_72681df5.txt
2025-02-20 00:41:21,235 - INFO - Copied and removed: E:\backup\files\Program Files (x86)\Steam\public\steamui_schinese.txt -> C:\Users\USER/Documents/Harvested_Data\W11-Vik_USER\2025-02-20_00-41-21\steamui_schinese_ecdd8c1a.txt
2025-02-20 00:41:21,265 - INFO - Copied and removed: E:\backup\files\Program Files (x86)\Steam\public\steamui_sc_schinese.txt -> C:\Users\USER/Documents/Harvested_Data\W11-Vik_USER\2025-02-20_00-41-21\steamui_sc_schinese_e69ed10b.txt
2025-02-20 00:41:21,304 - INFO - Copied and removed: E:\backup\files\Program Files (x86)\Steam\public\steamui_spanish.txt -> C:\Users\USER/Documents/Harvested_Data\W11-Vik_USER\2025-02-20_00-41-21\steamui_spanish_c7a355c6.txt
2025-02-20 00:41:21,339 - INFO - Copied and removed: E:\backup\files\Program Files (x86)\Steam\public\steamui_swedish.txt -> C:\Users\USER/Documents/Harvested_Data\W11-Vik_USER\2025-02-20_00-41-21\steamui_swedish_ef8085c3.txt
2025-02-20 00:41:21,373 - INFO - Copied and removed: E:\backup\files\Program Files (x86)\Steam\public\steamui_tchinese.txt -> C:\Users\USER/Documents/Harvested_Data\W11-Vik_USER\2025-02-20_00-41-21\steamui_tchinese_e1e95f7b.txt
2025-02-20 00:41:21,419 - INFO - Copied and removed: E:\backup\files\Program Files (x86)\Steam\public\steamui_thai.txt -> C:\Users\USER/Documents/Harvested_Data\W11-Vik_USER\2025-02-20_00-41-21\steamui_thai_2e5335f8.txt
2025-02-20 00:41:21,456 - INFO - Copied and removed: E:\backup\files\Program Files (x86)\Steam\public\steamui_turkish.txt -> C:\Users\USER/Documents/Harvested_Data\W11-Vik_USER\2025-02-20_00-41-21\steamui_turkish_785c1b7d.txt
2025-02-20 00:41:21,502 - INFO - Copied and removed: E:\backup\files\Program Files (x86)\Steam\public\steamui_ukrainian.txt -> C:\Users\USER/Documents/Harvested_Data\W11-Vik_USER\2025-02-20_00-41-21\steamui_ukrainian_5e6b3ac7.txt
2025-02-20 00:41:21,540 - INFO - Copied and removed: E:\backup\files\Program Files (x86)\Steam\public\steamui_vietnamese.txt -> C:\Users\USER/Documents/Harvested_Data\W11-Vik_USER\2025-02-20_00-41-21\steamui_vietnamese_c5518be7.txt
2025-02-20 00:41:21,582 - INFO - Copied and removed: E:\backup\files\Program Files (x86)\Steam\public\url_list.txt -> C:\Users\USER/Documents/Harvested_Data\W11-Vik_USER\2025-02-20_00-41-21\url_list_0dacb06b.txt
2025-02-20 00:41:21,612 - INFO - Copied and removed: E:\backup\files\Program Files (x86)\Steam\resource\filter_profanity_english_cached.txt -> C:\Users\USER/Documents/Harvested_Data\W11-Vik_USER\2025-02-20_00-41-21\filter_profanity_english_cached_3f034c7b.txt
2025-02-20 00:41:21,645 - INFO - Copied and removed: E:\backup\files\Program Files (x86)\Steam\resource\overlay_brazilian.txt -> C:\Users\USER/Documents/Harvested_Data\W11-Vik_USER\2025-02-20_00-41-21\overlay_brazilian_5a15e8a6.txt
2025-02-20 00:41:21,672 - INFO - Copied and removed: E:\backup\files\Program Files (x86)\Steam\resource\overlay_bulgarian.txt -> C:\Users\USER/Documents/Harvested_Data\W11-Vik_USER\2025-02-20_00-41-21\overlay_bulgarian_dfc2a194.txt
2025-02-20 00:41:21,695 - INFO - Copied and removed: E:\backup\files\Program Files (x86)\Steam\resource\overlay_czech.txt -> C:\Users\USER/Documents/Harvested_Data\W11-Vik_USER\2025-02-20_00-41-21\overlay_czech_bbcb9506.txt
2025-02-20 00:41:21,720 - INFO - Copied and removed: E:\backup\files\Program Files (x86)\Steam\resource\overlay_danish.txt -> C:\Users\USER/Documents/Harvested_Data\W11-Vik_USER\2025-02-20_00-41-21\overlay_danish_1a6d8160.txt
2025-02-20 00:41:21,743 - INFO - Copied and removed: E:\backup\files\Program Files (x86)\Steam\resource\overlay_dutch.txt -> C:\Users\USER/Documents/Harvested_Data\W11-Vik_USER\2025-02-20_00-41-21\overlay_dutch_b6be4e49.txt
2025-02-20 00:41:21,770 - INFO - Copied and removed: E:\backup\files\Program Files (x86)\Steam\resource\overlay_english.txt -> C:\Users\USER/Documents/Harvested_Data\W11-Vik_USER\2025-02-20_00-41-21\overlay_english_029544b2.txt
2025-02-20 00:41:21,793 - INFO - Copied and removed: E:\backup\files\Program Files (x86)\Steam\resource\overlay_finnish.txt -> C:\Users\USER/Documents/Harvested_Data\W11-Vik_USER\2025-02-20_00-41-21\overlay_finnish_9f113eff.txt
2025-02-20 00:41:21,818 - INFO - Copied and removed: E:\backup\files\Program Files (x86)\Steam\resource\overlay_french.txt -> C:\Users\USER/Documents/Harvested_Data\W11-Vik_USER\2025-02-20_00-41-21\overlay_french_4cd722ad.txt
2025-02-20 00:41:21,840 - INFO - Copied and removed: E:\backup\files\Program Files (x86)\Steam\resource\overlay_german.txt -> C:\Users\USER/Documents/Harvested_Data\W11-Vik_USER\2025-02-20_00-41-21\overlay_german_c790c920.txt
2025-02-20 00:41:21,868 - INFO - Copied and removed: E:\backup\files\Program Files (x86)\Steam\resource\overlay_greek.txt -> C:\Users\USER/Documents/Harvested_Data\W11-Vik_USER\2025-02-20_00-41-21\overlay_greek_ee834a9b.txt
2025-02-20 00:41:21,892 - INFO - Copied and removed: E:\backup\files\Program Files (x86)\Steam\resource\overlay_hungarian.txt -> C:\Users\USER/Documents/Harvested_Data\W11-Vik_USER\2025-02-20_00-41-21\overlay_hungarian_2e4a7e6b.txt
2025-02-20 00:41:21,919 - INFO - Copied and removed: E:\backup\files\Program Files (x86)\Steam\resource\overlay_italian.txt -> C:\Users\USER/Documents/Harvested_Data\W11-Vik_USER\2025-02-20_00-41-21\overlay_italian_d97063cf.txt
2025-02-20 00:41:21,942 - INFO - Copied and removed: E:\backup\files\Program Files (x86)\Steam\resource\overlay_japanese.txt -> C:\Users\USER/Documents/Harvested_Data\W11-Vik_USER\2025-02-20_00-41-21\overlay_japanese_21fde1e4.txt
2025-02-20 00:41:21,967 - INFO - Copied and removed: E:\backup\files\Program Files (x86)\Steam\resource\overlay_korean.txt -> C:\Users\USER/Documents/Harvested_Data\W11-Vik_USER\2025-02-20_00-41-21\overlay_korean_ecb51fea.txt
2025-02-20 00:41:21,993 - INFO - Copied and removed: E:\backup\files\Program Files (x86)\Steam\resource\overlay_koreana.txt -> C:\Users\USER/Documents/Harvested_Data\W11-Vik_USER\2025-02-20_00-41-21\overlay_koreana_ecb51fea.txt
2025-02-20 00:41:22,021 - INFO - Copied and removed: E:\backup\files\Program Files (x86)\Steam\resource\overlay_latam.txt -> C:\Users\USER/Documents/Harvested_Data\W11-Vik_USER\2025-02-20_00-41-22\overlay_latam_911cf312.txt
2025-02-20 00:41:22,044 - INFO - Copied and removed: E:\backup\files\Program Files (x86)\Steam\resource\overlay_norwegian.txt -> C:\Users\USER/Documents/Harvested_Data\W11-Vik_USER\2025-02-20_00-41-22\overlay_norwegian_24741979.txt
2025-02-20 00:41:22,067 - INFO - Copied and removed: E:\backup\files\Program Files (x86)\Steam\resource\overlay_polish.txt -> C:\Users\USER/Documents/Harvested_Data\W11-Vik_USER\2025-02-20_00-41-22\overlay_polish_e00394e2.txt
2025-02-20 00:41:22,089 - INFO - Copied and removed: E:\backup\files\Program Files (x86)\Steam\resource\overlay_portuguese.txt -> C:\Users\USER/Documents/Harvested_Data\W11-Vik_USER\2025-02-20_00-41-22\overlay_portuguese_fa6f0bb7.txt
2025-02-20 00:41:22,114 - INFO - Copied and removed: E:\backup\files\Program Files (x86)\Steam\resource\overlay_romanian.txt -> C:\Users\USER/Documents/Harvested_Data\W11-Vik_USER\2025-02-20_00-41-22\overlay_romanian_6527700e.txt
2025-02-20 00:41:22,138 - INFO - Copied and removed: E:\backup\files\Program Files (x86)\Steam\resource\overlay_russian.txt -> C:\Users\USER/Documents/Harvested_Data\W11-Vik_USER\2025-02-20_00-41-22\overlay_russian_07409a64.txt
2025-02-20 00:41:22,166 - INFO - Copied and removed: E:\backup\files\Program Files (x86)\Steam\resource\overlay_schinese.txt -> C:\Users\USER/Documents/Harvested_Data\W11-Vik_USER\2025-02-20_00-41-22\overlay_schinese_317a2327.txt
2025-02-20 00:41:22,193 - INFO - Copied and removed: E:\backup\files\Program Files (x86)\Steam\resource\overlay_sc_schinese.txt -> C:\Users\USER/Documents/Harvested_Data\W11-Vik_USER\2025-02-20_00-41-22\overlay_sc_schinese_02a1a116.txt
2025-02-20 00:41:22,221 - INFO - Copied and removed: E:\backup\files\Program Files (x86)\Steam\resource\overlay_spanish.txt -> C:\Users\USER/Documents/Harvested_Data\W11-Vik_USER\2025-02-20_00-41-22\overlay_spanish_3c4b7a74.txt
2025-02-20 00:41:22,246 - INFO - Copied and removed: E:\backup\files\Program Files (x86)\Steam\resource\overlay_swedish.txt -> C:\Users\USER/Documents/Harvested_Data\W11-Vik_USER\2025-02-20_00-41-22\overlay_swedish_a9ebafa6.txt
2025-02-20 00:41:22,271 - INFO - Copied and removed: E:\backup\files\Program Files (x86)\Steam\resource\overlay_tchinese.txt -> C:\Users\USER/Documents/Harvested_Data\W11-Vik_USER\2025-02-20_00-41-22\overlay_tchinese_9d9c9b7f.txt
2025-02-20 00:41:22,295 - INFO - Copied and removed: E:\backup\files\Program Files (x86)\Steam\resource\overlay_thai.txt -> C:\Users\USER/Documents/Harvested_Data\W11-Vik_USER\2025-02-20_00-41-22\overlay_thai_bab7c126.txt
2025-02-20 00:41:22,324 - INFO - Copied and removed: E:\backup\files\Program Files (x86)\Steam\resource\overlay_turkish.txt -> C:\Users\USER/Documents/Harvested_Data\W11-Vik_USER\2025-02-20_00-41-22\overlay_turkish_a2c0bf81.txt
2025-02-20 00:41:22,399 - INFO - Copied and removed: E:\backup\files\Program Files (x86)\Steam\resource\overlay_ukrainian.txt -> C:\Users\USER/Documents/Harvested_Data\W11-Vik_USER\2025-02-20_00-41-22\overlay_ukrainian_d51ec3f0.txt
2025-02-20 00:41:22,424 - INFO - Copied and removed: E:\backup\files\Program Files (x86)\Steam\resource\overlay_vietnamese.txt -> C:\Users\USER/Documents/Harvested_Data\W11-Vik_USER\2025-02-20_00-41-22\overlay_vietnamese_eed62ed3.txt
2025-02-20 00:41:22,452 - INFO - Copied and removed: E:\backup\files\Program Files (x86)\Steam\resource\platform_brazilian.txt -> C:\Users\USER/Documents/Harvested_Data\W11-Vik_USER\2025-02-20_00-41-22\platform_brazilian_168fcf47.txt
2025-02-20 00:41:22,478 - INFO - Copied and removed: E:\backup\files\Program Files (x86)\Steam\resource\platform_bulgarian.txt -> C:\Users\USER/Documents/Harvested_Data\W11-Vik_USER\2025-02-20_00-41-22\platform_bulgarian_bbcae655.txt
2025-02-20 00:41:22,501 - INFO - Copied and removed: E:\backup\files\Program Files (x86)\Steam\resource\platform_czech.txt -> C:\Users\USER/Documents/Harvested_Data\W11-Vik_USER\2025-02-20_00-41-22\platform_czech_8cbc790a.txt
2025-02-20 00:41:22,524 - INFO - Copied and removed: E:\backup\files\Program Files (x86)\Steam\resource\platform_danish.txt -> C:\Users\USER/Documents/Harvested_Data\W11-Vik_USER\2025-02-20_00-41-22\platform_danish_451586d1.txt
2025-02-20 00:41:22,550 - INFO - Copied and removed: E:\backup\files\Program Files (x86)\Steam\resource\platform_dutch.txt -> C:\Users\USER/Documents/Harvested_Data\W11-Vik_USER\2025-02-20_00-41-22\platform_dutch_930044ff.txt
2025-02-20 00:41:22,574 - INFO - Copied and removed: E:\backup\files\Program Files (x86)\Steam\resource\platform_english.txt -> C:\Users\USER/Documents/Harvested_Data\W11-Vik_USER\2025-02-20_00-41-22\platform_english_3df67625.txt
2025-02-20 00:41:22,599 - INFO - Copied and removed: E:\backup\files\Program Files (x86)\Steam\resource\platform_finnish.txt -> C:\Users\USER/Documents/Harvested_Data\W11-Vik_USER\2025-02-20_00-41-22\platform_finnish_47697823.txt
2025-02-20 00:41:22,621 - INFO - Copied and removed: E:\backup\files\Program Files (x86)\Steam\resource\platform_french.txt -> C:\Users\USER/Documents/Harvested_Data\W11-Vik_USER\2025-02-20_00-41-22\platform_french_638ba32b.txt
2025-02-20 00:41:22,644 - INFO - Copied and removed: E:\backup\files\Program Files (x86)\Steam\resource\platform_german.txt -> C:\Users\USER/Documents/Harvested_Data\W11-Vik_USER\2025-02-20_00-41-22\platform_german_e2d6369c.txt
2025-02-20 00:41:22,667 - INFO - Copied and removed: E:\backup\files\Program Files (x86)\Steam\resource\platform_greek.txt -> C:\Users\USER/Documents/Harvested_Data\W11-Vik_USER\2025-02-20_00-41-22\platform_greek_97349b85.txt
2025-02-20 00:41:22,689 - INFO - Copied and removed: E:\backup\files\Program Files (x86)\Steam\resource\platform_hungarian.txt -> C:\Users\USER/Documents/Harvested_Data\W11-Vik_USER\2025-02-20_00-41-22\platform_hungarian_85ecd6a7.txt
2025-02-20 00:41:22,710 - INFO - Copied and removed: E:\backup\files\Program Files (x86)\Steam\resource\platform_indonesian.txt -> C:\Users\USER/Documents/Harvested_Data\W11-Vik_USER\2025-02-20_00-41-22\platform_indonesian_c525009b.txt
2025-02-20 00:41:22,735 - INFO - Copied and removed: E:\backup\files\Program Files (x86)\Steam\resource\platform_italian.txt -> C:\Users\USER/Documents/Harvested_Data\W11-Vik_USER\2025-02-20_00-41-22\platform_italian_1530e014.txt
2025-02-20 00:41:22,762 - INFO - Copied and removed: E:\backup\files\Program Files (x86)\Steam\resource\platform_japanese.txt -> C:\Users\USER/Documents/Harvested_Data\W11-Vik_USER\2025-02-20_00-41-22\platform_japanese_d3b35901.txt
2025-02-20 00:41:22,786 - INFO - Copied and removed: E:\backup\files\Program Files (x86)\Steam\resource\platform_korean.txt -> C:\Users\USER/Documents/Harvested_Data\W11-Vik_USER\2025-02-20_00-41-22\platform_korean_b79a0f5e.txt
2025-02-20 00:41:22,797 - INFO - Copied and removed: E:\backup\files\Program Files (x86)\Steam\resource\platform_koreana.txt -> C:\Users\USER/Documents/Harvested_Data\W11-Vik_USER\2025-02-20_00-41-22\platform_koreana_b79a0f5e.txt
2025-02-20 00:41:22,823 - INFO - Copied and removed: E:\backup\files\Program Files (x86)\Steam\resource\platform_latam.txt -> C:\Users\USER/Documents/Harvested_Data\W11-Vik_USER\2025-02-20_00-41-22\platform_latam_df1f5a2b.txt
2025-02-20 00:41:22,849 - INFO - Copied and removed: E:\backup\files\Program Files (x86)\Steam\resource\platform_norwegian.txt -> C:\Users\USER/Documents/Harvested_Data\W11-Vik_USER\2025-02-20_00-41-22\platform_norwegian_9024b40a.txt
2025-02-20 00:41:22,872 - INFO - Copied and removed: E:\backup\files\Program Files (x86)\Steam\resource\platform_polish.txt -> C:\Users\USER/Documents/Harvested_Data\W11-Vik_USER\2025-02-20_00-41-22\platform_polish_c25ce1d8.txt
2025-02-20 00:41:22,899 - INFO - Copied and removed: E:\backup\files\Program Files (x86)\Steam\resource\platform_portuguese.txt -> C:\Users\USER/Documents/Harvested_Data\W11-Vik_USER\2025-02-20_00-41-22\platform_portuguese_afa42569.txt
2025-02-20 00:41:22,924 - INFO - Copied and removed: E:\backup\files\Program Files (x86)\Steam\resource\platform_romanian.txt -> C:\Users\USER/Documents/Harvested_Data\W11-Vik_USER\2025-02-20_00-41-22\platform_romanian_b4a978f7.txt
2025-02-20 00:41:22,948 - INFO - Copied and removed: E:\backup\files\Program Files (x86)\Steam\resource\platform_russian.txt -> C:\Users\USER/Documents/Harvested_Data\W11-Vik_USER\2025-02-20_00-41-22\platform_russian_6b186282.txt
2025-02-20 00:41:22,968 - INFO - Copied and removed: E:\backup\files\Program Files (x86)\Steam\resource\platform_schinese.txt -> C:\Users\USER/Documents/Harvested_Data\W11-Vik_USER\2025-02-20_00-41-22\platform_schinese_0c5a900d.txt
2025-02-20 00:41:22,992 - INFO - Copied and removed: E:\backup\files\Program Files (x86)\Steam\resource\platform_sc_schinese.txt -> C:\Users\USER/Documents/Harvested_Data\W11-Vik_USER\2025-02-20_00-41-22\platform_sc_schinese_3de228ba.txt
2025-02-20 00:41:23,015 - INFO - Copied and removed: E:\backup\files\Program Files (x86)\Steam\resource\platform_spanish.txt -> C:\Users\USER/Documents/Harvested_Data\W11-Vik_USER\2025-02-20_00-41-23\platform_spanish_24ebb5a6.txt
2025-02-20 00:41:23,043 - INFO - Copied and removed: E:\backup\files\Program Files (x86)\Steam\resource\platform_swedish.txt -> C:\Users\USER/Documents/Harvested_Data\W11-Vik_USER\2025-02-20_00-41-23\platform_swedish_be312cd1.txt
2025-02-20 00:41:23,068 - INFO - Copied and removed: E:\backup\files\Program Files (x86)\Steam\resource\platform_tchinese.txt -> C:\Users\USER/Documents/Harvested_Data\W11-Vik_USER\2025-02-20_00-41-23\platform_tchinese_92240583.txt
2025-02-20 00:41:23,090 - INFO - Copied and removed: E:\backup\files\Program Files (x86)\Steam\resource\platform_thai.txt -> C:\Users\USER/Documents/Harvested_Data\W11-Vik_USER\2025-02-20_00-41-23\platform_thai_fd47f12e.txt
2025-02-20 00:41:23,113 - INFO - Copied and removed: E:\backup\files\Program Files (x86)\Steam\resource\platform_turkish.txt -> C:\Users\USER/Documents/Harvested_Data\W11-Vik_USER\2025-02-20_00-41-23\platform_turkish_d0fee9c3.txt
2025-02-20 00:41:23,134 - INFO - Copied and removed: E:\backup\files\Program Files (x86)\Steam\resource\platform_ukrainian.txt -> C:\Users\USER/Documents/Harvested_Data\W11-Vik_USER\2025-02-20_00-41-23\platform_ukrainian_32cf6c86.txt
2025-02-20 00:41:23,156 - INFO - Copied and removed: E:\backup\files\Program Files (x86)\Steam\resource\platform_vietnamese.txt -> C:\Users\USER/Documents/Harvested_Data\W11-Vik_USER\2025-02-20_00-41-23\platform_vietnamese_a28cae4c.txt
2025-02-20 00:41:23,232 - INFO - Copied and removed: E:\backup\files\Program Files (x86)\Steam\resource\vgui_brazilian.txt -> C:\Users\USER/Documents/Harvested_Data\W11-Vik_USER\2025-02-20_00-41-23\vgui_brazilian_aab6a8f2.txt
2025-02-20 00:41:23,307 - INFO - Copied and removed: E:\backup\files\Program Files (x86)\Steam\resource\vgui_bulgarian.txt -> C:\Users\USER/Documents/Harvested_Data\W11-Vik_USER\2025-02-20_00-41-23\vgui_bulgarian_3b27738b.txt
2025-02-20 00:41:23,378 - INFO - Copied and removed: E:\backup\files\Program Files (x86)\Steam\resource\vgui_czech.txt -> C:\Users\USER/Documents/Harvested_Data\W11-Vik_USER\2025-02-20_00-41-23\vgui_czech_09390443.txt
2025-02-20 00:41:23,443 - INFO - Copied and removed: E:\backup\files\Program Files (x86)\Steam\resource\vgui_danish.txt -> C:\Users\USER/Documents/Harvested_Data\W11-Vik_USER\2025-02-20_00-41-23\vgui_danish_49b522a1.txt
2025-02-20 00:41:23,507 - INFO - Copied and removed: E:\backup\files\Program Files (x86)\Steam\resource\vgui_dutch.txt -> C:\Users\USER/Documents/Harvested_Data\W11-Vik_USER\2025-02-20_00-41-23\vgui_dutch_e25b8b95.txt
2025-02-20 00:41:23,616 - INFO - Copied and removed: E:\backup\files\Program Files (x86)\Steam\resource\vgui_english.txt -> C:\Users\USER/Documents/Harvested_Data\W11-Vik_USER\2025-02-20_00-41-23\vgui_english_9f039752.txt
2025-02-20 00:41:23,684 - INFO - Copied and removed: E:\backup\files\Program Files (x86)\Steam\resource\vgui_finnish.txt -> C:\Users\USER/Documents/Harvested_Data\W11-Vik_USER\2025-02-20_00-41-23\vgui_finnish_2dd9dfad.txt
2025-02-20 00:41:23,753 - INFO - Copied and removed: E:\backup\files\Program Files (x86)\Steam\resource\vgui_french.txt -> C:\Users\USER/Documents/Harvested_Data\W11-Vik_USER\2025-02-20_00-41-23\vgui_french_1909a46b.txt
2025-02-20 00:41:23,822 - INFO - Copied and removed: E:\backup\files\Program Files (x86)\Steam\resource\vgui_german.txt -> C:\Users\USER/Documents/Harvested_Data\W11-Vik_USER\2025-02-20_00-41-23\vgui_german_21746039.txt
2025-02-20 00:41:23,900 - INFO - Copied and removed: E:\backup\files\Program Files (x86)\Steam\resource\vgui_greek.txt -> C:\Users\USER/Documents/Harvested_Data\W11-Vik_USER\2025-02-20_00-41-23\vgui_greek_870c9841.txt
2025-02-20 00:41:23,964 - INFO - Copied and removed: E:\backup\files\Program Files (x86)\Steam\resource\vgui_hungarian.txt -> C:\Users\USER/Documents/Harvested_Data\W11-Vik_USER\2025-02-20_00-41-23\vgui_hungarian_5bc15b14.txt
2025-02-20 00:41:24,070 - INFO - Copied and removed: E:\backup\files\Program Files (x86)\Steam\resource\vgui_indonesian.txt -> C:\Users\USER/Documents/Harvested_Data\W11-Vik_USER\2025-02-20_00-41-24\vgui_indonesian_264a5c4c.txt
2025-02-20 00:41:24,137 - INFO - Copied and removed: E:\backup\files\Program Files (x86)\Steam\resource\vgui_italian.txt -> C:\Users\USER/Documents/Harvested_Data\W11-Vik_USER\2025-02-20_00-41-24\vgui_italian_82156883.txt
2025-02-20 00:41:24,212 - INFO - Copied and removed: E:\backup\files\Program Files (x86)\Steam\resource\vgui_japanese.txt -> C:\Users\USER/Documents/Harvested_Data\W11-Vik_USER\2025-02-20_00-41-24\vgui_japanese_018f9156.txt
2025-02-20 00:41:24,281 - INFO - Copied and removed: E:\backup\files\Program Files (x86)\Steam\resource\vgui_korean.txt -> C:\Users\USER/Documents/Harvested_Data\W11-Vik_USER\2025-02-20_00-41-24\vgui_korean_09cb7ee4.txt
2025-02-20 00:41:24,357 - INFO - Copied and removed: E:\backup\files\Program Files (x86)\Steam\resource\vgui_koreana.txt -> C:\Users\USER/Documents/Harvested_Data\W11-Vik_USER\2025-02-20_00-41-24\vgui_koreana_09cb7ee4.txt
2025-02-20 00:41:24,425 - INFO - Copied and removed: E:\backup\files\Program Files (x86)\Steam\resource\vgui_latam.txt -> C:\Users\USER/Documents/Harvested_Data\W11-Vik_USER\2025-02-20_00-41-24\vgui_latam_cb94fd79.txt
2025-02-20 00:41:24,498 - INFO - Copied and removed: E:\backup\files\Program Files (x86)\Steam\resource\vgui_norwegian.txt -> C:\Users\USER/Documents/Harvested_Data\W11-Vik_USER\2025-02-20_00-41-24\vgui_norwegian_700109cf.txt
2025-02-20 00:41:24,571 - INFO - Copied and removed: E:\backup\files\Program Files (x86)\Steam\resource\vgui_polish.txt -> C:\Users\USER/Documents/Harvested_Data\W11-Vik_USER\2025-02-20_00-41-24\vgui_polish_70144d6e.txt
2025-02-20 00:41:24,644 - INFO - Copied and removed: E:\backup\files\Program Files (x86)\Steam\resource\vgui_portuguese.txt -> C:\Users\USER/Documents/Harvested_Data\W11-Vik_USER\2025-02-20_00-41-24\vgui_portuguese_54837071.txt
2025-02-20 00:41:24,714 - INFO - Copied and removed: E:\backup\files\Program Files (x86)\Steam\resource\vgui_romanian.txt -> C:\Users\USER/Documents/Harvested_Data\W11-Vik_USER\2025-02-20_00-41-24\vgui_romanian_6a74d952.txt
2025-02-20 00:41:24,806 - INFO - Copied and removed: E:\backup\files\Program Files (x86)\Steam\resource\vgui_russian.txt -> C:\Users\USER/Documents/Harvested_Data\W11-Vik_USER\2025-02-20_00-41-24\vgui_russian_eb092831.txt
2025-02-20 00:41:24,885 - INFO - Copied and removed: E:\backup\files\Program Files (x86)\Steam\resource\vgui_schinese.txt -> C:\Users\USER/Documents/Harvested_Data\W11-Vik_USER\2025-02-20_00-41-24\vgui_schinese_d7ed63f8.txt
2025-02-20 00:41:24,969 - INFO - Copied and removed: E:\backup\files\Program Files (x86)\Steam\resource\vgui_spanish.txt -> C:\Users\USER/Documents/Harvested_Data\W11-Vik_USER\2025-02-20_00-41-24\vgui_spanish_082a7ca7.txt
2025-02-20 00:41:25,050 - INFO - Copied and removed: E:\backup\files\Program Files (x86)\Steam\resource\vgui_swedish.txt -> C:\Users\USER/Documents/Harvested_Data\W11-Vik_USER\2025-02-20_00-41-25\vgui_swedish_001e4287.txt
2025-02-20 00:41:25,124 - INFO - Copied and removed: E:\backup\files\Program Files (x86)\Steam\resource\vgui_tchinese.txt -> C:\Users\USER/Documents/Harvested_Data\W11-Vik_USER\2025-02-20_00-41-25\vgui_tchinese_719aa306.txt
2025-02-20 00:41:25,207 - INFO - Copied and removed: E:\backup\files\Program Files (x86)\Steam\resource\vgui_thai.txt -> C:\Users\USER/Documents/Harvested_Data\W11-Vik_USER\2025-02-20_00-41-25\vgui_thai_8bb0ce62.txt
2025-02-20 00:41:25,276 - INFO - Copied and removed: E:\backup\files\Program Files (x86)\Steam\resource\vgui_turkish.txt -> C:\Users\USER/Documents/Harvested_Data\W11-Vik_USER\2025-02-20_00-41-25\vgui_turkish_380f8d0e.txt
2025-02-20 00:41:25,355 - INFO - Copied and removed: E:\backup\files\Program Files (x86)\Steam\resource\vgui_ukrainian.txt -> C:\Users\USER/Documents/Harvested_Data\W11-Vik_USER\2025-02-20_00-41-25\vgui_ukrainian_dfe569b7.txt
2025-02-20 00:41:25,486 - INFO - Copied and removed: E:\backup\files\Program Files (x86)\Steam\resource\vgui_vietnamese.txt -> C:\Users\USER/Documents/Harvested_Data\W11-Vik_USER\2025-02-20_00-41-25\vgui_vietnamese_db0122a2.txt
2025-02-20 00:41:25,510 - INFO - Copied and removed: E:\backup\files\Program Files (x86)\Steam\steam\cached\steamui_postlogon_brazilian.txt -> C:\Users\USER/Documents/Harvested_Data\W11-Vik_USER\2025-02-20_00-41-25\steamui_postlogon_brazilian_532cc344.txt
2025-02-20 00:41:25,535 - INFO - Copied and removed: E:\backup\files\Program Files (x86)\Steam\steam\cached\steamui_postlogon_bulgarian.txt -> C:\Users\USER/Documents/Harvested_Data\W11-Vik_USER\2025-02-20_00-41-25\steamui_postlogon_bulgarian_a72771e2.txt
2025-02-20 00:41:25,558 - INFO - Copied and removed: E:\backup\files\Program Files (x86)\Steam\steam\cached\steamui_postlogon_czech.txt -> C:\Users\USER/Documents/Harvested_Data\W11-Vik_USER\2025-02-20_00-41-25\steamui_postlogon_czech_90aec512.txt
2025-02-20 00:41:25,584 - INFO - Copied and removed: E:\backup\files\Program Files (x86)\Steam\steam\cached\steamui_postlogon_danish.txt -> C:\Users\USER/Documents/Harvested_Data\W11-Vik_USER\2025-02-20_00-41-25\steamui_postlogon_danish_da32445f.txt
2025-02-20 00:41:25,604 - INFO - Copied and removed: E:\backup\files\Program Files (x86)\Steam\steam\cached\steamui_postlogon_dutch.txt -> C:\Users\USER/Documents/Harvested_Data\W11-Vik_USER\2025-02-20_00-41-25\steamui_postlogon_dutch_9404e320.txt
2025-02-20 00:41:25,629 - INFO - Copied and removed: E:\backup\files\Program Files (x86)\Steam\steam\cached\steamui_postlogon_english.txt -> C:\Users\USER/Documents/Harvested_Data\W11-Vik_USER\2025-02-20_00-41-25\steamui_postlogon_english_cd97f377.txt
2025-02-20 00:41:25,651 - INFO - Copied and removed: E:\backup\files\Program Files (x86)\Steam\steam\cached\steamui_postlogon_finnish.txt -> C:\Users\USER/Documents/Harvested_Data\W11-Vik_USER\2025-02-20_00-41-25\steamui_postlogon_finnish_7c75abc2.txt
2025-02-20 00:41:25,676 - INFO - Copied and removed: E:\backup\files\Program Files (x86)\Steam\steam\cached\steamui_postlogon_french.txt -> C:\Users\USER/Documents/Harvested_Data\W11-Vik_USER\2025-02-20_00-41-25\steamui_postlogon_french_09dbf41b.txt
2025-02-20 00:41:25,697 - INFO - Copied and removed: E:\backup\files\Program Files (x86)\Steam\steam\cached\steamui_postlogon_german.txt -> C:\Users\USER/Documents/Harvested_Data\W11-Vik_USER\2025-02-20_00-41-25\steamui_postlogon_german_f0fe5c19.txt
2025-02-20 00:41:25,724 - INFO - Copied and removed: E:\backup\files\Program Files (x86)\Steam\steam\cached\steamui_postlogon_greek.txt -> C:\Users\USER/Documents/Harvested_Data\W11-Vik_USER\2025-02-20_00-41-25\steamui_postlogon_greek_85aea432.txt
2025-02-20 00:41:25,746 - INFO - Copied and removed: E:\backup\files\Program Files (x86)\Steam\steam\cached\steamui_postlogon_hungarian.txt -> C:\Users\USER/Documents/Harvested_Data\W11-Vik_USER\2025-02-20_00-41-25\steamui_postlogon_hungarian_03255dd1.txt
2025-02-20 00:41:25,770 - INFO - Copied and removed: E:\backup\files\Program Files (x86)\Steam\steam\cached\steamui_postlogon_indonesian.txt -> C:\Users\USER/Documents/Harvested_Data\W11-Vik_USER\2025-02-20_00-41-25\steamui_postlogon_indonesian_6980c2c1.txt
2025-02-20 00:41:25,792 - INFO - Copied and removed: E:\backup\files\Program Files (x86)\Steam\steam\cached\steamui_postlogon_italian.txt -> C:\Users\USER/Documents/Harvested_Data\W11-Vik_USER\2025-02-20_00-41-25\steamui_postlogon_italian_7468df7e.txt
2025-02-20 00:41:25,814 - INFO - Copied and removed: E:\backup\files\Program Files (x86)\Steam\steam\cached\steamui_postlogon_japanese.txt -> C:\Users\USER/Documents/Harvested_Data\W11-Vik_USER\2025-02-20_00-41-25\steamui_postlogon_japanese_e302938e.txt
2025-02-20 00:41:25,837 - INFO - Copied and removed: E:\backup\files\Program Files (x86)\Steam\steam\cached\steamui_postlogon_korean.txt -> C:\Users\USER/Documents/Harvested_Data\W11-Vik_USER\2025-02-20_00-41-25\steamui_postlogon_korean_b11a9b2e.txt
2025-02-20 00:41:25,847 - INFO - Copied and removed: E:\backup\files\Program Files (x86)\Steam\steam\cached\steamui_postlogon_koreana.txt -> C:\Users\USER/Documents/Harvested_Data\W11-Vik_USER\2025-02-20_00-41-25\steamui_postlogon_koreana_b11a9b2e.txt
2025-02-20 00:41:25,874 - INFO - Copied and removed: E:\backup\files\Program Files (x86)\Steam\steam\cached\steamui_postlogon_latam.txt -> C:\Users\USER/Documents/Harvested_Data\W11-Vik_USER\2025-02-20_00-41-25\steamui_postlogon_latam_aea60e7d.txt
2025-02-20 00:41:25,897 - INFO - Copied and removed: E:\backup\files\Program Files (x86)\Steam\steam\cached\steamui_postlogon_norwegian.txt -> C:\Users\USER/Documents/Harvested_Data\W11-Vik_USER\2025-02-20_00-41-25\steamui_postlogon_norwegian_b348999b.txt
2025-02-20 00:41:25,921 - INFO - Copied and removed: E:\backup\files\Program Files (x86)\Steam\steam\cached\steamui_postlogon_polish.txt -> C:\Users\USER/Documents/Harvested_Data\W11-Vik_USER\2025-02-20_00-41-25\steamui_postlogon_polish_f6de7e44.txt
2025-02-20 00:41:25,944 - INFO - Copied and removed: E:\backup\files\Program Files (x86)\Steam\steam\cached\steamui_postlogon_portuguese.txt -> C:\Users\USER/Documents/Harvested_Data\W11-Vik_USER\2025-02-20_00-41-25\steamui_postlogon_portuguese_fecef630.txt
2025-02-20 00:41:25,969 - INFO - Copied and removed: E:\backup\files\Program Files (x86)\Steam\steam\cached\steamui_postlogon_romanian.txt -> C:\Users\USER/Documents/Harvested_Data\W11-Vik_USER\2025-02-20_00-41-25\steamui_postlogon_romanian_bac69509.txt
2025-02-20 00:41:25,991 - INFO - Copied and removed: E:\backup\files\Program Files (x86)\Steam\steam\cached\steamui_postlogon_russian.txt -> C:\Users\USER/Documents/Harvested_Data\W11-Vik_USER\2025-02-20_00-41-25\steamui_postlogon_russian_59c0f1e8.txt
2025-02-20 00:41:26,015 - INFO - Copied and removed: E:\backup\files\Program Files (x86)\Steam\steam\cached\steamui_postlogon_schinese.txt -> C:\Users\USER/Documents/Harvested_Data\W11-Vik_USER\2025-02-20_00-41-26\steamui_postlogon_schinese_dd6c26c7.txt
2025-02-20 00:41:26,038 - INFO - Copied and removed: E:\backup\files\Program Files (x86)\Steam\steam\cached\steamui_postlogon_spanish.txt -> C:\Users\USER/Documents/Harvested_Data\W11-Vik_USER\2025-02-20_00-41-26\steamui_postlogon_spanish_ea83a16f.txt
2025-02-20 00:41:26,065 - INFO - Copied and removed: E:\backup\files\Program Files (x86)\Steam\steam\cached\steamui_postlogon_swedish.txt -> C:\Users\USER/Documents/Harvested_Data\W11-Vik_USER\2025-02-20_00-41-26\steamui_postlogon_swedish_6dedc657.txt
2025-02-20 00:41:26,086 - INFO - Copied and removed: E:\backup\files\Program Files (x86)\Steam\steam\cached\steamui_postlogon_tchinese.txt -> C:\Users\USER/Documents/Harvested_Data\W11-Vik_USER\2025-02-20_00-41-26\steamui_postlogon_tchinese_43e994a9.txt
2025-02-20 00:41:26,113 - INFO - Copied and removed: E:\backup\files\Program Files (x86)\Steam\steam\cached\steamui_postlogon_thai.txt -> C:\Users\USER/Documents/Harvested_Data\W11-Vik_USER\2025-02-20_00-41-26\steamui_postlogon_thai_bdcf70c8.txt
2025-02-20 00:41:26,134 - INFO - Copied and removed: E:\backup\files\Program Files (x86)\Steam\steam\cached\steamui_postlogon_turkish.txt -> C:\Users\USER/Documents/Harvested_Data\W11-Vik_USER\2025-02-20_00-41-26\steamui_postlogon_turkish_783ebfac.txt
2025-02-20 00:41:26,161 - INFO - Copied and removed: E:\backup\files\Program Files (x86)\Steam\steam\cached\steamui_postlogon_ukrainian.txt -> C:\Users\USER/Documents/Harvested_Data\W11-Vik_USER\2025-02-20_00-41-26\steamui_postlogon_ukrainian_25c44ef2.txt
2025-02-20 00:41:26,184 - INFO - Copied and removed: E:\backup\files\Program Files (x86)\Steam\steam\cached\steamui_postlogon_vietnamese.txt -> C:\Users\USER/Documents/Harvested_Data\W11-Vik_USER\2025-02-20_00-41-26\steamui_postlogon_vietnamese_9dba4a69.txt
2025-02-20 00:41:26,207 - INFO - Copied and removed: E:\backup\files\Program Files (x86)\Steam\steamui\licenses.txt -> C:\Users\USER/Documents/Harvested_Data\W11-Vik_USER\2025-02-20_00-41-26\licenses_5770530c.txt
2025-02-20 00:41:26,229 - INFO - Copied and removed: E:\backup\files\Program Files (x86)\Windows Kits\10\App Certification Kit\ThirdPartyNotices.txt -> C:\Users\USER/Documents/Harvested_Data\W11-Vik_USER\2025-02-20_00-41-26\ThirdPartyNotices_bb32d6ab.txt
2025-02-20 00:41:26,249 - INFO - Copied and removed: E:\backup\files\Program Files (x86)\Windows Kits\10\bin\10.0.22621.0\arm64\wireadme.txt -> C:\Users\USER/Documents/Harvested_Data\W11-Vik_USER\2025-02-20_00-41-26\wireadme_06a5fc77.txt
2025-02-20 00:41:26,258 - INFO - Copied and removed: E:\backup\files\Program Files (x86)\Windows Kits\10\bin\10.0.22621.0\x64\wireadme.txt -> C:\Users\USER/Documents/Harvested_Data\W11-Vik_USER\2025-02-20_00-41-26\wireadme_06a5fc77.txt
2025-02-20 00:41:26,267 - INFO - Copied and removed: E:\backup\files\Program Files (x86)\Windows Kits\10\bin\10.0.22621.0\x86\wireadme.txt -> C:\Users\USER/Documents/Harvested_Data\W11-Vik_USER\2025-02-20_00-41-26\wireadme_06a5fc77.txt
2025-02-20 00:41:26,283 - INFO - Copied and removed: E:\backup\files\Program Files (x86)\Windows Kits\10\Include\10.0.22621.0\cppwinrt\LICENSE.txt -> C:\Users\USER/Documents/Harvested_Data\W11-Vik_USER\2025-02-20_00-41-26\LICENSE_f6048594.txt
2025-02-20 00:41:26,352 - INFO - Copied and removed: E:\backup\files\Program Files (x86)\Windows NT\TableTextService\TableTextServiceArray.txt -> C:\Users\USER/Documents/Harvested_Data\W11-Vik_USER\2025-02-20_00-41-26\TableTextServiceArray_ece48b55.txt
2025-02-20 00:41:26,413 - INFO - Copied and removed: E:\backup\files\Program Files (x86)\Windows NT\TableTextService\TableTextServiceDaYi.txt -> C:\Users\USER/Documents/Harvested_Data\W11-Vik_USER\2025-02-20_00-41-26\TableTextServiceDaYi_22932611.txt
2025-02-20 00:41:26,436 - INFO - Copied and removed: E:\backup\files\Program Files (x86)\Windows NT\TableTextService\TableTextServiceTigrinya.txt -> C:\Users\USER/Documents/Harvested_Data\W11-Vik_USER\2025-02-20_00-41-26\TableTextServiceTigrinya_001dab88.txt
2025-02-20 00:41:26,462 - INFO - Copied and removed: E:\backup\files\Program Files (x86)\Windows NT\TableTextService\TableTextServiceYi.txt -> C:\Users\USER/Documents/Harvested_Data\W11-Vik_USER\2025-02-20_00-41-26\TableTextServiceYi_54e26fc4.txt
2025-02-20 00:41:26,490 - INFO - Copied and removed: E:\backup\files\Program Files (x86)\WindowsPowerShell\Modules\Pester\3.4.0\en-US\about_BeforeEach_AfterEach.help.txt -> C:\Users\USER/Documents/Harvested_Data\W11-Vik_USER\2025-02-20_00-41-26\about_BeforeEach_AfterEach.help_9143aadb.txt
2025-02-20 00:41:26,501 - INFO - Copied and removed: E:\backup\files\Program Files (x86)\WindowsPowerShell\Modules\Pester\3.4.0\en-US\about_Mocking.help.txt -> C:\Users\USER/Documents/Harvested_Data\W11-Vik_USER\2025-02-20_00-41-26\about_Mocking.help_732e00de.txt
2025-02-20 00:41:26,528 - INFO - Copied and removed: E:\backup\files\Program Files (x86)\WindowsPowerShell\Modules\Pester\3.4.0\en-US\about_Pester.help.txt -> C:\Users\USER/Documents/Harvested_Data\W11-Vik_USER\2025-02-20_00-41-26\about_Pester.help_b2d45c2e.txt
2025-02-20 00:41:26,539 - INFO - Copied and removed: E:\backup\files\Program Files (x86)\WindowsPowerShell\Modules\Pester\3.4.0\en-US\about_should.help.txt -> C:\Users\USER/Documents/Harvested_Data\W11-Vik_USER\2025-02-20_00-41-26\about_should.help_0cc1aa69.txt
2025-02-20 00:41:26,546 - INFO - Copied and removed: E:\backup\files\Program Files (x86)\WindowsPowerShell\Modules\Pester\3.4.0\en-US\about_TestDrive.help.txt -> C:\Users\USER/Documents/Harvested_Data\W11-Vik_USER\2025-02-20_00-41-26\about_TestDrive.help_d1a1beca.txt
2025-02-20 00:41:26,565 - INFO - Copied and removed: E:\backup\files\ProgramData\Epic\EpicOnlineServices\EpicOnlineServicesHost\Logs\EpicOnlineServicesHost-2025.2.18-9.13.37-8199604176307178310.log -> C:\Users\USER/Documents/Harvested_Data\W11-Vik_USER\2025-02-20_00-41-26\EpicOnlineServicesHost-2025.2.18-9.13.37-8199604176307178310_ced9dbc5.log
2025-02-20 00:41:26,582 - INFO - Copied and removed: E:\backup\files\ProgramData\Epic\EpicOnlineServices\EpicOnlineServicesHost\Logs\EpicOnlineServicesHost-2025.2.7-9.57.47-13565221433721105913.log -> C:\Users\USER/Documents/Harvested_Data\W11-Vik_USER\2025-02-20_00-41-26\EpicOnlineServicesHost-2025.2.7-9.57.47-13565221433721105913_a93e4a41.log
2025-02-20 00:41:26,600 - INFO - Copied and removed: E:\backup\files\ProgramData\Epic\EpicOnlineServices\EpicOnlineServicesHost\Logs\EpicOnlineServicesHost-2025.2.7-9.58.42-18050942828396173995.log -> C:\Users\USER/Documents/Harvested_Data\W11-Vik_USER\2025-02-20_00-41-26\EpicOnlineServicesHost-2025.2.7-9.58.42-18050942828396173995_bc53588b.log
2025-02-20 00:41:26,624 - INFO - Copied and removed: E:\backup\files\ProgramData\Epic\EpicOnlineServices\EpicOnlineServicesHost\Logs\TargetAppStdOut-2025.2.18-9.13.37-143383483127432327.log -> C:\Users\USER/Documents/Harvested_Data\W11-Vik_USER\2025-02-20_00-41-26\TargetAppStdOut-2025.2.18-9.13.37-143383483127432327_c1a06306.log
2025-02-20 00:41:26,647 - INFO - Copied and removed: E:\backup\files\ProgramData\Epic\EpicOnlineServices\EpicOnlineServicesHost\Logs\TargetAppStdOut-2025.2.7-9.57.47-12756671884336778574.log -> C:\Users\USER/Documents/Harvested_Data\W11-Vik_USER\2025-02-20_00-41-26\TargetAppStdOut-2025.2.7-9.57.47-12756671884336778574_673a0688.log
2025-02-20 00:41:26,669 - INFO - Copied and removed: E:\backup\files\ProgramData\Epic\EpicOnlineServices\EpicOnlineServicesHost\Logs\TargetAppStdOut-2025.2.7-9.58.42-2608502905397792000.log -> C:\Users\USER/Documents/Harvested_Data\W11-Vik_USER\2025-02-20_00-41-26\TargetAppStdOut-2025.2.7-9.58.42-2608502905397792000_9d52e409.log
2025-02-20 00:41:26,695 - INFO - Copied and removed: E:\backup\files\ProgramData\Epic\EpicOnlineServices\InstallHelper\Logs\EOSUE4-2025.02.07-09.57.49.log -> C:\Users\USER/Documents/Harvested_Data\W11-Vik_USER\2025-02-20_00-41-26\EOSUE4-2025.02.07-09.57.49_abe5e025.log
2025-02-20 00:41:26,719 - INFO - Copied and removed: E:\backup\files\ProgramData\Epic\EpicOnlineServices\InstallHelper\Logs\EOSUE4-2025.02.07-09.57.50.log -> C:\Users\USER/Documents/Harvested_Data\W11-Vik_USER\2025-02-20_00-41-26\EOSUE4-2025.02.07-09.57.50_666f750f.log
2025-02-20 00:41:26,773 - INFO - Copied and removed: E:\backup\files\ProgramData\Epic\EpicOnlineServices\InstallHelper\Logs\EOSUE4-2025.02.07-09.57.52.log -> C:\Users\USER/Documents/Harvested_Data\W11-Vik_USER\2025-02-20_00-41-26\EOSUE4-2025.02.07-09.57.52_c4ea18a5.log
2025-02-20 00:41:26,805 - INFO - Copied and removed: E:\backup\files\ProgramData\Epic\EpicOnlineServices\InstallHelper\Logs\EOSUE4-2025.02.07-09.58.20.log -> C:\Users\USER/Documents/Harvested_Data\W11-Vik_USER\2025-02-20_00-41-26\EOSUE4-2025.02.07-09.58.20_fc270be5.log
2025-02-20 00:41:26,820 - INFO - Copied and removed: E:\backup\files\ProgramData\Epic\EpicOnlineServices\InstallHelper\Logs\InstallHelper-2025.02.07-09.57.50.log -> C:\Users\USER/Documents/Harvested_Data\W11-Vik_USER\2025-02-20_00-41-26\InstallHelper-2025.02.07-09.57.50_217b764e.log
2025-02-20 00:41:26,836 - INFO - Copied and removed: E:\backup\files\ProgramData\Epic\EpicOnlineServices\InstallHelper\Logs\InstallHelper-2025.02.07-09.57.52.log -> C:\Users\USER/Documents/Harvested_Data\W11-Vik_USER\2025-02-20_00-41-26\InstallHelper-2025.02.07-09.57.52_382c6113.log
2025-02-20 00:41:26,863 - INFO - Copied and removed: E:\backup\files\ProgramData\Epic\EpicOnlineServices\InstallHelper\Logs\InstallHelper-2025.02.07-09.58.20.log -> C:\Users\USER/Documents/Harvested_Data\W11-Vik_USER\2025-02-20_00-41-26\InstallHelper-2025.02.07-09.58.20_0c390047.log
2025-02-20 00:41:26,885 - INFO - Copied and removed: E:\backup\files\ProgramData\Epic\EpicOnlineServices\InstallHelper\Logs\InstallHelper-2025.2.18-9.13.38-16013255007589405413.log -> C:\Users\USER/Documents/Harvested_Data\W11-Vik_USER\2025-02-20_00-41-26\InstallHelper-2025.2.18-9.13.38-16013255007589405413_9858da5b.log
2025-02-20 00:41:26,910 - INFO - Copied and removed: E:\backup\files\ProgramData\Epic\EpicOnlineServices\InstallHelper\Logs\InstallHelper-2025.2.7-9.58.46-10506905640412189658.log -> C:\Users\USER/Documents/Harvested_Data\W11-Vik_USER\2025-02-20_00-41-26\InstallHelper-2025.2.7-9.58.46-10506905640412189658_f8ecd229.log
2025-02-20 00:41:26,921 - INFO - Copied and removed: E:\backup\files\ProgramData\Epic\EpicOnlineServices\MainService\Logs\2025-02-18_10-13-37_crashHandler.log -> C:\Users\USER/Documents/Harvested_Data\W11-Vik_USER\2025-02-20_00-41-26\2025-02-18_10-13-37_crashHandler_c1a06306.log
2025-02-20 00:41:26,952 - INFO - Copied and removed: E:\backup\files\ProgramData\Epic\EpicOnlineServices\MainService\Logs\2025-02-18_10-13-38_stdout.log -> C:\Users\USER/Documents/Harvested_Data\W11-Vik_USER\2025-02-20_00-41-26\2025-02-18_10-13-38_stdout_500afea2.log
2025-02-20 00:41:26,970 - INFO - Copied and removed: E:\backup\files\ProgramData\HP\logs\RealtekRT_P00ZNCB2.log -> C:\Users\USER/Documents/Harvested_Data\W11-Vik_USER\2025-02-20_00-41-26\RealtekRT_P00ZNCB2_490ff708.log
2025-02-20 00:41:26,994 - INFO - Copied and removed: E:\backup\files\ProgramData\NVIDIA\DisplaySessionContainer1.log -> C:\Users\USER/Documents/Harvested_Data\W11-Vik_USER\2025-02-20_00-41-26\DisplaySessionContainer1_8ec0b9d5.log
2025-02-20 00:41:27,017 - INFO - Copied and removed: E:\backup\files\ProgramData\NVIDIA\DisplaySessionContainer2.log -> C:\Users\USER/Documents/Harvested_Data\W11-Vik_USER\2025-02-20_00-41-27\DisplaySessionContainer2_05e755c7.log
2025-02-20 00:41:27,040 - INFO - Copied and removed: E:\backup\files\ProgramData\NVIDIA\DisplaySessionContainer3.log -> C:\Users\USER/Documents/Harvested_Data\W11-Vik_USER\2025-02-20_00-41-27\DisplaySessionContainer3_235d06ae.log
2025-02-20 00:41:27,062 - INFO - Copied and removed: E:\backup\files\ProgramData\NVIDIA\DisplaySessionContainer4.log -> C:\Users\USER/Documents/Harvested_Data\W11-Vik_USER\2025-02-20_00-41-27\DisplaySessionContainer4_40e826e1.log
2025-02-20 00:41:27,082 - INFO - Copied and removed: E:\backup\files\ProgramData\NVIDIA\NvcDispCorePlugin.log -> C:\Users\USER/Documents/Harvested_Data\W11-Vik_USER\2025-02-20_00-41-27\NvcDispCorePlugin_9852524e.log
2025-02-20 00:41:27,103 - INFO - Copied and removed: E:\backup\files\ProgramData\NVIDIA\NVDisplay.ContainerLocalSystem.log -> C:\Users\USER/Documents/Harvested_Data\W11-Vik_USER\2025-02-20_00-41-27\NVDisplay.ContainerLocalSystem_9f395bae.log
2025-02-20 00:41:27,129 - INFO - Copied and removed: E:\backup\files\ProgramData\NVIDIA\NVDisplayContainerWatchdog.log -> C:\Users\USER/Documents/Harvested_Data\W11-Vik_USER\2025-02-20_00-41-27\NVDisplayContainerWatchdog_f59d4e3e.log
2025-02-20 00:41:27,143 - INFO - Copied and removed: E:\backup\files\ProgramData\NVIDIA\NGX\models\nvngx_config.txt -> C:\Users\USER/Documents/Harvested_Data\W11-Vik_USER\2025-02-20_00-41-27\nvngx_config_593a7e4c.txt
2025-02-20 00:41:27,162 - INFO - Copied and removed: E:\backup\files\ProgramData\NVIDIA Corporation\DisplayDriverRAS\NvTelemetry\NvTelemetry.log -> C:\Users\USER/Documents/Harvested_Data\W11-Vik_USER\2025-02-20_00-41-27\NvTelemetry_bdd3db82.log
2025-02-20 00:41:27,184 - INFO - Copied and removed: E:\backup\files\ProgramData\NVIDIA Corporation\FrameViewSDK\container.log -> C:\Users\USER/Documents/Harvested_Data\W11-Vik_USER\2025-02-20_00-41-27\container_3f2e43ee.log
2025-02-20 00:41:27,203 - INFO - Copied and removed: E:\backup\files\ProgramData\NVIDIA Corporation\FrameViewSDK\container.system.log -> C:\Users\USER/Documents/Harvested_Data\W11-Vik_USER\2025-02-20_00-41-27\container.system_86626597.log
2025-02-20 00:41:27,221 - INFO - Copied and removed: E:\backup\files\ProgramData\NVIDIA Corporation\NVIDIA app\AcceptedEULA.txt -> C:\Users\USER/Documents/Harvested_Data\W11-Vik_USER\2025-02-20_00-41-27\AcceptedEULA_d73b0794.txt
2025-02-20 00:41:27,241 - INFO - Copied and removed: E:\backup\files\ProgramData\NVIDIA Corporation\NVIDIA app\CxNative_LocalSystem.1.log -> C:\Users\USER/Documents/Harvested_Data\W11-Vik_USER\2025-02-20_00-41-27\CxNative_LocalSystem.1_5c07ed23.log
2025-02-20 00:41:27,270 - INFO - Copied and removed: E:\backup\files\ProgramData\NVIDIA Corporation\NVIDIA app\CxNative_LocalSystem.log -> C:\Users\USER/Documents/Harvested_Data\W11-Vik_USER\2025-02-20_00-41-27\CxNative_LocalSystem_4979ea89.log
2025-02-20 00:41:27,291 - INFO - Copied and removed: E:\backup\files\ProgramData\NVIDIA Corporation\NVIDIA app\Installer\Logs\LOG.RunDll32.EXE.log -> C:\Users\USER/Documents/Harvested_Data\W11-Vik_USER\2025-02-20_00-41-27\LOG.RunDll32.EXE_48869a9d.log
2025-02-20 00:41:27,356 - INFO - Copied and removed: E:\backup\files\ProgramData\NVIDIA Corporation\NVIDIA app\Installer\Logs\LOG.setup.exe.log -> C:\Users\USER/Documents/Harvested_Data\W11-Vik_USER\2025-02-20_00-41-27\LOG.setup.exe_77b10966.log
2025-02-20 00:41:27,431 - INFO - Copied and removed: E:\backup\files\ProgramData\NVIDIA Corporation\NVIDIA app\Logs\LOG.dbInstaller.exe.log -> C:\Users\USER/Documents/Harvested_Data\W11-Vik_USER\2025-02-20_00-41-27\LOG.dbInstaller.exe_921cc06a.log
2025-02-20 00:41:27,482 - INFO - Copied and removed: E:\backup\files\ProgramData\NVIDIA Corporation\NVIDIA app\Logs\LOG.NVDisplay.Container.exe.log -> C:\Users\USER/Documents/Harvested_Data\W11-Vik_USER\2025-02-20_00-41-27\LOG.NVDisplay.Container.exe_811298ce.log
2025-02-20 00:41:27,505 - INFO - Copied and removed: E:\backup\files\ProgramData\NVIDIA Corporation\NVIDIA app\Logs\LOG.RunDll32.EXE.log -> C:\Users\USER/Documents/Harvested_Data\W11-Vik_USER\2025-02-20_00-41-27\LOG.RunDll32.EXE_95d891fd.log
2025-02-20 00:41:27,585 - INFO - Copied and removed: E:\backup\files\ProgramData\NVIDIA Corporation\NVIDIA app\Logs\LOG.setup.exe.log -> C:\Users\USER/Documents/Harvested_Data\W11-Vik_USER\2025-02-20_00-41-27\LOG.setup.exe_a5fbcadf.log
2025-02-20 00:41:27,604 - INFO - Copied and removed: E:\backup\files\ProgramData\NVIDIA Corporation\NVIDIA app\MessageBus\MessageBusBroadcast.log -> C:\Users\USER/Documents/Harvested_Data\W11-Vik_USER\2025-02-20_00-41-27\MessageBusBroadcast_5c6de70a.log
2025-02-20 00:41:27,620 - INFO - Copied and removed: E:\backup\files\ProgramData\NVIDIA Corporation\NVIDIA app\MessageBus\MessageBus_10152.log -> C:\Users\USER/Documents/Harvested_Data\W11-Vik_USER\2025-02-20_00-41-27\MessageBus_10152_9f1e4c76.log
2025-02-20 00:41:27,636 - INFO - Copied and removed: E:\backup\files\ProgramData\NVIDIA Corporation\NVIDIA app\MessageBus\MessageBus_10176.log -> C:\Users\USER/Documents/Harvested_Data\W11-Vik_USER\2025-02-20_00-41-27\MessageBus_10176_807be82c.log
2025-02-20 00:41:27,651 - INFO - Copied and removed: E:\backup\files\ProgramData\NVIDIA Corporation\NVIDIA app\MessageBus\MessageBus_10372.log -> C:\Users\USER/Documents/Harvested_Data\W11-Vik_USER\2025-02-20_00-41-27\MessageBus_10372_b29a21c4.log
2025-02-20 00:41:27,672 - INFO - Copied and removed: E:\backup\files\ProgramData\NVIDIA Corporation\NVIDIA app\MessageBus\MessageBus_10640.log -> C:\Users\USER/Documents/Harvested_Data\W11-Vik_USER\2025-02-20_00-41-27\MessageBus_10640_c411f296.log
2025-02-20 00:41:27,688 - INFO - Copied and removed: E:\backup\files\ProgramData\NVIDIA Corporation\NVIDIA app\MessageBus\MessageBus_10684.log -> C:\Users\USER/Documents/Harvested_Data\W11-Vik_USER\2025-02-20_00-41-27\MessageBus_10684_d9fc887b.log
2025-02-20 00:41:27,706 - INFO - Copied and removed: E:\backup\files\ProgramData\NVIDIA Corporation\NVIDIA app\MessageBus\MessageBus_10740.log -> C:\Users\USER/Documents/Harvested_Data\W11-Vik_USER\2025-02-20_00-41-27\MessageBus_10740_d0b35536.log
2025-02-20 00:41:27,723 - INFO - Copied and removed: E:\backup\files\ProgramData\NVIDIA Corporation\NVIDIA app\MessageBus\MessageBus_10792.log -> C:\Users\USER/Documents/Harvested_Data\W11-Vik_USER\2025-02-20_00-41-27\MessageBus_10792_7314331e.log
2025-02-20 00:41:27,738 - INFO - Copied and removed: E:\backup\files\ProgramData\NVIDIA Corporation\NVIDIA app\MessageBus\MessageBus_11176.log -> C:\Users\USER/Documents/Harvested_Data\W11-Vik_USER\2025-02-20_00-41-27\MessageBus_11176_3dfdf7d9.log
2025-02-20 00:41:27,755 - INFO - Copied and removed: E:\backup\files\ProgramData\NVIDIA Corporation\NVIDIA app\MessageBus\MessageBus_11432.log -> C:\Users\USER/Documents/Harvested_Data\W11-Vik_USER\2025-02-20_00-41-27\MessageBus_11432_39458bd3.log
2025-02-20 00:41:27,773 - INFO - Copied and removed: E:\backup\files\ProgramData\NVIDIA Corporation\NVIDIA app\MessageBus\MessageBus_11844.log -> C:\Users\USER/Documents/Harvested_Data\W11-Vik_USER\2025-02-20_00-41-27\MessageBus_11844_d71fcb2b.log
2025-02-20 00:41:27,788 - INFO - Copied and removed: E:\backup\files\ProgramData\NVIDIA Corporation\NVIDIA app\MessageBus\MessageBus_13484.log -> C:\Users\USER/Documents/Harvested_Data\W11-Vik_USER\2025-02-20_00-41-27\MessageBus_13484_df493040.log
2025-02-20 00:41:27,803 - INFO - Copied and removed: E:\backup\files\ProgramData\NVIDIA Corporation\NVIDIA app\MessageBus\MessageBus_13488.log -> C:\Users\USER/Documents/Harvested_Data\W11-Vik_USER\2025-02-20_00-41-27\MessageBus_13488_08da44a2.log
2025-02-20 00:41:27,821 - INFO - Copied and removed: E:\backup\files\ProgramData\NVIDIA Corporation\NVIDIA app\MessageBus\MessageBus_13528.log -> C:\Users\USER/Documents/Harvested_Data\W11-Vik_USER\2025-02-20_00-41-27\MessageBus_13528_5884ce39.log
2025-02-20 00:41:27,840 - INFO - Copied and removed: E:\backup\files\ProgramData\NVIDIA Corporation\NVIDIA app\MessageBus\MessageBus_13544.log -> C:\Users\USER/Documents/Harvested_Data\W11-Vik_USER\2025-02-20_00-41-27\MessageBus_13544_f41ab993.log
2025-02-20 00:41:27,857 - INFO - Copied and removed: E:\backup\files\ProgramData\NVIDIA Corporation\NVIDIA app\MessageBus\MessageBus_13732.log -> C:\Users\USER/Documents/Harvested_Data\W11-Vik_USER\2025-02-20_00-41-27\MessageBus_13732_5527849a.log
2025-02-20 00:41:27,872 - INFO - Copied and removed: E:\backup\files\ProgramData\NVIDIA Corporation\NVIDIA app\MessageBus\MessageBus_1576.log -> C:\Users\USER/Documents/Harvested_Data\W11-Vik_USER\2025-02-20_00-41-27\MessageBus_1576_8f57ea9d.log
2025-02-20 00:41:27,888 - INFO - Copied and removed: E:\backup\files\ProgramData\NVIDIA Corporation\NVIDIA app\MessageBus\MessageBus_17296.log -> C:\Users\USER/Documents/Harvested_Data\W11-Vik_USER\2025-02-20_00-41-27\MessageBus_17296_c7c162f1.log
2025-02-20 00:41:27,905 - INFO - Copied and removed: E:\backup\files\ProgramData\NVIDIA Corporation\NVIDIA app\MessageBus\MessageBus_17452.log -> C:\Users\USER/Documents/Harvested_Data\W11-Vik_USER\2025-02-20_00-41-27\MessageBus_17452_61d8a5d0.log
2025-02-20 00:41:27,922 - INFO - Copied and removed: E:\backup\files\ProgramData\NVIDIA Corporation\NVIDIA app\MessageBus\MessageBus_18688.log -> C:\Users\USER/Documents/Harvested_Data\W11-Vik_USER\2025-02-20_00-41-27\MessageBus_18688_83edebb3.log
2025-02-20 00:41:27,936 - INFO - Copied and removed: E:\backup\files\ProgramData\NVIDIA Corporation\NVIDIA app\MessageBus\MessageBus_20724.log -> C:\Users\USER/Documents/Harvested_Data\W11-Vik_USER\2025-02-20_00-41-27\MessageBus_20724_0ac83f5d.log
2025-02-20 00:41:27,954 - INFO - Copied and removed: E:\backup\files\ProgramData\NVIDIA Corporation\NVIDIA app\MessageBus\MessageBus_20804.log -> C:\Users\USER/Documents/Harvested_Data\W11-Vik_USER\2025-02-20_00-41-27\MessageBus_20804_2386b0ba.log
2025-02-20 00:41:27,971 - INFO - Copied and removed: E:\backup\files\ProgramData\NVIDIA Corporation\NVIDIA app\MessageBus\MessageBus_23080.log -> C:\Users\USER/Documents/Harvested_Data\W11-Vik_USER\2025-02-20_00-41-27\MessageBus_23080_ae800575.log
2025-02-20 00:41:27,991 - INFO - Copied and removed: E:\backup\files\ProgramData\NVIDIA Corporation\NVIDIA app\MessageBus\MessageBus_26964.log -> C:\Users\USER/Documents/Harvested_Data\W11-Vik_USER\2025-02-20_00-41-27\MessageBus_26964_8d13c6bf.log
2025-02-20 00:41:28,007 - INFO - Copied and removed: E:\backup\files\ProgramData\NVIDIA Corporation\NVIDIA app\MessageBus\MessageBus_29024.log -> C:\Users\USER/Documents/Harvested_Data\W11-Vik_USER\2025-02-20_00-41-28\MessageBus_29024_d46d63ad.log
2025-02-20 00:41:28,023 - INFO - Copied and removed: E:\backup\files\ProgramData\NVIDIA Corporation\NVIDIA app\MessageBus\MessageBus_5984.log -> C:\Users\USER/Documents/Harvested_Data\W11-Vik_USER\2025-02-20_00-41-28\MessageBus_5984_08728546.log
2025-02-20 00:41:28,042 - INFO - Copied and removed: E:\backup\files\ProgramData\NVIDIA Corporation\NVIDIA app\MessageBus\MessageBus_6432.log -> C:\Users\USER/Documents/Harvested_Data\W11-Vik_USER\2025-02-20_00-41-28\MessageBus_6432_3302556d.log
2025-02-20 00:41:28,057 - INFO - Copied and removed: E:\backup\files\ProgramData\NVIDIA Corporation\NVIDIA app\MessageBus\MessageBus_7948.log -> C:\Users\USER/Documents/Harvested_Data\W11-Vik_USER\2025-02-20_00-41-28\MessageBus_7948_fc229179.log
2025-02-20 00:41:28,077 - INFO - Copied and removed: E:\backup\files\ProgramData\NVIDIA Corporation\NVIDIA app\MessageBus\MessageBus_8012.log -> C:\Users\USER/Documents/Harvested_Data\W11-Vik_USER\2025-02-20_00-41-28\MessageBus_8012_969b2fb3.log
2025-02-20 00:41:28,093 - INFO - Copied and removed: E:\backup\files\ProgramData\NVIDIA Corporation\NVIDIA app\MessageBus\MessageBus_8044.log -> C:\Users\USER/Documents/Harvested_Data\W11-Vik_USER\2025-02-20_00-41-28\MessageBus_8044_279b32f0.log
2025-02-20 00:41:28,111 - INFO - Copied and removed: E:\backup\files\ProgramData\NVIDIA Corporation\NVIDIA app\MessageBus\MessageBus_8124.log -> C:\Users\USER/Documents/Harvested_Data\W11-Vik_USER\2025-02-20_00-41-28\MessageBus_8124_0b9f9139.log
2025-02-20 00:41:28,127 - INFO - Copied and removed: E:\backup\files\ProgramData\NVIDIA Corporation\NVIDIA app\MessageBus\MessageBus_8688.log -> C:\Users\USER/Documents/Harvested_Data\W11-Vik_USER\2025-02-20_00-41-28\MessageBus_8688_c9b7e2a5.log
2025-02-20 00:41:28,149 - INFO - Copied and removed: E:\backup\files\ProgramData\NVIDIA Corporation\NVIDIA app\MessageBus\MessageBus_9852.log -> C:\Users\USER/Documents/Harvested_Data\W11-Vik_USER\2025-02-20_00-41-28\MessageBus_9852_be4c703b.log
2025-02-20 00:41:28,171 - INFO - Copied and removed: E:\backup\files\ProgramData\NVIDIA Corporation\NVIDIA app\MessageBus\MessageBus_9948.log -> C:\Users\USER/Documents/Harvested_Data\W11-Vik_USER\2025-02-20_00-41-28\MessageBus_9948_584a6e46.log
2025-02-20 00:41:28,193 - INFO - Copied and removed: E:\backup\files\ProgramData\NVIDIA Corporation\NVIDIA app\MessageBus\MessageBus_9996.log -> C:\Users\USER/Documents/Harvested_Data\W11-Vik_USER\2025-02-20_00-41-28\MessageBus_9996_27df12d2.log
2025-02-20 00:41:28,215 - INFO - Copied and removed: E:\backup\files\ProgramData\NVIDIA Corporation\NVIDIA app\NvContainer\NvContainerLocalSystem.log -> C:\Users\USER/Documents/Harvested_Data\W11-Vik_USER\2025-02-20_00-41-28\NvContainerLocalSystem_daf31d58.log
2025-02-20 00:41:28,234 - INFO - Copied and removed: E:\backup\files\ProgramData\NVIDIA Corporation\NVIDIA app\NvContainer\NvContainerSession1.log -> C:\Users\USER/Documents/Harvested_Data\W11-Vik_USER\2025-02-20_00-41-28\NvContainerSession1_764c87b9.log
2025-02-20 00:41:28,254 - INFO - Copied and removed: E:\backup\files\ProgramData\NVIDIA Corporation\NVIDIA app\NvContainer\NvContainerSession2.log -> C:\Users\USER/Documents/Harvested_Data\W11-Vik_USER\2025-02-20_00-41-28\NvContainerSession2_47e24aad.log
2025-02-20 00:41:28,272 - INFO - Copied and removed: E:\backup\files\ProgramData\NVIDIA Corporation\NVIDIA app\NvContainer\NvContainerSession3.log -> C:\Users\USER/Documents/Harvested_Data\W11-Vik_USER\2025-02-20_00-41-28\NvContainerSession3_db84480b.log
2025-02-20 00:41:28,291 - INFO - Copied and removed: E:\backup\files\ProgramData\NVIDIA Corporation\NVIDIA app\NvContainer\NvContainerSession4.log -> C:\Users\USER/Documents/Harvested_Data\W11-Vik_USER\2025-02-20_00-41-28\NvContainerSession4_29d6a411.log
2025-02-20 00:41:28,312 - INFO - Copied and removed: E:\backup\files\ProgramData\NVIDIA Corporation\NVIDIA app\NvContainer\NvContainerUser1.log -> C:\Users\USER/Documents/Harvested_Data\W11-Vik_USER\2025-02-20_00-41-28\NvContainerUser1_3ad387d6.log
2025-02-20 00:41:28,331 - INFO - Copied and removed: E:\backup\files\ProgramData\NVIDIA Corporation\NVIDIA app\NvContainer\NvContainerUser1SPUser.log -> C:\Users\USER/Documents/Harvested_Data\W11-Vik_USER\2025-02-20_00-41-28\NvContainerUser1SPUser_148a2316.log
2025-02-20 00:41:28,350 - INFO - Copied and removed: E:\backup\files\ProgramData\NVIDIA Corporation\NVIDIA app\NvContainer\NvContainerUser2.log -> C:\Users\USER/Documents/Harvested_Data\W11-Vik_USER\2025-02-20_00-41-28\NvContainerUser2_cf60af4b.log
2025-02-20 00:41:28,368 - INFO - Copied and removed: E:\backup\files\ProgramData\NVIDIA Corporation\NVIDIA app\NvContainer\NvContainerUser2SPUser.log -> C:\Users\USER/Documents/Harvested_Data\W11-Vik_USER\2025-02-20_00-41-28\NvContainerUser2SPUser_06bb9a81.log
2025-02-20 00:41:28,387 - INFO - Copied and removed: E:\backup\files\ProgramData\NVIDIA Corporation\NVIDIA app\NvContainer\NvContainerUser3.log -> C:\Users\USER/Documents/Harvested_Data\W11-Vik_USER\2025-02-20_00-41-28\NvContainerUser3_5aefa898.log
2025-02-20 00:41:28,407 - INFO - Copied and removed: E:\backup\files\ProgramData\NVIDIA Corporation\NVIDIA app\NvContainer\NvContainerUser3SPUser.log -> C:\Users\USER/Documents/Harvested_Data\W11-Vik_USER\2025-02-20_00-41-28\NvContainerUser3SPUser_4f0783f9.log
2025-02-20 00:41:28,435 - INFO - Copied and removed: E:\backup\files\ProgramData\NVIDIA Corporation\NVIDIA app\NvContainer\NvContainerWatchdog.log -> C:\Users\USER/Documents/Harvested_Data\W11-Vik_USER\2025-02-20_00-41-28\NvContainerWatchdog_2fa06df3.log
2025-02-20 00:41:28,458 - INFO - Copied and removed: E:\backup\files\ProgramData\NVIDIA Corporation\NVIDIA app\SessionLogs\CxNative_Session1.1.log -> C:\Users\USER/Documents/Harvested_Data\W11-Vik_USER\2025-02-20_00-41-28\CxNative_Session1.1_abf661ed.log
2025-02-20 00:41:28,479 - INFO - Copied and removed: E:\backup\files\ProgramData\NVIDIA Corporation\NVIDIA app\SessionLogs\CxNative_Session1.log -> C:\Users\USER/Documents/Harvested_Data\W11-Vik_USER\2025-02-20_00-41-28\CxNative_Session1_b6d5a592.log
2025-02-20 00:41:28,499 - INFO - Copied and removed: E:\backup\files\ProgramData\NVIDIA Corporation\NVIDIA app\SessionLogs\CxNative_Session2.1.log -> C:\Users\USER/Documents/Harvested_Data\W11-Vik_USER\2025-02-20_00-41-28\CxNative_Session2.1_ca41a2a1.log
2025-02-20 00:41:28,522 - INFO - Copied and removed: E:\backup\files\ProgramData\NVIDIA Corporation\NVIDIA app\SessionLogs\CxNative_Session2.log -> C:\Users\USER/Documents/Harvested_Data\W11-Vik_USER\2025-02-20_00-41-28\CxNative_Session2_e11a4fdc.log
2025-02-20 00:41:28,540 - INFO - Copied and removed: E:\backup\files\ProgramData\NVIDIA Corporation\NVIDIA app\SessionLogs\CxNative_Session3.1.log -> C:\Users\USER/Documents/Harvested_Data\W11-Vik_USER\2025-02-20_00-41-28\CxNative_Session3.1_438f6ec3.log
2025-02-20 00:41:28,556 - INFO - Copied and removed: E:\backup\files\ProgramData\NVIDIA Corporation\NVIDIA app\SessionLogs\CxNative_Session3.log -> C:\Users\USER/Documents/Harvested_Data\W11-Vik_USER\2025-02-20_00-41-28\CxNative_Session3_ad6f4fd5.log
2025-02-20 00:41:28,574 - INFO - Copied and removed: E:\backup\files\ProgramData\NVIDIA Corporation\NVIDIA app\SessionLogs\CxNative_Session4.1.log -> C:\Users\USER/Documents/Harvested_Data\W11-Vik_USER\2025-02-20_00-41-28\CxNative_Session4.1_59491fd7.log
2025-02-20 00:41:28,594 - INFO - Copied and removed: E:\backup\files\ProgramData\NVIDIA Corporation\NVIDIA app\SessionLogs\CxNative_Session4.log -> C:\Users\USER/Documents/Harvested_Data\W11-Vik_USER\2025-02-20_00-41-28\CxNative_Session4_48b5a446.log
2025-02-20 00:41:28,616 - INFO - Copied and removed: E:\backup\files\ProgramData\NVIDIA Corporation\NVIDIA app\UpdateFramework\ota-artifacts\grd\post-processing\771be1524b1f086c8ae8157d074bfb19\EULA.txt -> C:\Users\USER/Documents/Harvested_Data\W11-Vik_USER\2025-02-20_00-41-28\EULA_1b1c5385.txt
2025-02-20 00:41:28,655 - INFO - Copied and removed: E:\backup\files\ProgramData\NVIDIA Corporation\NVIDIA app\UpdateFramework\ota-artifacts\grd\post-processing\771be1524b1f086c8ae8157d074bfb19\ListDevices.txt -> C:\Users\USER/Documents/Harvested_Data\W11-Vik_USER\2025-02-20_00-41-28\ListDevices_523170e0.txt
2025-02-20 00:41:28,676 - INFO - Copied and removed: E:\backup\files\ProgramData\NVIDIA Corporation\NVIDIA app\UpdateFramework\ota-artifacts\grd\post-processing\771be1524b1f086c8ae8157d074bfb19\Display.Driver\license.txt -> C:\Users\USER/Documents/Harvested_Data\W11-Vik_USER\2025-02-20_00-41-28\license_0e8376d8.txt
2025-02-20 00:41:28,697 - INFO - Copied and removed: E:\backup\files\ProgramData\NVIDIA Corporation\NVIDIA app\UpdateFramework\ota-artifacts\grd\post-processing\771be1524b1f086c8ae8157d074bfb19\Display.Driver\NvCamera\tools_licenses.txt -> C:\Users\USER/Documents/Harvested_Data\W11-Vik_USER\2025-02-20_00-41-28\tools_licenses_471daf82.txt
2025-02-20 00:41:28,761 - INFO - Copied and removed: E:\backup\files\ProgramData\NVIDIA Corporation\NVIDIA app\UXD\Log.nvcontainer.exe.log -> C:\Users\USER/Documents/Harvested_Data\W11-Vik_USER\2025-02-20_00-41-28\Log.nvcontainer.exe_2b74a799.log
2025-02-20 00:41:28,782 - INFO - Copied and removed: E:\backup\files\ProgramData\NVIDIA Corporation\NVIDIA app\UXD\Log.NVIDIA Overlay.exe.log -> C:\Users\USER/Documents/Harvested_Data\W11-Vik_USER\2025-02-20_00-41-28\Log.NVIDIA Overlay.exe_90344295.log
2025-02-20 00:41:28,797 - INFO - Copied and removed: E:\backup\files\ProgramData\NVIDIA Corporation\NVIDIA app\UXD\Log.regsvr32.exe.log -> C:\Users\USER/Documents/Harvested_Data\W11-Vik_USER\2025-02-20_00-41-28\Log.regsvr32.exe_5c730568.log
2025-02-20 00:41:28,818 - INFO - Copied and removed: E:\backup\files\ProgramData\NVIDIA Corporation\NvProfileUpdaterPlugin\NvProfileUpdaterPlugin_1.log -> C:\Users\USER/Documents/Harvested_Data\W11-Vik_USER\2025-02-20_00-41-28\NvProfileUpdaterPlugin_1_e0e50152.log
2025-02-20 00:41:28,837 - INFO - Copied and removed: E:\backup\files\ProgramData\NVIDIA Corporation\NvProfileUpdaterPlugin\NvProfileUpdaterPlugin_2.log -> C:\Users\USER/Documents/Harvested_Data\W11-Vik_USER\2025-02-20_00-41-28\NvProfileUpdaterPlugin_2_cb52e6e1.log
2025-02-20 00:41:28,856 - INFO - Copied and removed: E:\backup\files\ProgramData\NVIDIA Corporation\NvProfileUpdaterPlugin\NvProfileUpdaterPlugin_3.log -> C:\Users\USER/Documents/Harvested_Data\W11-Vik_USER\2025-02-20_00-41-28\NvProfileUpdaterPlugin_3_a94287fd.log
2025-02-20 00:41:28,877 - INFO - Copied and removed: E:\backup\files\ProgramData\NVIDIA Corporation\NvProfileUpdaterPlugin\NvProfileUpdaterPlugin_4.log -> C:\Users\USER/Documents/Harvested_Data\W11-Vik_USER\2025-02-20_00-41-28\NvProfileUpdaterPlugin_4_bee3f857.log
2025-02-20 00:41:28,907 - INFO - Copied and removed: E:\backup\files\ProgramData\NVIDIA Corporation\nvtopps\nvtopps.log -> C:\Users\USER/Documents/Harvested_Data\W11-Vik_USER\2025-02-20_00-41-28\nvtopps_df7dced0.log
2025-02-20 00:41:28,988 - INFO - Copied and removed: E:\backup\files\ProgramData\NVIDIA Corporation\ShadowPlay\CaptureCore.log -> C:\Users\USER/Documents/Harvested_Data\W11-Vik_USER\2025-02-20_00-41-28\CaptureCore_36de1ffd.log
2025-02-20 00:41:29,014 - INFO - Copied and removed: E:\backup\files\ProgramData\Realtek\BTDevManager.log -> C:\Users\USER/Documents/Harvested_Data\W11-Vik_USER\2025-02-20_00-41-29\BTDevManager_f6cf1c46.log
2025-02-20 00:41:29,034 - INFO - Copied and removed: E:\backup\files\ProgramData\Realtek\BTDevManager_sub.log -> C:\Users\USER/Documents/Harvested_Data\W11-Vik_USER\2025-02-20_00-41-29\BTDevManager_sub_39691058.log
2025-02-20 00:41:29,063 - INFO - Copied and removed: E:\backup\files\ProgramData\SteelSeries\GG\Logs\cvgamesense-log.txt -> C:\Users\USER/Documents/Harvested_Data\W11-Vik_USER\2025-02-20_00-41-29\cvgamesense-log_ecc641e5.txt
2025-02-20 00:41:29,084 - INFO - Copied and removed: E:\backup\files\ProgramData\SteelSeries\GG\Logs\electron-log.txt -> C:\Users\USER/Documents/Harvested_Data\W11-Vik_USER\2025-02-20_00-41-29\electron-log_15951195.txt
2025-02-20 00:41:29,135 - INFO - Copied and removed: E:\backup\files\ProgramData\SteelSeries\GG\Logs\gg-errorlog.txt -> C:\Users\USER/Documents/Harvested_Data\W11-Vik_USER\2025-02-20_00-41-29\gg-errorlog_deef011f.txt
2025-02-20 00:41:29,155 - INFO - Copied and removed: E:\backup\files\ProgramData\SteelSeries\GG\Logs\nw-log.txt -> C:\Users\USER/Documents/Harvested_Data\W11-Vik_USER\2025-02-20_00-41-29\nw-log_c3cefb0a.txt
2025-02-20 00:41:29,170 - INFO - Copied and removed: E:\backup\files\Riot Games\Riot Client\RiotClientElectron\LICENSE.electron.txt -> C:\Users\USER/Documents/Harvested_Data\W11-Vik_USER\2025-02-20_00-41-29\LICENSE.electron_5154e165.txt
2025-02-20 00:41:29,189 - INFO - Copied and removed: E:\backup\files\SWSetup\SP112990\InstallCmdWrapper-InstallCmd.log -> C:\Users\USER/Documents/Harvested_Data\W11-Vik_USER\2025-02-20_00-41-29\InstallCmdWrapper-InstallCmd_ffd21dc5.log
2025-02-20 00:41:29,209 - INFO - Copied and removed: E:\backup\files\SWSetup\SP112990\src\Drivers\RTWLANE_Driver\Win10X64\rtldata.txt -> C:\Users\USER/Documents/Harvested_Data\W11-Vik_USER\2025-02-20_00-41-29\rtldata_834f7787.txt
2025-02-20 00:41:29,226 - INFO - Copied and removed: E:\backup\files\SWSetup\SP112990\src\Drivers\RTWLANE_Driver\Win10X64\rtldata02.txt -> C:\Users\USER/Documents/Harvested_Data\W11-Vik_USER\2025-02-20_00-41-29\rtldata02_b323780b.txt
2025-02-20 00:41:29,289 - INFO - Copied and removed: E:\backup\files\SWSetup\SP112990\src\Drivers\RTWLANE_Driver\Win10X64\rtldata60.txt -> C:\Users\USER/Documents/Harvested_Data\W11-Vik_USER\2025-02-20_00-41-29\rtldata60_307fa62d.txt
2025-02-20 00:41:29,309 - INFO - Copied and removed: E:\backup\files\SWSetup\SP112990\src\Drivers\RTWLANE_Driver\Win10X86\rtldata.txt -> C:\Users\USER/Documents/Harvested_Data\W11-Vik_USER\2025-02-20_00-41-29\rtldata_834f7787.txt
2025-02-20 00:41:29,324 - INFO - Copied and removed: E:\backup\files\SWSetup\SP112990\src\Drivers\RTWLANE_Driver\Win10X86\rtldata02.txt -> C:\Users\USER/Documents/Harvested_Data\W11-Vik_USER\2025-02-20_00-41-29\rtldata02_b323780b.txt
2025-02-20 00:41:29,339 - INFO - Copied and removed: E:\backup\files\SWSetup\SP112990\src\Drivers\RTWLANE_Driver\Win10X86\rtldata60.txt -> C:\Users\USER/Documents/Harvested_Data\W11-Vik_USER\2025-02-20_00-41-29\rtldata60_307fa62d.txt
2025-02-20 00:41:29,357 - INFO - Copied and removed: E:\backup\files\SWSetup\sp155425\HPUP_20250211220412.log -> C:\Users\USER/Documents/Harvested_Data\W11-Vik_USER\2025-02-20_00-41-29\HPUP_20250211220412_d2cca7d9.log
2025-02-20 00:41:29,380 - INFO - Copied and removed: E:\backup\files\SWSetup\sp155425\HPUP_20250211222005.log -> C:\Users\USER/Documents/Harvested_Data\W11-Vik_USER\2025-02-20_00-41-29\HPUP_20250211222005_f014d88e.log
2025-02-20 00:41:29,400 - INFO - Copied and removed: E:\backup\files\Users\USER\AMDRM_Install.log -> C:\Users\USER/Documents/Harvested_Data\W11-Vik_USER\2025-02-20_00-41-29\AMDRM_Install_5a48dd32.log
2025-02-20 00:41:29,418 - INFO - Copied and removed: E:\backup\files\Users\USER\.espressif\tools\idf-driver\silabs-2021-05-03\CP210x_Universal_Windows_Driver_ReleaseNotes.txt -> C:\Users\USER/Documents/Harvested_Data\W11-Vik_USER\2025-02-20_00-41-29\CP210x_Universal_Windows_Driver_ReleaseNotes_efc9b602.txt
2025-02-20 00:41:29,434 - INFO - Copied and removed: E:\backup\files\Users\USER\.espressif\tools\idf-driver\silabs-2021-05-03\SLAB_License_Agreement_VCP_Windows.txt -> C:\Users\USER/Documents/Harvested_Data\W11-Vik_USER\2025-02-20_00-41-29\SLAB_License_Agreement_VCP_Windows_d423c020.txt
2025-02-20 00:41:29,453 - INFO - Copied and removed: E:\backup\files\Users\USER\.pyenv\pyenv-win\bin\WiX\LICENSE.TXT -> C:\Users\USER/Documents/Harvested_Data\W11-Vik_USER\2025-02-20_00-41-29\LICENSE_dfdf2048.TXT
2025-02-20 00:41:29,476 - INFO - Copied and removed: E:\backup\files\Users\USER\.pyenv\pyenv-win\versions\3.12.0\LICENSE.txt -> C:\Users\USER/Documents/Harvested_Data\W11-Vik_USER\2025-02-20_00-41-29\LICENSE_e502c6b8.txt
2025-02-20 00:41:29,560 - INFO - Copied and removed: E:\backup\files\Users\USER\.pyenv\pyenv-win\versions\3.12.0\NEWS.txt -> C:\Users\USER/Documents/Harvested_Data\W11-Vik_USER\2025-02-20_00-41-29\NEWS_4c5b9557.txt
2025-02-20 00:41:29,576 - INFO - Copied and removed: E:\backup\files\Users\USER\.pyenv\pyenv-win\versions\3.12.0\Lib\idlelib\CREDITS.txt -> C:\Users\USER/Documents/Harvested_Data\W11-Vik_USER\2025-02-20_00-41-29\CREDITS_cbbda5b8.txt
2025-02-20 00:41:29,591 - INFO - Copied and removed: E:\backup\files\Users\USER\.pyenv\pyenv-win\versions\3.12.0\Lib\idlelib\extend.txt -> C:\Users\USER/Documents/Harvested_Data\W11-Vik_USER\2025-02-20_00-41-29\extend_13cd4b28.txt
2025-02-20 00:41:29,616 - INFO - Copied and removed: E:\backup\files\Users\USER\.pyenv\pyenv-win\versions\3.12.0\Lib\idlelib\HISTORY.txt -> C:\Users\USER/Documents/Harvested_Data\W11-Vik_USER\2025-02-20_00-41-29\HISTORY_a84b2ac9.txt
2025-02-20 00:41:29,649 - INFO - Copied and removed: E:\backup\files\Users\USER\.pyenv\pyenv-win\versions\3.12.0\Lib\idlelib\NEWS.txt -> C:\Users\USER/Documents/Harvested_Data\W11-Vik_USER\2025-02-20_00-41-29\NEWS_dc90347c.txt
2025-02-20 00:41:29,684 - INFO - Copied and removed: E:\backup\files\Users\USER\.pyenv\pyenv-win\versions\3.12.0\Lib\idlelib\NEWS2x.txt -> C:\Users\USER/Documents/Harvested_Data\W11-Vik_USER\2025-02-20_00-41-29\NEWS2x_4f89d07c.txt
2025-02-20 00:41:29,713 - INFO - Copied and removed: E:\backup\files\Users\USER\.pyenv\pyenv-win\versions\3.12.0\Lib\idlelib\README.txt -> C:\Users\USER/Documents/Harvested_Data\W11-Vik_USER\2025-02-20_00-41-29\README_dcd6421a.txt
2025-02-20 00:41:29,734 - INFO - Copied and removed: E:\backup\files\Users\USER\.pyenv\pyenv-win\versions\3.12.0\Lib\idlelib\TODO.txt -> C:\Users\USER/Documents/Harvested_Data\W11-Vik_USER\2025-02-20_00-41-29\TODO_1887d7df.txt
2025-02-20 00:41:29,754 - INFO - Copied and removed: E:\backup\files\Users\USER\.pyenv\pyenv-win\versions\3.12.0\Lib\idlelib\idle_test\README.txt -> C:\Users\USER/Documents/Harvested_Data\W11-Vik_USER\2025-02-20_00-41-29\README_0fd76009.txt
2025-02-20 00:41:29,777 - INFO - Copied and removed: E:\backup\files\Users\USER\.pyenv\pyenv-win\versions\3.12.0\Lib\lib2to3\Grammar.txt -> C:\Users\USER/Documents/Harvested_Data\W11-Vik_USER\2025-02-20_00-41-29\Grammar_6688247a.txt
2025-02-20 00:41:29,802 - INFO - Copied and removed: E:\backup\files\Users\USER\.pyenv\pyenv-win\versions\3.12.0\Lib\site-packages\adodbapi\license.txt -> C:\Users\USER/Documents/Harvested_Data\W11-Vik_USER\2025-02-20_00-41-29\license_5ea2f23c.txt
2025-02-20 00:41:29,826 - INFO - Copied and removed: E:\backup\files\Users\USER\.pyenv\pyenv-win\versions\3.12.0\Lib\site-packages\adodbapi\readme.txt -> C:\Users\USER/Documents/Harvested_Data\W11-Vik_USER\2025-02-20_00-41-29\readme_996813ad.txt
2025-02-20 00:41:29,842 - INFO - Copied and removed: E:\backup\files\Users\USER\.pyenv\pyenv-win\versions\3.12.0\Lib\site-packages\colorama-0.4.6.dist-info\licenses\LICENSE.txt -> C:\Users\USER/Documents/Harvested_Data\W11-Vik_USER\2025-02-20_00-41-29\LICENSE_cac35c02.txt
2025-02-20 00:41:29,864 - INFO - Copied and removed: E:\backup\files\Users\USER\.pyenv\pyenv-win\versions\3.12.0\Lib\site-packages\fontTools\ttLib\tables\table_API_readme.txt -> C:\Users\USER/Documents/Harvested_Data\W11-Vik_USER\2025-02-20_00-41-29\table_API_readme_13d97019.txt
2025-02-20 00:41:29,881 - INFO - Copied and removed: E:\backup\files\Users\USER\.pyenv\pyenv-win\versions\3.12.0\Lib\site-packages\joblib-1.4.2.dist-info\LICENSE.txt -> C:\Users\USER/Documents/Harvested_Data\W11-Vik_USER\2025-02-20_00-41-29\LICENSE_42612911.txt
2025-02-20 00:41:29,898 - INFO - Copied and removed: E:\backup\files\Users\USER\.pyenv\pyenv-win\versions\3.12.0\Lib\site-packages\nuitka\build\inline_copy\appdirs\LICENSE.txt -> C:\Users\USER/Documents/Harvested_Data\W11-Vik_USER\2025-02-20_00-41-29\LICENSE_36ddb4d0.txt
2025-02-20 00:41:29,906 - INFO - Copied and removed: E:\backup\files\Users\USER\.pyenv\pyenv-win\versions\3.12.0\Lib\site-packages\nuitka\build\inline_copy\colorama\LICENSE.txt -> C:\Users\USER/Documents/Harvested_Data\W11-Vik_USER\2025-02-20_00-41-29\LICENSE_cac35c02.txt
2025-02-20 00:41:29,923 - INFO - Copied and removed: E:\backup\files\Users\USER\.pyenv\pyenv-win\versions\3.12.0\Lib\site-packages\nuitka\build\inline_copy\pefile\LICENSE.txt -> C:\Users\USER/Documents/Harvested_Data\W11-Vik_USER\2025-02-20_00-41-29\LICENSE_76005779.txt
2025-02-20 00:41:29,943 - INFO - Copied and removed: E:\backup\files\Users\USER\.pyenv\pyenv-win\versions\3.12.0\Lib\site-packages\nuitka\build\inline_copy\python_hacl\LICENSE.txt -> C:\Users\USER/Documents/Harvested_Data\W11-Vik_USER\2025-02-20_00-41-29\LICENSE_c5accbbd.txt
2025-02-20 00:41:29,966 - INFO - Copied and removed: E:\backup\files\Users\USER\.pyenv\pyenv-win\versions\3.12.0\Lib\site-packages\nuitka\build\inline_copy\zstd\LICENSE.txt -> C:\Users\USER/Documents/Harvested_Data\W11-Vik_USER\2025-02-20_00-41-29\LICENSE_2c1a7fa7.txt
2025-02-20 00:41:29,989 - INFO - Copied and removed: E:\backup\files\Users\USER\.pyenv\pyenv-win\versions\3.12.0\Lib\site-packages\Nuitka-2.6.6.dist-info\LICENSE.txt -> C:\Users\USER/Documents/Harvested_Data\W11-Vik_USER\2025-02-20_00-41-29\LICENSE_656abbe2.txt
2025-02-20 00:41:30,006 - INFO - Copied and removed: E:\backup\files\Users\USER\.pyenv\pyenv-win\versions\3.12.0\Lib\site-packages\numpy\ma\API_CHANGES.txt -> C:\Users\USER/Documents/Harvested_Data\W11-Vik_USER\2025-02-20_00-41-30\API_CHANGES_537f7303.txt
2025-02-20 00:41:30,021 - INFO - Copied and removed: E:\backup\files\Users\USER\.pyenv\pyenv-win\versions\3.12.0\Lib\site-packages\numpy\_core\include\numpy\random\LICENSE.txt -> C:\Users\USER/Documents/Harvested_Data\W11-Vik_USER\2025-02-20_00-41-30\LICENSE_d5447615.txt
2025-02-20 00:41:30,043 - INFO - Copied and removed: E:\backup\files\Users\USER\.pyenv\pyenv-win\versions\3.12.0\Lib\site-packages\numpy-2.2.2.dist-info\LICENSE.txt -> C:\Users\USER/Documents/Harvested_Data\W11-Vik_USER\2025-02-20_00-41-30\LICENSE_14256cc3.txt
2025-02-20 00:41:30,065 - INFO - Copied and removed: E:\backup\files\Users\USER\.pyenv\pyenv-win\versions\3.12.0\Lib\site-packages\pip-23.2.1.dist-info\AUTHORS.txt -> C:\Users\USER/Documents/Harvested_Data\W11-Vik_USER\2025-02-20_00-41-30\AUTHORS_3ddfea62.txt
2025-02-20 00:41:30,082 - INFO - Copied and removed: E:\backup\files\Users\USER\.pyenv\pyenv-win\versions\3.12.0\Lib\site-packages\pip-23.2.1.dist-info\LICENSE.txt -> C:\Users\USER/Documents/Harvested_Data\W11-Vik_USER\2025-02-20_00-41-30\LICENSE_634300a6.txt
2025-02-20 00:41:30,106 - INFO - Copied and removed: E:\backup\files\Users\USER\.pyenv\pyenv-win\versions\3.12.0\Lib\site-packages\pkg_resources\api_tests.txt -> C:\Users\USER/Documents/Harvested_Data\W11-Vik_USER\2025-02-20_00-41-30\api_tests_5c476fcb.txt
2025-02-20 00:41:30,130 - INFO - Copied and removed: E:\backup\files\Users\USER\.pyenv\pyenv-win\versions\3.12.0\Lib\site-packages\pyinstaller-6.12.0.dist-info\COPYING.txt -> C:\Users\USER/Documents/Harvested_Data\W11-Vik_USER\2025-02-20_00-41-30\COPYING_dcf75fdb.txt
2025-02-20 00:41:30,146 - INFO - Copied and removed: E:\backup\files\Users\USER\.pyenv\pyenv-win\versions\3.12.0\Lib\site-packages\pythonwin\license.txt -> C:\Users\USER/Documents/Harvested_Data\W11-Vik_USER\2025-02-20_00-41-30\license_11d8462e.txt
2025-02-20 00:41:30,163 - INFO - Copied and removed: E:\backup\files\Users\USER\.pyenv\pyenv-win\versions\3.12.0\Lib\site-packages\pytz-2025.1.dist-info\LICENSE.txt -> C:\Users\USER/Documents/Harvested_Data\W11-Vik_USER\2025-02-20_00-41-30\LICENSE_be8b1a37.txt
2025-02-20 00:41:30,199 - INFO - Copied and removed: E:\backup\files\Users\USER\.pyenv\pyenv-win\versions\3.12.0\Lib\site-packages\pywin32-308.dist-info\top_level.txt -> C:\Users\USER/Documents/Harvested_Data\W11-Vik_USER\2025-02-20_00-41-30\top_level_f5f3a107.txt
2025-02-20 00:41:30,216 - INFO - Copied and removed: E:\backup\files\Users\USER\.pyenv\pyenv-win\versions\3.12.0\Lib\site-packages\pywin32_ctypes-0.2.3.dist-info\LICENSE.txt -> C:\Users\USER/Documents/Harvested_Data\W11-Vik_USER\2025-02-20_00-41-30\LICENSE_dfa83b3e.txt
2025-02-20 00:41:30,237 - INFO - Copied and removed: E:\backup\files\Users\USER\.pyenv\pyenv-win\versions\3.12.0\Lib\site-packages\scipy\ndimage\tests\data\label_results.txt -> C:\Users\USER/Documents/Harvested_Data\W11-Vik_USER\2025-02-20_00-41-30\label_results_84d3c4f1.txt
2025-02-20 00:41:30,253 - INFO - Copied and removed: E:\backup\files\Users\USER\.pyenv\pyenv-win\versions\3.12.0\Lib\site-packages\scipy\spatial\qhull_src\COPYING.txt -> C:\Users\USER/Documents/Harvested_Data\W11-Vik_USER\2025-02-20_00-41-30\COPYING_962452e7.txt
2025-02-20 00:41:30,272 - INFO - Copied and removed: E:\backup\files\Users\USER\.pyenv\pyenv-win\versions\3.12.0\Lib\site-packages\scipy\spatial\tests\data\cdist-X1.txt -> C:\Users\USER/Documents/Harvested_Data\W11-Vik_USER\2025-02-20_00-41-30\cdist-X1_2d3c5f24.txt
2025-02-20 00:41:30,293 - INFO - Copied and removed: E:\backup\files\Users\USER\.pyenv\pyenv-win\versions\3.12.0\Lib\site-packages\scipy\spatial\tests\data\cdist-X2.txt -> C:\Users\USER/Documents/Harvested_Data\W11-Vik_USER\2025-02-20_00-41-30\cdist-X2_4dbdaaf2.txt
2025-02-20 00:41:30,312 - INFO - Copied and removed: E:\backup\files\Users\USER\.pyenv\pyenv-win\versions\3.12.0\Lib\site-packages\scipy\spatial\tests\data\iris.txt -> C:\Users\USER/Documents/Harvested_Data\W11-Vik_USER\2025-02-20_00-41-30\iris_b1689ce7.txt
2025-02-20 00:41:30,342 - INFO - Copied and removed: E:\backup\files\Users\USER\.pyenv\pyenv-win\versions\3.12.0\Lib\site-packages\scipy\spatial\tests\data\pdist-boolean-inp.txt -> C:\Users\USER/Documents/Harvested_Data\W11-Vik_USER\2025-02-20_00-41-30\pdist-boolean-inp_0fa90c0b.txt
2025-02-20 00:41:30,371 - INFO - Copied and removed: E:\backup\files\Users\USER\.pyenv\pyenv-win\versions\3.12.0\Lib\site-packages\scipy\spatial\tests\data\pdist-chebyshev-ml-iris.txt -> C:\Users\USER/Documents/Harvested_Data\W11-Vik_USER\2025-02-20_00-41-30\pdist-chebyshev-ml-iris_62cc35f7.txt
2025-02-20 00:41:30,389 - INFO - Copied and removed: E:\backup\files\Users\USER\.pyenv\pyenv-win\versions\3.12.0\Lib\site-packages\scipy\spatial\tests\data\pdist-chebyshev-ml.txt -> C:\Users\USER/Documents/Harvested_Data\W11-Vik_USER\2025-02-20_00-41-30\pdist-chebyshev-ml_8ed3e667.txt
2025-02-20 00:41:30,420 - INFO - Copied and removed: E:\backup\files\Users\USER\.pyenv\pyenv-win\versions\3.12.0\Lib\site-packages\scipy\spatial\tests\data\pdist-cityblock-ml-iris.txt -> C:\Users\USER/Documents/Harvested_Data\W11-Vik_USER\2025-02-20_00-41-30\pdist-cityblock-ml-iris_59fddd56.txt
2025-02-20 00:41:30,440 - INFO - Copied and removed: E:\backup\files\Users\USER\.pyenv\pyenv-win\versions\3.12.0\Lib\site-packages\scipy\spatial\tests\data\pdist-cityblock-ml.txt -> C:\Users\USER/Documents/Harvested_Data\W11-Vik_USER\2025-02-20_00-41-30\pdist-cityblock-ml_68c19257.txt
2025-02-20 00:41:30,472 - INFO - Copied and removed: E:\backup\files\Users\USER\.pyenv\pyenv-win\versions\3.12.0\Lib\site-packages\scipy\spatial\tests\data\pdist-correlation-ml-iris.txt -> C:\Users\USER/Documents/Harvested_Data\W11-Vik_USER\2025-02-20_00-41-30\pdist-correlation-ml-iris_3dd541ff.txt
2025-02-20 00:41:30,488 - INFO - Copied and removed: E:\backup\files\Users\USER\.pyenv\pyenv-win\versions\3.12.0\Lib\site-packages\scipy\spatial\tests\data\pdist-correlation-ml.txt -> C:\Users\USER/Documents/Harvested_Data\W11-Vik_USER\2025-02-20_00-41-30\pdist-correlation-ml_543817ab.txt
2025-02-20 00:41:30,535 - INFO - Copied and removed: E:\backup\files\Users\USER\.pyenv\pyenv-win\versions\3.12.0\Lib\site-packages\scipy\spatial\tests\data\pdist-cosine-ml-iris.txt -> C:\Users\USER/Documents/Harvested_Data\W11-Vik_USER\2025-02-20_00-41-30\pdist-cosine-ml-iris_ab99ebbc.txt
2025-02-20 00:41:30,557 - INFO - Copied and removed: E:\backup\files\Users\USER\.pyenv\pyenv-win\versions\3.12.0\Lib\site-packages\scipy\spatial\tests\data\pdist-cosine-ml.txt -> C:\Users\USER/Documents/Harvested_Data\W11-Vik_USER\2025-02-20_00-41-30\pdist-cosine-ml_9cb2b9c8.txt
2025-02-20 00:41:30,583 - INFO - Copied and removed: E:\backup\files\Users\USER\.pyenv\pyenv-win\versions\3.12.0\Lib\site-packages\scipy\spatial\tests\data\pdist-double-inp.txt -> C:\Users\USER/Documents/Harvested_Data\W11-Vik_USER\2025-02-20_00-41-30\pdist-double-inp_d94ccc22.txt
2025-02-20 00:41:30,613 - INFO - Copied and removed: E:\backup\files\Users\USER\.pyenv\pyenv-win\versions\3.12.0\Lib\site-packages\scipy\spatial\tests\data\pdist-euclidean-ml-iris.txt -> C:\Users\USER/Documents/Harvested_Data\W11-Vik_USER\2025-02-20_00-41-30\pdist-euclidean-ml-iris_556326cc.txt
2025-02-20 00:41:30,629 - INFO - Copied and removed: E:\backup\files\Users\USER\.pyenv\pyenv-win\versions\3.12.0\Lib\site-packages\scipy\spatial\tests\data\pdist-euclidean-ml.txt -> C:\Users\USER/Documents/Harvested_Data\W11-Vik_USER\2025-02-20_00-41-30\pdist-euclidean-ml_2a7f2f1e.txt
2025-02-20 00:41:30,645 - INFO - Copied and removed: E:\backup\files\Users\USER\.pyenv\pyenv-win\versions\3.12.0\Lib\site-packages\scipy\spatial\tests\data\pdist-hamming-ml.txt -> C:\Users\USER/Documents/Harvested_Data\W11-Vik_USER\2025-02-20_00-41-30\pdist-hamming-ml_3aa8c7c2.txt
2025-02-20 00:41:30,662 - INFO - Copied and removed: E:\backup\files\Users\USER\.pyenv\pyenv-win\versions\3.12.0\Lib\site-packages\scipy\spatial\tests\data\pdist-jaccard-ml.txt -> C:\Users\USER/Documents/Harvested_Data\W11-Vik_USER\2025-02-20_00-41-30\pdist-jaccard-ml_9e3fc961.txt
2025-02-20 00:41:30,689 - INFO - Copied and removed: E:\backup\files\Users\USER\.pyenv\pyenv-win\versions\3.12.0\Lib\site-packages\scipy\spatial\tests\data\pdist-jensenshannon-ml-iris.txt -> C:\Users\USER/Documents/Harvested_Data\W11-Vik_USER\2025-02-20_00-41-30\pdist-jensenshannon-ml-iris_c33d4ef8.txt
2025-02-20 00:41:30,710 - INFO - Copied and removed: E:\backup\files\Users\USER\.pyenv\pyenv-win\versions\3.12.0\Lib\site-packages\scipy\spatial\tests\data\pdist-jensenshannon-ml.txt -> C:\Users\USER/Documents/Harvested_Data\W11-Vik_USER\2025-02-20_00-41-30\pdist-jensenshannon-ml_ae9b3903.txt
2025-02-20 00:41:30,766 - INFO - Copied and removed: E:\backup\files\Users\USER\.pyenv\pyenv-win\versions\3.12.0\Lib\site-packages\scipy\spatial\tests\data\pdist-minkowski-3.2-ml-iris.txt -> C:\Users\USER/Documents/Harvested_Data\W11-Vik_USER\2025-02-20_00-41-30\pdist-minkowski-3.2-ml-iris_adf5ae43.txt
2025-02-20 00:41:30,783 - INFO - Copied and removed: E:\backup\files\Users\USER\.pyenv\pyenv-win\versions\3.12.0\Lib\site-packages\scipy\spatial\tests\data\pdist-minkowski-3.2-ml.txt -> C:\Users\USER/Documents/Harvested_Data\W11-Vik_USER\2025-02-20_00-41-30\pdist-minkowski-3.2-ml_8ca940f3.txt
2025-02-20 00:41:30,810 - INFO - Copied and removed: E:\backup\files\Users\USER\.pyenv\pyenv-win\versions\3.12.0\Lib\site-packages\scipy\spatial\tests\data\pdist-minkowski-5.8-ml-iris.txt -> C:\Users\USER/Documents/Harvested_Data\W11-Vik_USER\2025-02-20_00-41-30\pdist-minkowski-5.8-ml-iris_6d660d4f.txt
2025-02-20 00:41:30,839 - INFO - Copied and removed: E:\backup\files\Users\USER\.pyenv\pyenv-win\versions\3.12.0\Lib\site-packages\scipy\spatial\tests\data\pdist-seuclidean-ml-iris.txt -> C:\Users\USER/Documents/Harvested_Data\W11-Vik_USER\2025-02-20_00-41-30\pdist-seuclidean-ml-iris_6c6201ef.txt
2025-02-20 00:41:30,856 - INFO - Copied and removed: E:\backup\files\Users\USER\.pyenv\pyenv-win\versions\3.12.0\Lib\site-packages\scipy\spatial\tests\data\pdist-seuclidean-ml.txt -> C:\Users\USER/Documents/Harvested_Data\W11-Vik_USER\2025-02-20_00-41-30\pdist-seuclidean-ml_83dfaabd.txt
2025-02-20 00:41:30,873 - INFO - Copied and removed: E:\backup\files\Users\USER\.pyenv\pyenv-win\versions\3.12.0\Lib\site-packages\scipy\spatial\tests\data\pdist-spearman-ml.txt -> C:\Users\USER/Documents/Harvested_Data\W11-Vik_USER\2025-02-20_00-41-30\pdist-spearman-ml_be98017c.txt
2025-02-20 00:41:30,892 - INFO - Copied and removed: E:\backup\files\Users\USER\.pyenv\pyenv-win\versions\3.12.0\Lib\site-packages\scipy\spatial\tests\data\random-bool-data.txt -> C:\Users\USER/Documents/Harvested_Data\W11-Vik_USER\2025-02-20_00-41-30\random-bool-data_b327511b.txt
2025-02-20 00:41:30,913 - INFO - Copied and removed: E:\backup\files\Users\USER\.pyenv\pyenv-win\versions\3.12.0\Lib\site-packages\scipy\spatial\tests\data\random-double-data.txt -> C:\Users\USER/Documents/Harvested_Data\W11-Vik_USER\2025-02-20_00-41-30\random-double-data_39c9ac28.txt
2025-02-20 00:41:30,933 - INFO - Copied and removed: E:\backup\files\Users\USER\.pyenv\pyenv-win\versions\3.12.0\Lib\site-packages\scipy\spatial\tests\data\random-int-data.txt -> C:\Users\USER/Documents/Harvested_Data\W11-Vik_USER\2025-02-20_00-41-30\random-int-data_b1a1d890.txt
2025-02-20 00:41:30,953 - INFO - Copied and removed: E:\backup\files\Users\USER\.pyenv\pyenv-win\versions\3.12.0\Lib\site-packages\scipy\spatial\tests\data\random-uint-data.txt -> C:\Users\USER/Documents/Harvested_Data\W11-Vik_USER\2025-02-20_00-41-30\random-uint-data_6816c4b7.txt
2025-02-20 00:41:30,975 - INFO - Copied and removed: E:\backup\files\Users\USER\.pyenv\pyenv-win\versions\3.12.0\Lib\site-packages\scipy-1.15.1.dist-info\LICENSE.txt -> C:\Users\USER/Documents/Harvested_Data\W11-Vik_USER\2025-02-20_00-41-30\LICENSE_f250e7ce.txt
2025-02-20 00:41:30,995 - INFO - Copied and removed: E:\backup\files\Users\USER\.pyenv\pyenv-win\versions\3.12.0\Lib\site-packages\setuptools\tests\config\setupcfg_examples.txt -> C:\Users\USER/Documents/Harvested_Data\W11-Vik_USER\2025-02-20_00-41-30\setupcfg_examples_7006d5bc.txt
2025-02-20 00:41:31,003 - INFO - Copied and removed: E:\backup\files\Users\USER\.pyenv\pyenv-win\versions\3.12.0\Lib\site-packages\setuptools\_vendor\jaraco\text\Lorem ipsum.txt -> C:\Users\USER/Documents/Harvested_Data\W11-Vik_USER\2025-02-20_00-41-31\Lorem ipsum_37fedcff.txt
2025-02-20 00:41:31,010 - INFO - Copied and removed: E:\backup\files\Users\USER\.pyenv\pyenv-win\versions\3.12.0\Lib\site-packages\setuptools\_vendor\wheel-0.43.0.dist-info\LICENSE.txt -> C:\Users\USER/Documents/Harvested_Data\W11-Vik_USER\2025-02-20_00-41-31\LICENSE_30c23618.txt
2025-02-20 00:41:31,030 - INFO - Copied and removed: E:\backup\files\Users\USER\.pyenv\pyenv-win\versions\3.12.0\Lib\site-packages\setuptools-75.8.0.dist-info\entry_points.txt -> C:\Users\USER/Documents/Harvested_Data\W11-Vik_USER\2025-02-20_00-41-31\entry_points_ce482d86.txt
2025-02-20 00:41:31,096 - INFO - Copied and removed: E:\backup\files\Users\USER\.pyenv\pyenv-win\versions\3.12.0\Lib\site-packages\urllib3-2.3.0.dist-info\licenses\LICENSE.txt -> C:\Users\USER/Documents/Harvested_Data\W11-Vik_USER\2025-02-20_00-41-31\LICENSE_130e3a64.txt
2025-02-20 00:41:31,102 - INFO - Copied and removed: E:\backup\files\Users\USER\.pyenv\pyenv-win\versions\3.12.0\Lib\site-packages\win32\license.txt -> C:\Users\USER/Documents/Harvested_Data\W11-Vik_USER\2025-02-20_00-41-31\license_11d8462e.txt
2025-02-20 00:41:31,119 - INFO - Copied and removed: E:\backup\files\Users\USER\.pyenv\pyenv-win\versions\3.12.0\Lib\site-packages\win32com\License.txt -> C:\Users\USER/Documents/Harvested_Data\W11-Vik_USER\2025-02-20_00-41-31\License_c3bdfa11.txt
2025-02-20 00:41:31,146 - INFO - Copied and removed: E:\backup\files\Users\USER\.pyenv\pyenv-win\versions\3.12.0\Lib\test\cmath_testcases.txt -> C:\Users\USER/Documents/Harvested_Data\W11-Vik_USER\2025-02-20_00-41-31\cmath_testcases_6b8bf5c2.txt
2025-02-20 00:41:31,163 - INFO - Copied and removed: E:\backup\files\Users\USER\.pyenv\pyenv-win\versions\3.12.0\Lib\test\exception_hierarchy.txt -> C:\Users\USER/Documents/Harvested_Data\W11-Vik_USER\2025-02-20_00-41-31\exception_hierarchy_a86eef03.txt
2025-02-20 00:41:31,183 - INFO - Copied and removed: E:\backup\files\Users\USER\.pyenv\pyenv-win\versions\3.12.0\Lib\test\floating_points.txt -> C:\Users\USER/Documents/Harvested_Data\W11-Vik_USER\2025-02-20_00-41-31\floating_points_073592d7.txt
2025-02-20 00:41:31,203 - INFO - Copied and removed: E:\backup\files\Users\USER\.pyenv\pyenv-win\versions\3.12.0\Lib\test\formatfloat_testcases.txt -> C:\Users\USER/Documents/Harvested_Data\W11-Vik_USER\2025-02-20_00-41-31\formatfloat_testcases_fbecc75b.txt
2025-02-20 00:41:31,223 - INFO - Copied and removed: E:\backup\files\Users\USER\.pyenv\pyenv-win\versions\3.12.0\Lib\test\ieee754.txt -> C:\Users\USER/Documents/Harvested_Data\W11-Vik_USER\2025-02-20_00-41-31\ieee754_38284725.txt
2025-02-20 00:41:31,249 - INFO - Copied and removed: E:\backup\files\Users\USER\.pyenv\pyenv-win\versions\3.12.0\Lib\test\mailcap.txt -> C:\Users\USER/Documents/Harvested_Data\W11-Vik_USER\2025-02-20_00-41-31\mailcap_7a4c7772.txt
2025-02-20 00:41:31,270 - INFO - Copied and removed: E:\backup\files\Users\USER\.pyenv\pyenv-win\versions\3.12.0\Lib\test\math_testcases.txt -> C:\Users\USER/Documents/Harvested_Data\W11-Vik_USER\2025-02-20_00-41-31\math_testcases_72d9cb9c.txt
2025-02-20 00:41:31,288 - INFO - Copied and removed: E:\backup\files\Users\USER\.pyenv\pyenv-win\versions\3.12.0\Lib\test\tokenize_tests.txt -> C:\Users\USER/Documents/Harvested_Data\W11-Vik_USER\2025-02-20_00-41-31\tokenize_tests_15f3eec6.txt
2025-02-20 00:41:31,296 - INFO - Copied and removed: E:\backup\files\Users\USER\.pyenv\pyenv-win\versions\3.12.0\Lib\test\cjkencodings\euc_jisx0213-utf8.txt -> C:\Users\USER/Documents/Harvested_Data\W11-Vik_USER\2025-02-20_00-41-31\euc_jisx0213-utf8_21cb0110.txt
2025-02-20 00:41:31,304 - INFO - Copied and removed: E:\backup\files\Users\USER\.pyenv\pyenv-win\versions\3.12.0\Lib\test\cjkencodings\euc_jp-utf8.txt -> C:\Users\USER/Documents/Harvested_Data\W11-Vik_USER\2025-02-20_00-41-31\euc_jp-utf8_a6bbfb8e.txt
2025-02-20 00:41:31,315 - INFO - Copied and removed: E:\backup\files\Users\USER\.pyenv\pyenv-win\versions\3.12.0\Lib\test\cjkencodings\gb18030-utf8.txt -> C:\Users\USER/Documents/Harvested_Data\W11-Vik_USER\2025-02-20_00-41-31\gb18030-utf8_97d18ce1.txt
2025-02-20 00:41:31,323 - INFO - Copied and removed: E:\backup\files\Users\USER\.pyenv\pyenv-win\versions\3.12.0\Lib\test\cjkencodings\gbk-utf8.txt -> C:\Users\USER/Documents/Harvested_Data\W11-Vik_USER\2025-02-20_00-41-31\gbk-utf8_47112543.txt
2025-02-20 00:41:31,331 - INFO - Copied and removed: E:\backup\files\Users\USER\.pyenv\pyenv-win\versions\3.12.0\Lib\test\cjkencodings\iso2022_jp-utf8.txt -> C:\Users\USER/Documents/Harvested_Data\W11-Vik_USER\2025-02-20_00-41-31\iso2022_jp-utf8_a6bbfb8e.txt
2025-02-20 00:41:31,339 - INFO - Copied and removed: E:\backup\files\Users\USER\.pyenv\pyenv-win\versions\3.12.0\Lib\test\cjkencodings\shift_jis-utf8.txt -> C:\Users\USER/Documents/Harvested_Data\W11-Vik_USER\2025-02-20_00-41-31\shift_jis-utf8_a6bbfb8e.txt
2025-02-20 00:41:31,348 - INFO - Copied and removed: E:\backup\files\Users\USER\.pyenv\pyenv-win\versions\3.12.0\Lib\test\cjkencodings\shift_jisx0213-utf8.txt -> C:\Users\USER/Documents/Harvested_Data\W11-Vik_USER\2025-02-20_00-41-31\shift_jisx0213-utf8_21cb0110.txt
2025-02-20 00:41:31,364 - INFO - Copied and removed: E:\backup\files\Users\USER\.pyenv\pyenv-win\versions\3.12.0\Lib\test\leakers\README.txt -> C:\Users\USER/Documents/Harvested_Data\W11-Vik_USER\2025-02-20_00-41-31\README_54dc2177.txt
2025-02-20 00:41:31,374 - INFO - Copied and removed: E:\backup\files\Users\USER\.pyenv\pyenv-win\versions\3.12.0\Lib\test\test_email\data\msg_02.txt -> C:\Users\USER/Documents/Harvested_Data\W11-Vik_USER\2025-02-20_00-41-31\msg_02_05d5e533.txt
2025-02-20 00:41:31,381 - INFO - Copied and removed: E:\backup\files\Users\USER\.pyenv\pyenv-win\versions\3.12.0\Lib\test\test_email\data\msg_06.txt -> C:\Users\USER/Documents/Harvested_Data\W11-Vik_USER\2025-02-20_00-41-31\msg_06_0c4e8456.txt
2025-02-20 00:41:31,395 - INFO - Copied and removed: E:\backup\files\Users\USER\.pyenv\pyenv-win\versions\3.12.0\Lib\test\test_email\data\msg_07.txt -> C:\Users\USER/Documents/Harvested_Data\W11-Vik_USER\2025-02-20_00-41-31\msg_07_8358092b.txt
2025-02-20 00:41:31,401 - INFO - Copied and removed: E:\backup\files\Users\USER\.pyenv\pyenv-win\versions\3.12.0\Lib\test\test_email\data\msg_13.txt -> C:\Users\USER/Documents/Harvested_Data\W11-Vik_USER\2025-02-20_00-41-31\msg_13_6538070d.txt
2025-02-20 00:41:31,416 - INFO - Copied and removed: E:\backup\files\Users\USER\.pyenv\pyenv-win\versions\3.12.0\Lib\test\test_email\data\msg_15.txt -> C:\Users\USER/Documents/Harvested_Data\W11-Vik_USER\2025-02-20_00-41-31\msg_15_8f1c4f13.txt
2025-02-20 00:41:31,432 - INFO - Copied and removed: E:\backup\files\Users\USER\.pyenv\pyenv-win\versions\3.12.0\Lib\test\test_email\data\msg_16.txt -> C:\Users\USER/Documents/Harvested_Data\W11-Vik_USER\2025-02-20_00-41-31\msg_16_fbb4ae9e.txt
2025-02-20 00:41:31,442 - INFO - Copied and removed: E:\backup\files\Users\USER\.pyenv\pyenv-win\versions\3.12.0\Lib\test\test_email\data\msg_22.txt -> C:\Users\USER/Documents/Harvested_Data\W11-Vik_USER\2025-02-20_00-41-31\msg_22_4367f6ef.txt
2025-02-20 00:41:31,451 - INFO - Copied and removed: E:\backup\files\Users\USER\.pyenv\pyenv-win\versions\3.12.0\Lib\test\test_email\data\msg_25.txt -> C:\Users\USER/Documents/Harvested_Data\W11-Vik_USER\2025-02-20_00-41-31\msg_25_b6cbf713.txt
2025-02-20 00:41:31,457 - INFO - Copied and removed: E:\backup\files\Users\USER\.pyenv\pyenv-win\versions\3.12.0\Lib\test\test_email\data\msg_26.txt -> C:\Users\USER/Documents/Harvested_Data\W11-Vik_USER\2025-02-20_00-41-31\msg_26_46c391e2.txt
2025-02-20 00:41:31,463 - INFO - Copied and removed: E:\backup\files\Users\USER\.pyenv\pyenv-win\versions\3.12.0\Lib\test\test_email\data\msg_38.txt -> C:\Users\USER/Documents/Harvested_Data\W11-Vik_USER\2025-02-20_00-41-31\msg_38_0107d318.txt
2025-02-20 00:41:31,471 - INFO - Copied and removed: E:\backup\files\Users\USER\.pyenv\pyenv-win\versions\3.12.0\Lib\test\test_email\data\msg_39.txt -> C:\Users\USER/Documents/Harvested_Data\W11-Vik_USER\2025-02-20_00-41-31\msg_39_5b3f5e5e.txt
2025-02-20 00:41:31,491 - INFO - Copied and removed: E:\backup\files\Users\USER\.pyenv\pyenv-win\versions\3.12.0\Lib\test\test_email\data\msg_43.txt -> C:\Users\USER/Documents/Harvested_Data\W11-Vik_USER\2025-02-20_00-41-31\msg_43_045797ff.txt
2025-02-20 00:41:31,513 - INFO - Copied and removed: E:\backup\files\Users\USER\.pyenv\pyenv-win\versions\3.12.0\tcl\tix8.4.3\pref\WmDefault.txt -> C:\Users\USER/Documents/Harvested_Data\W11-Vik_USER\2025-02-20_00-41-31\WmDefault_1800c8ec.txt
2025-02-20 00:41:31,533 - INFO - Copied and removed: E:\backup\files\Users\USER\.pyenv\pyenv-win\versions\3.13.1\LICENSE.txt -> C:\Users\USER/Documents/Harvested_Data\W11-Vik_USER\2025-02-20_00-41-31\LICENSE_62bec384.txt
2025-02-20 00:41:31,623 - INFO - Copied and removed: E:\backup\files\Users\USER\.pyenv\pyenv-win\versions\3.13.1\NEWS.txt -> C:\Users\USER/Documents/Harvested_Data\W11-Vik_USER\2025-02-20_00-41-31\NEWS_90e0f6b4.txt
2025-02-20 00:41:31,635 - INFO - Copied and removed: E:\backup\files\Users\USER\.pyenv\pyenv-win\versions\3.13.1\Lib\idlelib\CREDITS.txt -> C:\Users\USER/Documents/Harvested_Data\W11-Vik_USER\2025-02-20_00-41-31\CREDITS_cbbda5b8.txt
2025-02-20 00:41:31,652 - INFO - Copied and removed: E:\backup\files\Users\USER\.pyenv\pyenv-win\versions\3.13.1\Lib\idlelib\extend.txt -> C:\Users\USER/Documents/Harvested_Data\W11-Vik_USER\2025-02-20_00-41-31\extend_76b8dc25.txt
2025-02-20 00:41:31,676 - INFO - Copied and removed: E:\backup\files\Users\USER\.pyenv\pyenv-win\versions\3.13.1\Lib\idlelib\HISTORY.txt -> C:\Users\USER/Documents/Harvested_Data\W11-Vik_USER\2025-02-20_00-41-31\HISTORY_9d7812d2.txt
2025-02-20 00:41:31,702 - INFO - Copied and removed: E:\backup\files\Users\USER\.pyenv\pyenv-win\versions\3.13.1\Lib\idlelib\NEWS2x.txt -> C:\Users\USER/Documents/Harvested_Data\W11-Vik_USER\2025-02-20_00-41-31\NEWS2x_4f89d07c.txt
2025-02-20 00:41:31,731 - INFO - Copied and removed: E:\backup\files\Users\USER\.pyenv\pyenv-win\versions\3.13.1\Lib\idlelib\News3.txt -> C:\Users\USER/Documents/Harvested_Data\W11-Vik_USER\2025-02-20_00-41-31\News3_59f5aa0e.txt
2025-02-20 00:41:31,756 - INFO - Copied and removed: E:\backup\files\Users\USER\.pyenv\pyenv-win\versions\3.13.1\Lib\idlelib\README.txt -> C:\Users\USER/Documents/Harvested_Data\W11-Vik_USER\2025-02-20_00-41-31\README_dcd6421a.txt
2025-02-20 00:41:31,775 - INFO - Copied and removed: E:\backup\files\Users\USER\.pyenv\pyenv-win\versions\3.13.1\Lib\idlelib\TODO.txt -> C:\Users\USER/Documents/Harvested_Data\W11-Vik_USER\2025-02-20_00-41-31\TODO_8a650c2d.txt
2025-02-20 00:41:31,797 - INFO - Copied and removed: E:\backup\files\Users\USER\.pyenv\pyenv-win\versions\3.13.1\Lib\idlelib\Icons\README.txt -> C:\Users\USER/Documents/Harvested_Data\W11-Vik_USER\2025-02-20_00-41-31\README_6aa3d7c2.txt
2025-02-20 00:41:31,815 - INFO - Copied and removed: E:\backup\files\Users\USER\.pyenv\pyenv-win\versions\3.13.1\Lib\idlelib\idle_test\README.txt -> C:\Users\USER/Documents/Harvested_Data\W11-Vik_USER\2025-02-20_00-41-31\README_0fd76009.txt
2025-02-20 00:41:31,835 - INFO - Copied and removed: E:\backup\files\Users\USER\.pyenv\pyenv-win\versions\3.13.1\Lib\site-packages\pip-25.0.1.dist-info\AUTHORS.txt -> C:\Users\USER/Documents/Harvested_Data\W11-Vik_USER\2025-02-20_00-41-31\AUTHORS_1eace905.txt
2025-02-20 00:41:31,843 - INFO - Copied and removed: E:\backup\files\Users\USER\.pyenv\pyenv-win\versions\3.13.1\Lib\site-packages\pip-25.0.1.dist-info\LICENSE.txt -> C:\Users\USER/Documents/Harvested_Data\W11-Vik_USER\2025-02-20_00-41-31\LICENSE_634300a6.txt
2025-02-20 00:41:31,859 - INFO - Copied and removed: E:\backup\files\Users\USER\.pyenv\pyenv-win\versions\3.13.1\Lib\test\exception_hierarchy.txt -> C:\Users\USER/Documents/Harvested_Data\W11-Vik_USER\2025-02-20_00-41-31\exception_hierarchy_803db132.txt
2025-02-20 00:41:31,867 - INFO - Copied and removed: E:\backup\files\Users\USER\.pyenv\pyenv-win\versions\3.13.1\Lib\test\cjkencodings\euc_jisx0213-utf8.txt -> C:\Users\USER/Documents/Harvested_Data\W11-Vik_USER\2025-02-20_00-41-31\euc_jisx0213-utf8_21cb0110.txt
2025-02-20 00:41:31,875 - INFO - Copied and removed: E:\backup\files\Users\USER\.pyenv\pyenv-win\versions\3.13.1\Lib\test\cjkencodings\euc_jp-utf8.txt -> C:\Users\USER/Documents/Harvested_Data\W11-Vik_USER\2025-02-20_00-41-31\euc_jp-utf8_a6bbfb8e.txt
2025-02-20 00:41:31,883 - INFO - Copied and removed: E:\backup\files\Users\USER\.pyenv\pyenv-win\versions\3.13.1\Lib\test\cjkencodings\gb18030-utf8.txt -> C:\Users\USER/Documents/Harvested_Data\W11-Vik_USER\2025-02-20_00-41-31\gb18030-utf8_97d18ce1.txt
2025-02-20 00:41:31,897 - INFO - Copied and removed: E:\backup\files\Users\USER\.pyenv\pyenv-win\versions\3.13.1\Lib\test\cjkencodings\gbk-utf8.txt -> C:\Users\USER/Documents/Harvested_Data\W11-Vik_USER\2025-02-20_00-41-31\gbk-utf8_47112543.txt
2025-02-20 00:41:31,906 - INFO - Copied and removed: E:\backup\files\Users\USER\.pyenv\pyenv-win\versions\3.13.1\Lib\test\cjkencodings\iso2022_jp-utf8.txt -> C:\Users\USER/Documents/Harvested_Data\W11-Vik_USER\2025-02-20_00-41-31\iso2022_jp-utf8_a6bbfb8e.txt
2025-02-20 00:41:31,912 - INFO - Copied and removed: E:\backup\files\Users\USER\.pyenv\pyenv-win\versions\3.13.1\Lib\test\cjkencodings\shift_jis-utf8.txt -> C:\Users\USER/Documents/Harvested_Data\W11-Vik_USER\2025-02-20_00-41-31\shift_jis-utf8_a6bbfb8e.txt
2025-02-20 00:41:31,920 - INFO - Copied and removed: E:\backup\files\Users\USER\.pyenv\pyenv-win\versions\3.13.1\Lib\test\cjkencodings\shift_jisx0213-utf8.txt -> C:\Users\USER/Documents/Harvested_Data\W11-Vik_USER\2025-02-20_00-41-31\shift_jisx0213-utf8_21cb0110.txt
2025-02-20 00:41:31,927 - INFO - Copied and removed: E:\backup\files\Users\USER\.pyenv\pyenv-win\versions\3.13.1\Lib\test\leakers\README.txt -> C:\Users\USER/Documents/Harvested_Data\W11-Vik_USER\2025-02-20_00-41-31\README_54dc2177.txt
2025-02-20 00:41:31,956 - INFO - Copied and removed: E:\backup\files\Users\USER\.pyenv\pyenv-win\versions\3.13.1\Lib\test\mathdata\cmath_testcases.txt -> C:\Users\USER/Documents/Harvested_Data\W11-Vik_USER\2025-02-20_00-41-31\cmath_testcases_6b8bf5c2.txt
2025-02-20 00:41:31,974 - INFO - Copied and removed: E:\backup\files\Users\USER\.pyenv\pyenv-win\versions\3.13.1\Lib\test\mathdata\floating_points.txt -> C:\Users\USER/Documents/Harvested_Data\W11-Vik_USER\2025-02-20_00-41-31\floating_points_073592d7.txt
2025-02-20 00:41:31,986 - INFO - Copied and removed: E:\backup\files\Users\USER\.pyenv\pyenv-win\versions\3.13.1\Lib\test\mathdata\formatfloat_testcases.txt -> C:\Users\USER/Documents/Harvested_Data\W11-Vik_USER\2025-02-20_00-41-31\formatfloat_testcases_fbecc75b.txt
2025-02-20 00:41:32,003 - INFO - Copied and removed: E:\backup\files\Users\USER\.pyenv\pyenv-win\versions\3.13.1\Lib\test\mathdata\ieee754.txt -> C:\Users\USER/Documents/Harvested_Data\W11-Vik_USER\2025-02-20_00-41-32\ieee754_0b606a38.txt
2025-02-20 00:41:32,026 - INFO - Copied and removed: E:\backup\files\Users\USER\.pyenv\pyenv-win\versions\3.13.1\Lib\test\mathdata\math_testcases.txt -> C:\Users\USER/Documents/Harvested_Data\W11-Vik_USER\2025-02-20_00-41-32\math_testcases_72d9cb9c.txt
2025-02-20 00:41:32,035 - INFO - Copied and removed: E:\backup\files\Users\USER\.pyenv\pyenv-win\versions\3.13.1\Lib\test\test_email\data\msg_02.txt -> C:\Users\USER/Documents/Harvested_Data\W11-Vik_USER\2025-02-20_00-41-32\msg_02_05d5e533.txt
2025-02-20 00:41:32,041 - INFO - Copied and removed: E:\backup\files\Users\USER\.pyenv\pyenv-win\versions\3.13.1\Lib\test\test_email\data\msg_06.txt -> C:\Users\USER/Documents/Harvested_Data\W11-Vik_USER\2025-02-20_00-41-32\msg_06_0c4e8456.txt
2025-02-20 00:41:32,049 - INFO - Copied and removed: E:\backup\files\Users\USER\.pyenv\pyenv-win\versions\3.13.1\Lib\test\test_email\data\msg_07.txt -> C:\Users\USER/Documents/Harvested_Data\W11-Vik_USER\2025-02-20_00-41-32\msg_07_8358092b.txt
2025-02-20 00:41:32,055 - INFO - Copied and removed: E:\backup\files\Users\USER\.pyenv\pyenv-win\versions\3.13.1\Lib\test\test_email\data\msg_13.txt -> C:\Users\USER/Documents/Harvested_Data\W11-Vik_USER\2025-02-20_00-41-32\msg_13_6538070d.txt
2025-02-20 00:41:32,062 - INFO - Copied and removed: E:\backup\files\Users\USER\.pyenv\pyenv-win\versions\3.13.1\Lib\test\test_email\data\msg_15.txt -> C:\Users\USER/Documents/Harvested_Data\W11-Vik_USER\2025-02-20_00-41-32\msg_15_8f1c4f13.txt
2025-02-20 00:41:32,068 - INFO - Copied and removed: E:\backup\files\Users\USER\.pyenv\pyenv-win\versions\3.13.1\Lib\test\test_email\data\msg_16.txt -> C:\Users\USER/Documents/Harvested_Data\W11-Vik_USER\2025-02-20_00-41-32\msg_16_fbb4ae9e.txt
2025-02-20 00:41:32,076 - INFO - Copied and removed: E:\backup\files\Users\USER\.pyenv\pyenv-win\versions\3.13.1\Lib\test\test_email\data\msg_22.txt -> C:\Users\USER/Documents/Harvested_Data\W11-Vik_USER\2025-02-20_00-41-32\msg_22_4367f6ef.txt
2025-02-20 00:41:32,088 - INFO - Copied and removed: E:\backup\files\Users\USER\.pyenv\pyenv-win\versions\3.13.1\Lib\test\test_email\data\msg_25.txt -> C:\Users\USER/Documents/Harvested_Data\W11-Vik_USER\2025-02-20_00-41-32\msg_25_b6cbf713.txt
2025-02-20 00:41:32,094 - INFO - Copied and removed: E:\backup\files\Users\USER\.pyenv\pyenv-win\versions\3.13.1\Lib\test\test_email\data\msg_26.txt -> C:\Users\USER/Documents/Harvested_Data\W11-Vik_USER\2025-02-20_00-41-32\msg_26_46c391e2.txt
2025-02-20 00:41:32,101 - INFO - Copied and removed: E:\backup\files\Users\USER\.pyenv\pyenv-win\versions\3.13.1\Lib\test\test_email\data\msg_38.txt -> C:\Users\USER/Documents/Harvested_Data\W11-Vik_USER\2025-02-20_00-41-32\msg_38_0107d318.txt
2025-02-20 00:41:32,108 - INFO - Copied and removed: E:\backup\files\Users\USER\.pyenv\pyenv-win\versions\3.13.1\Lib\test\test_email\data\msg_39.txt -> C:\Users\USER/Documents/Harvested_Data\W11-Vik_USER\2025-02-20_00-41-32\msg_39_5b3f5e5e.txt
2025-02-20 00:41:32,127 - INFO - Copied and removed: E:\backup\files\Users\USER\.pyenv\pyenv-win\versions\3.13.1\Lib\test\test_email\data\msg_43.txt -> C:\Users\USER/Documents/Harvested_Data\W11-Vik_USER\2025-02-20_00-41-32\msg_43_045797ff.txt
2025-02-20 00:41:32,137 - INFO - Copied and removed: E:\backup\files\Users\USER\.pyenv\pyenv-win\versions\3.13.1\Lib\test\tokenizedata\tokenize_tests.txt -> C:\Users\USER/Documents/Harvested_Data\W11-Vik_USER\2025-02-20_00-41-32\tokenize_tests_15f3eec6.txt
2025-02-20 00:41:32,153 - INFO - Copied and removed: E:\backup\files\Users\USER\.pyenv\pyenv-win\versions\3.13.1\Lib\test\translationdata\argparse\msgids.txt -> C:\Users\USER/Documents/Harvested_Data\W11-Vik_USER\2025-02-20_00-41-32\msgids_08bc6212.txt
2025-02-20 00:41:32,173 - INFO - Copied and removed: E:\backup\files\Users\USER\.VirtualBox\selectorwindow.log -> C:\Users\USER/Documents/Harvested_Data\W11-Vik_USER\2025-02-20_00-41-32\selectorwindow_493feb6d.log
2025-02-20 00:41:32,197 - INFO - Copied and removed: E:\backup\files\Users\USER\.VirtualBox\VBoxSVC.log -> C:\Users\USER/Documents/Harvested_Data\W11-Vik_USER\2025-02-20_00-41-32\VBoxSVC_51745072.log
2025-02-20 00:41:32,215 - INFO - Copied and removed: E:\backup\files\Users\USER\.vscode-insiders\extensions\asvetliakov.vscode-neovim-1.18.17\LICENSE.txt -> C:\Users\USER/Documents/Harvested_Data\W11-Vik_USER\2025-02-20_00-41-32\LICENSE_653bf28f.txt
2025-02-20 00:41:32,237 - INFO - Copied and removed: E:\backup\files\Users\USER\.vscode-insiders\extensions\beardedbear.beardedtheme-9.3.0\LICENSE.txt -> C:\Users\USER/Documents/Harvested_Data\W11-Vik_USER\2025-02-20_00-41-32\LICENSE_230184f6.txt
2025-02-20 00:41:32,253 - INFO - Copied and removed: E:\backup\files\Users\USER\.vscode-insiders\extensions\bierner.markdown-preview-github-styles-2.1.0\LICENSE.txt -> C:\Users\USER/Documents/Harvested_Data\W11-Vik_USER\2025-02-20_00-41-32\LICENSE_31bec773.txt
2025-02-20 00:41:32,322 - INFO - Copied and removed: E:\backup\files\Users\USER\.vscode-insiders\extensions\charliermarsh.ruff-2025.8.0-win32-x64\LICENSE.txt -> C:\Users\USER/Documents/Harvested_Data\W11-Vik_USER\2025-02-20_00-41-32\LICENSE_29dac247.txt
2025-02-20 00:41:32,342 - INFO - Copied and removed: E:\backup\files\Users\USER\.vscode-insiders\extensions\charliermarsh.ruff-2025.8.0-win32-x64\bundled\libs\pygls-1.2.1.dist-info\LICENSE.txt -> C:\Users\USER/Documents/Harvested_Data\W11-Vik_USER\2025-02-20_00-41-32\LICENSE_6f4915c6.txt
2025-02-20 00:41:32,359 - INFO - Copied and removed: E:\backup\files\Users\USER\.vscode-insiders\extensions\christian-kohler.npm-intellisense-1.4.5\LICENSE.txt -> C:\Users\USER/Documents/Harvested_Data\W11-Vik_USER\2025-02-20_00-41-32\LICENSE_4d1fba41.txt
2025-02-20 00:41:32,374 - INFO - Copied and removed: E:\backup\files\Users\USER\.vscode-insiders\extensions\cmoog.sqlnotebook-0.7.0\LICENSE.txt -> C:\Users\USER/Documents/Harvested_Data\W11-Vik_USER\2025-02-20_00-41-32\LICENSE_3fdac37b.txt
2025-02-20 00:41:32,395 - INFO - Copied and removed: E:\backup\files\Users\USER\.vscode-insiders\extensions\cmoog.sqlnotebook-0.7.0\node_modules\@azure\ms-rest-js\ThirdPartyNotices.txt -> C:\Users\USER/Documents/Harvested_Data\W11-Vik_USER\2025-02-20_00-41-32\ThirdPartyNotices_6eb51fb5.txt
2025-02-20 00:41:32,421 - INFO - Copied and removed: E:\backup\files\Users\USER\.vscode-insiders\extensions\cmoog.sqlnotebook-0.7.0\node_modules\adal-node\LICENSE.txt -> C:\Users\USER/Documents/Harvested_Data\W11-Vik_USER\2025-02-20_00-41-32\LICENSE_862ab3d4.txt
2025-02-20 00:41:32,439 - INFO - Copied and removed: E:\backup\files\Users\USER\.vscode-insiders\extensions\cmoog.sqlnotebook-0.7.0\node_modules\buffer-equal-constant-time\LICENSE.txt -> C:\Users\USER/Documents/Harvested_Data\W11-Vik_USER\2025-02-20_00-41-32\LICENSE_751d0e80.txt
2025-02-20 00:41:32,460 - INFO - Copied and removed: E:\backup\files\Users\USER\.vscode-insiders\extensions\cmoog.sqlnotebook-0.7.0\node_modules\date-utils\doc\scripts\prettify\Apache-License-2.0.txt -> C:\Users\USER/Documents/Harvested_Data\W11-Vik_USER\2025-02-20_00-41-32\Apache-License-2.0_3ddf9be5.txt
2025-02-20 00:41:32,475 - INFO - Copied and removed: E:\backup\files\Users\USER\.vscode-insiders\extensions\cmoog.sqlnotebook-0.7.0\node_modules\emoji-regex\LICENSE-MIT.txt -> C:\Users\USER/Documents/Harvested_Data\W11-Vik_USER\2025-02-20_00-41-32\LICENSE-MIT_483acb26.txt
2025-02-20 00:41:32,497 - INFO - Copied and removed: E:\backup\files\Users\USER\.vscode-insiders\extensions\cmoog.sqlnotebook-0.7.0\node_modules\mssql\CHANGELOG.txt -> C:\Users\USER/Documents/Harvested_Data\W11-Vik_USER\2025-02-20_00-41-32\CHANGELOG_9bf59f9b.txt
2025-02-20 00:41:32,513 - INFO - Copied and removed: E:\backup\files\Users\USER\.vscode-insiders\extensions\cmoog.sqlnotebook-0.7.0\node_modules\prebuild-install\help.txt -> C:\Users\USER/Documents/Harvested_Data\W11-Vik_USER\2025-02-20_00-41-32\help_e8e4b86f.txt
2025-02-20 00:41:32,521 - INFO - Copied and removed: E:\backup\files\Users\USER\.vscode-insiders\extensions\cmoog.sqlnotebook-0.7.0\node_modules\punycode\LICENSE-MIT.txt -> C:\Users\USER/Documents/Harvested_Data\W11-Vik_USER\2025-02-20_00-41-32\LICENSE-MIT_483acb26.txt
2025-02-20 00:41:32,537 - INFO - Copied and removed: E:\backup\files\Users\USER\.vscode-insiders\extensions\cmoog.sqlnotebook-0.7.0\node_modules\vscode-jsonrpc\License.txt -> C:\Users\USER/Documents/Harvested_Data\W11-Vik_USER\2025-02-20_00-41-32\License_ec9ee835.txt
2025-02-20 00:41:32,557 - INFO - Copied and removed: E:\backup\files\Users\USER\.vscode-insiders\extensions\cmoog.sqlnotebook-0.7.0\node_modules\vscode-jsonrpc\thirdpartynotices.txt -> C:\Users\USER/Documents/Harvested_Data\W11-Vik_USER\2025-02-20_00-41-32\thirdpartynotices_f9661c59.txt
2025-02-20 00:41:32,566 - INFO - Copied and removed: E:\backup\files\Users\USER\.vscode-insiders\extensions\cmoog.sqlnotebook-0.7.0\node_modules\vscode-languageclient\License.txt -> C:\Users\USER/Documents/Harvested_Data\W11-Vik_USER\2025-02-20_00-41-32\License_ec9ee835.txt
2025-02-20 00:41:32,587 - INFO - Copied and removed: E:\backup\files\Users\USER\.vscode-insiders\extensions\cmoog.sqlnotebook-0.7.0\node_modules\vscode-languageclient\thirdpartynotices.txt -> C:\Users\USER/Documents/Harvested_Data\W11-Vik_USER\2025-02-20_00-41-32\thirdpartynotices_07d5fc9b.txt
2025-02-20 00:41:32,596 - INFO - Copied and removed: E:\backup\files\Users\USER\.vscode-insiders\extensions\cmoog.sqlnotebook-0.7.0\node_modules\vscode-languageserver-protocol\License.txt -> C:\Users\USER/Documents/Harvested_Data\W11-Vik_USER\2025-02-20_00-41-32\License_ec9ee835.txt
2025-02-20 00:41:32,613 - INFO - Copied and removed: E:\backup\files\Users\USER\.vscode-insiders\extensions\cmoog.sqlnotebook-0.7.0\node_modules\vscode-languageserver-protocol\thirdpartynotices.txt -> C:\Users\USER/Documents/Harvested_Data\W11-Vik_USER\2025-02-20_00-41-32\thirdpartynotices_9265d27c.txt
2025-02-20 00:41:32,622 - INFO - Copied and removed: E:\backup\files\Users\USER\.vscode-insiders\extensions\cmoog.sqlnotebook-0.7.0\node_modules\vscode-languageserver-types\License.txt -> C:\Users\USER/Documents/Harvested_Data\W11-Vik_USER\2025-02-20_00-41-32\License_ec9ee835.txt
2025-02-20 00:41:32,639 - INFO - Copied and removed: E:\backup\files\Users\USER\.vscode-insiders\extensions\cmoog.sqlnotebook-0.7.0\node_modules\whatwg-url\LICENSE.txt -> C:\Users\USER/Documents/Harvested_Data\W11-Vik_USER\2025-02-20_00-41-32\LICENSE_6b7a1792.txt
2025-02-20 00:41:32,655 - INFO - Copied and removed: E:\backup\files\Users\USER\.vscode-insiders\extensions\davidanson.vscode-markdownlint-0.59.0\LICENSE.txt -> C:\Users\USER/Documents/Harvested_Data\W11-Vik_USER\2025-02-20_00-41-32\LICENSE_cdc3c1fb.txt
2025-02-20 00:41:32,671 - INFO - Copied and removed: E:\backup\files\Users\USER\.vscode-insiders\extensions\dbaeumer.vscode-eslint-3.0.10\License.txt -> C:\Users\USER/Documents/Harvested_Data\W11-Vik_USER\2025-02-20_00-41-32\License_976f8ed6.txt
2025-02-20 00:41:32,692 - INFO - Copied and removed: E:\backup\files\Users\USER\.vscode-insiders\extensions\dbaeumer.vscode-eslint-3.0.10\ThirdPartyNotices.txt -> C:\Users\USER/Documents/Harvested_Data\W11-Vik_USER\2025-02-20_00-41-32\ThirdPartyNotices_40fd405d.txt
2025-02-20 00:41:32,710 - INFO - Copied and removed: E:\backup\files\Users\USER\.vscode-insiders\extensions\donjayamanne.githistory-0.6.20\LICENSE.txt -> C:\Users\USER/Documents/Harvested_Data\W11-Vik_USER\2025-02-20_00-41-32\LICENSE_6bde768c.txt
2025-02-20 00:41:32,726 - INFO - Copied and removed: E:\backup\files\Users\USER\.vscode-insiders\extensions\donjayamanne.python-environment-manager-1.2.7\LICENSE.txt -> C:\Users\USER/Documents/Harvested_Data\W11-Vik_USER\2025-02-20_00-41-32\LICENSE_7cbaedcd.txt
2025-02-20 00:41:32,742 - INFO - Copied and removed: E:\backup\files\Users\USER\.vscode-insiders\extensions\donjayamanne.python-environment-manager-1.2.7\requirements.txt -> C:\Users\USER/Documents/Harvested_Data\W11-Vik_USER\2025-02-20_00-41-32\requirements_011a9fdf.txt
2025-02-20 00:41:32,773 - INFO - Copied and removed: E:\backup\files\Users\USER\.vscode-insiders\extensions\donjayamanne.python-environment-manager-1.2.7\ThirdPartyNotices-Repository.txt -> C:\Users\USER/Documents/Harvested_Data\W11-Vik_USER\2025-02-20_00-41-32\ThirdPartyNotices-Repository_699efec0.txt
2025-02-20 00:41:32,789 - INFO - Copied and removed: E:\backup\files\Users\USER\.vscode-insiders\extensions\dracula-theme.theme-dracula-2.25.1\LICENSE.txt -> C:\Users\USER/Documents/Harvested_Data\W11-Vik_USER\2025-02-20_00-41-32\LICENSE_f08d0bba.txt
2025-02-20 00:41:32,805 - INFO - Copied and removed: E:\backup\files\Users\USER\.vscode-insiders\extensions\eamodio.gitlens-2025.2.1804\LICENSE.txt -> C:\Users\USER/Documents/Harvested_Data\W11-Vik_USER\2025-02-20_00-41-32\LICENSE_0d97860d.txt
2025-02-20 00:41:32,832 - INFO - Copied and removed: E:\backup\files\Users\USER\.vscode-insiders\extensions\eamodio.gitlens-2025.2.1804\ThirdPartyNotices.txt -> C:\Users\USER/Documents/Harvested_Data\W11-Vik_USER\2025-02-20_00-41-32\ThirdPartyNotices_ef3d6bf2.txt
2025-02-20 00:41:32,847 - INFO - Copied and removed: E:\backup\files\Users\USER\.vscode-insiders\extensions\esbenp.prettier-vscode-11.0.0\LICENSE.txt -> C:\Users\USER/Documents/Harvested_Data\W11-Vik_USER\2025-02-20_00-41-32\LICENSE_ccd8ecd5.txt
2025-02-20 00:41:32,866 - INFO - Copied and removed: E:\backup\files\Users\USER\.vscode-insiders\extensions\espressif.esp-idf-extension-1.9.0\espidf.constraints.txt -> C:\Users\USER/Documents/Harvested_Data\W11-Vik_USER\2025-02-20_00-41-32\espidf.constraints_791a4a5b.txt
2025-02-20 00:41:32,892 - INFO - Copied and removed: E:\backup\files\Users\USER\.vscode-insiders\extensions\espressif.esp-idf-extension-1.9.0\esp_idf_vsc_ext.log -> C:\Users\USER/Documents/Harvested_Data\W11-Vik_USER\2025-02-20_00-41-32\esp_idf_vsc_ext_caa720a6.log
2025-02-20 00:41:32,914 - INFO - Copied and removed: E:\backup\files\Users\USER\.vscode-insiders\extensions\espressif.esp-idf-extension-1.9.0\LICENSE.txt -> C:\Users\USER/Documents/Harvested_Data\W11-Vik_USER\2025-02-20_00-41-32\LICENSE_1c25f292.txt
2025-02-20 00:41:32,929 - INFO - Copied and removed: E:\backup\files\Users\USER\.vscode-insiders\extensions\espressif.esp-idf-extension-1.9.0\dist\extension.js.LICENSE.txt -> C:\Users\USER/Documents/Harvested_Data\W11-Vik_USER\2025-02-20_00-41-32\extension.js.LICENSE_5320ef1d.txt
2025-02-20 00:41:32,950 - INFO - Copied and removed: E:\backup\files\Users\USER\.vscode-insiders\extensions\espressif.esp-idf-web-0.0.3\LICENSE.txt -> C:\Users\USER/Documents/Harvested_Data\W11-Vik_USER\2025-02-20_00-41-32\LICENSE_469067b9.txt
2025-02-20 00:41:32,965 - INFO - Copied and removed: E:\backup\files\Users\USER\.vscode-insiders\extensions\espressif.esp-idf-web-0.0.3\dist\web\extension.js.LICENSE.txt -> C:\Users\USER/Documents/Harvested_Data\W11-Vik_USER\2025-02-20_00-41-32\extension.js.LICENSE_71ccccf0.txt
2025-02-20 00:41:32,981 - INFO - Copied and removed: E:\backup\files\Users\USER\.vscode-insiders\extensions\firefox-devtools.vscode-firefox-debug-2.14.0\LICENSE.txt -> C:\Users\USER/Documents/Harvested_Data\W11-Vik_USER\2025-02-20_00-41-32\LICENSE_b9fd027f.txt
2025-02-20 00:41:32,998 - INFO - Copied and removed: E:\backup\files\Users\USER\.vscode-insiders\extensions\formulahendry.auto-rename-tag-0.1.10\LICENSE.txt -> C:\Users\USER/Documents/Harvested_Data\W11-Vik_USER\2025-02-20_00-41-32\LICENSE_e6144088.txt
2025-02-20 00:41:33,013 - INFO - Copied and removed: E:\backup\files\Users\USER\.vscode-insiders\extensions\foxundermoon.shell-format-7.2.5\LICENSE.txt -> C:\Users\USER/Documents/Harvested_Data\W11-Vik_USER\2025-02-20_00-41-33\LICENSE_bb5dfcc4.txt
2025-02-20 00:41:33,036 - INFO - Copied and removed: E:\backup\files\Users\USER\.vscode-insiders\extensions\github.copilot-chat-0.25.2025021801\LICENSE.txt -> C:\Users\USER/Documents/Harvested_Data\W11-Vik_USER\2025-02-20_00-41-33\LICENSE_7bec5908.txt
2025-02-20 00:41:33,127 - INFO - Copied and removed: E:\backup\files\Users\USER\.vscode-insiders\extensions\github.copilot-chat-0.25.2025021801\ThirdPartyNotices.txt -> C:\Users\USER/Documents/Harvested_Data\W11-Vik_USER\2025-02-20_00-41-33\ThirdPartyNotices_45b8ccfd.txt
2025-02-20 00:41:33,150 - INFO - Copied and removed: E:\backup\files\Users\USER\.vscode-insiders\extensions\github.remotehub-0.65.2024112101\LICENSE.txt -> C:\Users\USER/Documents/Harvested_Data\W11-Vik_USER\2025-02-20_00-41-33\LICENSE_2e0e0174.txt
2025-02-20 00:41:33,181 - INFO - Copied and removed: E:\backup\files\Users\USER\.vscode-insiders\extensions\github.remotehub-0.65.2024112101\ThirdPartyNotices.txt -> C:\Users\USER/Documents/Harvested_Data\W11-Vik_USER\2025-02-20_00-41-33\ThirdPartyNotices_0351f54d.txt
2025-02-20 00:41:33,198 - INFO - Copied and removed: E:\backup\files\Users\USER\.vscode-insiders\extensions\github.vscode-github-actions-0.27.1\LICENSE.txt -> C:\Users\USER/Documents/Harvested_Data\W11-Vik_USER\2025-02-20_00-41-33\LICENSE_32d0bae2.txt
2025-02-20 00:41:33,214 - INFO - Copied and removed: E:\backup\files\Users\USER\.vscode-insiders\extensions\github.vscode-pull-request-github-0.105.2025021804\LICENSE.txt -> C:\Users\USER/Documents/Harvested_Data\W11-Vik_USER\2025-02-20_00-41-33\LICENSE_8f3b8564.txt
2025-02-20 00:41:33,244 - INFO - Copied and removed: E:\backup\files\Users\USER\.vscode-insiders\extensions\github.vscode-pull-request-github-0.105.2025021804\ThirdPartyNotices.txt -> C:\Users\USER/Documents/Harvested_Data\W11-Vik_USER\2025-02-20_00-41-33\ThirdPartyNotices_4ca8256f.txt
2025-02-20 00:41:33,267 - INFO - Copied and removed: E:\backup\files\Users\USER\.vscode-insiders\extensions\golang.go-0.44.0\LICENSE.txt -> C:\Users\USER/Documents/Harvested_Data\W11-Vik_USER\2025-02-20_00-41-33\LICENSE_b0da2ed7.txt
2025-02-20 00:41:33,284 - INFO - Copied and removed: E:\backup\files\Users\USER\.vscode-insiders\extensions\ibm.output-colorizer-0.1.2\LICENSE.txt -> C:\Users\USER/Documents/Harvested_Data\W11-Vik_USER\2025-02-20_00-41-33\LICENSE_55c49e23.txt
2025-02-20 00:41:33,299 - INFO - Copied and removed: E:\backup\files\Users\USER\.vscode-insiders\extensions\jdinhlife.gruvbox-1.22.0\LICENSE.txt -> C:\Users\USER/Documents/Harvested_Data\W11-Vik_USER\2025-02-20_00-41-33\LICENSE_91943f88.txt
2025-02-20 00:41:33,319 - INFO - Copied and removed: E:\backup\files\Users\USER\.vscode-insiders\extensions\jerrygoyal.shortcut-menu-bar-3.0.4\LICENSE.txt -> C:\Users\USER/Documents/Harvested_Data\W11-Vik_USER\2025-02-20_00-41-33\LICENSE_8ceb4b9e.txt
2025-02-20 00:41:33,340 - INFO - Copied and removed: E:\backup\files\Users\USER\.vscode-insiders\extensions\keyring.lua-0.0.9\LICENSE.txt -> C:\Users\USER/Documents/Harvested_Data\W11-Vik_USER\2025-02-20_00-41-33\LICENSE_ab3fe34d.txt
2025-02-20 00:41:33,356 - INFO - Copied and removed: E:\backup\files\Users\USER\.vscode-insiders\extensions\monokai.theme-monokai-pro-vscode-2.0.6\LICENSE.txt -> C:\Users\USER/Documents/Harvested_Data\W11-Vik_USER\2025-02-20_00-41-33\LICENSE_492b01d6.txt
2025-02-20 00:41:33,373 - INFO - Copied and removed: E:\backup\files\Users\USER\.vscode-insiders\extensions\ms-azuretools.vscode-docker-1.29.4\dist\extension.bundle.js.LICENSE.txt -> C:\Users\USER/Documents/Harvested_Data\W11-Vik_USER\2025-02-20_00-41-33\extension.bundle.js.LICENSE_57eebc8e.txt
2025-02-20 00:41:33,389 - INFO - Copied and removed: E:\backup\files\Users\USER\.vscode-insiders\extensions\ms-dotnettools.csharp-2.63.32-win32-x64\LICENSE.txt -> C:\Users\USER/Documents/Harvested_Data\W11-Vik_USER\2025-02-20_00-41-33\LICENSE_41be9e1e.txt
2025-02-20 00:41:33,411 - INFO - Copied and removed: E:\backup\files\Users\USER\.vscode-insiders\extensions\ms-dotnettools.csharp-2.63.32-win32-x64\ThirdPartyNotices.txt -> C:\Users\USER/Documents/Harvested_Data\W11-Vik_USER\2025-02-20_00-41-33\ThirdPartyNotices_abb1b430.txt
2025-02-20 00:41:33,436 - INFO - Copied and removed: E:\backup\files\Users\USER\.vscode-insiders\extensions\ms-dotnettools.csharp-2.63.32-win32-x64\.debugger\x86_64\license.txt -> C:\Users\USER/Documents/Harvested_Data\W11-Vik_USER\2025-02-20_00-41-33\license_198cdb1f.txt
2025-02-20 00:41:33,458 - INFO - Copied and removed: E:\backup\files\Users\USER\.vscode-insiders\extensions\ms-dotnettools.csharp-2.63.32-win32-x64\.debugger\x86_64\ThirdPartyNotices.txt -> C:\Users\USER/Documents/Harvested_Data\W11-Vik_USER\2025-02-20_00-41-33\ThirdPartyNotices_9c5671d4.txt
2025-02-20 00:41:33,498 - INFO - Copied and removed: E:\backup\files\Users\USER\.vscode-insiders\extensions\ms-dotnettools.csharp-2.63.32-win32-x64\.razor\NOTICE.txt -> C:\Users\USER/Documents/Harvested_Data\W11-Vik_USER\2025-02-20_00-41-33\NOTICE_a7fd7c0d.txt
2025-02-20 00:41:33,539 - INFO - Copied and removed: E:\backup\files\Users\USER\.vscode-insiders\extensions\ms-dotnettools.csharp-2.63.32-win32-x64\.razorDevKit\NOTICE.txt -> C:\Users\USER/Documents/Harvested_Data\W11-Vik_USER\2025-02-20_00-41-33\NOTICE_a7fd7c0d.txt
2025-02-20 00:41:33,560 - INFO - Copied and removed: E:\backup\files\Users\USER\.vscode-insiders\extensions\ms-dotnettools.csharp-2.63.32-win32-x64\dist\extension.js.LICENSE.txt -> C:\Users\USER/Documents/Harvested_Data\W11-Vik_USER\2025-02-20_00-41-33\extension.js.LICENSE_06ac0340.txt
2025-02-20 00:41:33,587 - INFO - Copied and removed: E:\backup\files\Users\USER\.vscode-insiders\extensions\ms-dotnettools.csharp-2.63.32-win32-x64\RuntimeLicenses\license.txt -> C:\Users\USER/Documents/Harvested_Data\W11-Vik_USER\2025-02-20_00-41-33\license_f6c4fb32.txt
2025-02-20 00:41:33,615 - INFO - Copied and removed: E:\backup\files\Users\USER\.vscode-insiders\extensions\ms-dotnettools.csharp-2.63.32-win32-x64\RuntimeLicenses\dependencies\OpenDebugAD7-License.txt -> C:\Users\USER/Documents/Harvested_Data\W11-Vik_USER\2025-02-20_00-41-33\OpenDebugAD7-License_3f878485.txt
2025-02-20 00:41:33,631 - INFO - Copied and removed: E:\backup\files\Users\USER\.vscode-insiders\extensions\ms-edgedevtools.vscode-edge-devtools-2.1.8\LICENSE.txt -> C:\Users\USER/Documents/Harvested_Data\W11-Vik_USER\2025-02-20_00-41-33\LICENSE_dea92653.txt
2025-02-20 00:41:33,650 - INFO - Copied and removed: E:\backup\files\Users\USER\.vscode-insiders\extensions\ms-edgedevtools.vscode-edge-devtools-2.1.8\out\extension.js.LICENSE.txt -> C:\Users\USER/Documents/Harvested_Data\W11-Vik_USER\2025-02-20_00-41-33\extension.js.LICENSE_feae3cd2.txt
2025-02-20 00:41:33,668 - INFO - Copied and removed: E:\backup\files\Users\USER\.vscode-insiders\extensions\ms-python.debugpy-2025.1.2025021701-win32-x64\LICENSE.txt -> C:\Users\USER/Documents/Harvested_Data\W11-Vik_USER\2025-02-20_00-41-33\LICENSE_9906940f.txt
2025-02-20 00:41:33,696 - INFO - Copied and removed: E:\backup\files\Users\USER\.vscode-insiders\extensions\ms-python.debugpy-2025.1.2025021701-win32-x64\ThirdPartyNotices.txt -> C:\Users\USER/Documents/Harvested_Data\W11-Vik_USER\2025-02-20_00-41-33\ThirdPartyNotices_c2e38875.txt
2025-02-20 00:41:33,718 - INFO - Copied and removed: E:\backup\files\Users\USER\.vscode-insiders\extensions\ms-python.debugpy-2025.1.2025021701-win32-x64\bundled\libs\debugpy\ThirdPartyNotices.txt -> C:\Users\USER/Documents/Harvested_Data\W11-Vik_USER\2025-02-20_00-41-33\ThirdPartyNotices_e3baaa53.txt
2025-02-20 00:41:33,733 - INFO - Copied and removed: E:\backup\files\Users\USER\.vscode-insiders\extensions\ms-python.isort-2023.10.1\LICENSE.txt -> C:\Users\USER/Documents/Harvested_Data\W11-Vik_USER\2025-02-20_00-41-33\LICENSE_c2cfccb8.txt
2025-02-20 00:41:33,808 - INFO - Copied and removed: E:\backup\files\Users\USER\.vscode-insiders\extensions\ms-python.isort-2023.10.1\NOTICE.txt -> C:\Users\USER/Documents/Harvested_Data\W11-Vik_USER\2025-02-20_00-41-33\NOTICE_11d38698.txt
2025-02-20 00:41:33,831 - INFO - Copied and removed: E:\backup\files\Users\USER\.vscode-insiders\extensions\ms-python.isort-2023.10.1\ThirdPartyNotices.txt -> C:\Users\USER/Documents/Harvested_Data\W11-Vik_USER\2025-02-20_00-41-33\ThirdPartyNotices_0f44bd4d.txt
2025-02-20 00:41:33,851 - INFO - Copied and removed: E:\backup\files\Users\USER\.vscode-insiders\extensions\ms-python.isort-2023.10.1\bundled\libs\pygls-1.0.2.dist-info\LICENSE.txt -> C:\Users\USER/Documents/Harvested_Data\W11-Vik_USER\2025-02-20_00-41-33\LICENSE_6f4915c6.txt
2025-02-20 00:41:33,868 - INFO - Copied and removed: E:\backup\files\Users\USER\.vscode-insiders\extensions\ms-python.python-2025.1.2025021801-win32-x64\LICENSE.txt -> C:\Users\USER/Documents/Harvested_Data\W11-Vik_USER\2025-02-20_00-41-33\LICENSE_9b8dda8f.txt
2025-02-20 00:41:33,889 - INFO - Copied and removed: E:\backup\files\Users\USER\.vscode-insiders\extensions\ms-python.python-2025.1.2025021801-win32-x64\requirements.txt -> C:\Users\USER/Documents/Harvested_Data\W11-Vik_USER\2025-02-20_00-41-33\requirements_ed0e6e76.txt
2025-02-20 00:41:33,935 - INFO - Copied and removed: E:\backup\files\Users\USER\.vscode-insiders\extensions\ms-python.python-2025.1.2025021801-win32-x64\ThirdPartyNotices-Repository.txt -> C:\Users\USER/Documents/Harvested_Data\W11-Vik_USER\2025-02-20_00-41-33\ThirdPartyNotices-Repository_9a5c5a20.txt
2025-02-20 00:41:33,974 - INFO - Copied and removed: E:\backup\files\Users\USER\.vscode-insiders\extensions\ms-python.python-2025.1.2025021801-win32-x64\ThirdPartyNotices.txt -> C:\Users\USER/Documents/Harvested_Data\W11-Vik_USER\2025-02-20_00-41-33\ThirdPartyNotices_00741ae6.txt
2025-02-20 00:41:33,997 - INFO - Copied and removed: E:\backup\files\Users\USER\.vscode-insiders\extensions\ms-python.python-2025.1.2025021801-win32-x64\out\client\extension.js.LICENSE.txt -> C:\Users\USER/Documents/Harvested_Data\W11-Vik_USER\2025-02-20_00-41-33\extension.js.LICENSE_1667d7a9.txt
2025-02-20 00:41:34,014 - INFO - Copied and removed: E:\backup\files\Users\USER\.vscode-insiders\extensions\ms-python.python-2025.1.2025021801-win32-x64\out\client\plainExec.worker.js.LICENSE.txt -> C:\Users\USER/Documents/Harvested_Data\W11-Vik_USER\2025-02-20_00-41-34\plainExec.worker.js.LICENSE_04b9b69c.txt
2025-02-20 00:41:34,024 - INFO - Copied and removed: E:\backup\files\Users\USER\.vscode-insiders\extensions\ms-python.python-2025.1.2025021801-win32-x64\out\client\shellExec.worker.js.LICENSE.txt -> C:\Users\USER/Documents/Harvested_Data\W11-Vik_USER\2025-02-20_00-41-34\shellExec.worker.js.LICENSE_04b9b69c.txt
2025-02-20 00:41:34,099 - INFO - Copied and removed: E:\backup\files\Users\USER\.vscode-insiders\extensions\ms-python.python-2025.1.2025021801-win32-x64\python-env-tools\bin\ThirdPartyNotices.txt -> C:\Users\USER/Documents/Harvested_Data\W11-Vik_USER\2025-02-20_00-41-34\ThirdPartyNotices_fd01c68d.txt
2025-02-20 00:41:34,135 - INFO - Copied and removed: E:\backup\files\Users\USER\.vscode-insiders\extensions\ms-python.python-2025.1.2025021801-win32-x64\python_files\deactivate\powershell\envVars.txt -> C:\Users\USER/Documents/Harvested_Data\W11-Vik_USER\2025-02-20_00-41-34\envVars_5a32264a.txt
2025-02-20 00:41:34,155 - INFO - Copied and removed: E:\backup\files\Users\USER\.vscode-insiders\extensions\ms-python.python-2025.1.2025021801-win32-x64\python_files\jedilsp_requirements\requirements.txt -> C:\Users\USER/Documents/Harvested_Data\W11-Vik_USER\2025-02-20_00-41-34\requirements_bf8908bd.txt
2025-02-20 00:41:34,172 - INFO - Copied and removed: E:\backup\files\Users\USER\.vscode-insiders\extensions\ms-python.python-2025.1.2025021801-win32-x64\python_files\lib\jedilsp\jedi\third_party\django-stubs\LICENSE.txt -> C:\Users\USER/Documents/Harvested_Data\W11-Vik_USER\2025-02-20_00-41-34\LICENSE_235e9939.txt
2025-02-20 00:41:34,197 - INFO - Copied and removed: E:\backup\files\Users\USER\.vscode-insiders\extensions\ms-python.python-2025.1.2025021801-win32-x64\python_files\lib\jedilsp\jedi-0.19.2.dist-info\AUTHORS.txt -> C:\Users\USER/Documents/Harvested_Data\W11-Vik_USER\2025-02-20_00-41-34\AUTHORS_d0b472b3.txt
2025-02-20 00:41:34,217 - INFO - Copied and removed: E:\backup\files\Users\USER\.vscode-insiders\extensions\ms-python.python-2025.1.2025021801-win32-x64\python_files\lib\jedilsp\jedi-0.19.2.dist-info\LICENSE.txt -> C:\Users\USER/Documents/Harvested_Data\W11-Vik_USER\2025-02-20_00-41-34\LICENSE_78e60cd0.txt
2025-02-20 00:41:34,240 - INFO - Copied and removed: E:\backup\files\Users\USER\.vscode-insiders\extensions\ms-python.python-2025.1.2025021801-win32-x64\python_files\lib\jedilsp\parso\python\grammar310.txt -> C:\Users\USER/Documents/Harvested_Data\W11-Vik_USER\2025-02-20_00-41-34\grammar310_4305da1e.txt
2025-02-20 00:41:34,252 - INFO - Copied and removed: E:\backup\files\Users\USER\.vscode-insiders\extensions\ms-python.python-2025.1.2025021801-win32-x64\python_files\lib\jedilsp\parso\python\grammar311.txt -> C:\Users\USER/Documents/Harvested_Data\W11-Vik_USER\2025-02-20_00-41-34\grammar311_4305da1e.txt
2025-02-20 00:41:34,262 - INFO - Copied and removed: E:\backup\files\Users\USER\.vscode-insiders\extensions\ms-python.python-2025.1.2025021801-win32-x64\python_files\lib\jedilsp\parso\python\grammar312.txt -> C:\Users\USER/Documents/Harvested_Data\W11-Vik_USER\2025-02-20_00-41-34\grammar312_4305da1e.txt
2025-02-20 00:41:34,273 - INFO - Copied and removed: E:\backup\files\Users\USER\.vscode-insiders\extensions\ms-python.python-2025.1.2025021801-win32-x64\python_files\lib\jedilsp\parso\python\grammar313.txt -> C:\Users\USER/Documents/Harvested_Data\W11-Vik_USER\2025-02-20_00-41-34\grammar313_4305da1e.txt
2025-02-20 00:41:34,296 - INFO - Copied and removed: E:\backup\files\Users\USER\.vscode-insiders\extensions\ms-python.python-2025.1.2025021801-win32-x64\python_files\lib\jedilsp\parso\python\grammar36.txt -> C:\Users\USER/Documents/Harvested_Data\W11-Vik_USER\2025-02-20_00-41-34\grammar36_7b38d711.txt
2025-02-20 00:41:34,319 - INFO - Copied and removed: E:\backup\files\Users\USER\.vscode-insiders\extensions\ms-python.python-2025.1.2025021801-win32-x64\python_files\lib\jedilsp\parso\python\grammar37.txt -> C:\Users\USER/Documents/Harvested_Data\W11-Vik_USER\2025-02-20_00-41-34\grammar37_29eef7fe.txt
2025-02-20 00:41:34,341 - INFO - Copied and removed: E:\backup\files\Users\USER\.vscode-insiders\extensions\ms-python.python-2025.1.2025021801-win32-x64\python_files\lib\jedilsp\parso\python\grammar38.txt -> C:\Users\USER/Documents/Harvested_Data\W11-Vik_USER\2025-02-20_00-41-34\grammar38_3a13d179.txt
2025-02-20 00:41:34,365 - INFO - Copied and removed: E:\backup\files\Users\USER\.vscode-insiders\extensions\ms-python.python-2025.1.2025021801-win32-x64\python_files\lib\jedilsp\parso\python\grammar39.txt -> C:\Users\USER/Documents/Harvested_Data\W11-Vik_USER\2025-02-20_00-41-34\grammar39_715ad56c.txt
2025-02-20 00:41:34,383 - INFO - Copied and removed: E:\backup\files\Users\USER\.vscode-insiders\extensions\ms-python.python-2025.1.2025021801-win32-x64\python_files\lib\jedilsp\parso-0.8.4.dist-info\AUTHORS.txt -> C:\Users\USER/Documents/Harvested_Data\W11-Vik_USER\2025-02-20_00-41-34\AUTHORS_4830a0bb.txt
2025-02-20 00:41:34,401 - INFO - Copied and removed: E:\backup\files\Users\USER\.vscode-insiders\extensions\ms-python.python-2025.1.2025021801-win32-x64\python_files\lib\jedilsp\parso-0.8.4.dist-info\LICENSE.txt -> C:\Users\USER/Documents/Harvested_Data\W11-Vik_USER\2025-02-20_00-41-34\LICENSE_fa679730.txt
2025-02-20 00:41:34,421 - INFO - Copied and removed: E:\backup\files\Users\USER\.vscode-insiders\extensions\ms-python.python-2025.1.2025021801-win32-x64\python_files\lib\jedilsp\pygls-1.3.1.dist-info\LICENSE.txt -> C:\Users\USER/Documents/Harvested_Data\W11-Vik_USER\2025-02-20_00-41-34\LICENSE_6f4915c6.txt
2025-02-20 00:41:34,447 - INFO - Copied and removed: E:\backup\files\Users\USER\.vscode-insiders\extensions\ms-python.vscode-pylance-2025.2.1\LICENSE.txt -> C:\Users\USER/Documents/Harvested_Data\W11-Vik_USER\2025-02-20_00-41-34\LICENSE_6f2944ae.txt
2025-02-20 00:41:34,500 - INFO - Copied and removed: E:\backup\files\Users\USER\.vscode-insiders\extensions\ms-python.vscode-pylance-2025.2.1\NOTICE.txt -> C:\Users\USER/Documents/Harvested_Data\W11-Vik_USER\2025-02-20_00-41-34\NOTICE_e05a9b4e.txt
2025-02-20 00:41:34,516 - INFO - Copied and removed: E:\backup\files\Users\USER\.vscode-insiders\extensions\ms-python.vscode-pylance-2025.2.1\ThirdPartyNotices-Repository.txt -> C:\Users\USER/Documents/Harvested_Data\W11-Vik_USER\2025-02-20_00-41-34\ThirdPartyNotices-Repository_dd93f445.txt
2025-02-20 00:41:34,538 - INFO - Copied and removed: E:\backup\files\Users\USER\.vscode-insiders\extensions\ms-python.vscode-pylance-2025.2.1\dist\browser.async.bundle.js.LICENSE.txt -> C:\Users\USER/Documents/Harvested_Data\W11-Vik_USER\2025-02-20_00-41-34\browser.async.bundle.js.LICENSE_1ff610e0.txt
2025-02-20 00:41:34,545 - INFO - Copied and removed: E:\backup\files\Users\USER\.vscode-insiders\extensions\ms-python.vscode-pylance-2025.2.1\dist\browser.sync.bundle.js.LICENSE.txt -> C:\Users\USER/Documents/Harvested_Data\W11-Vik_USER\2025-02-20_00-41-34\browser.sync.bundle.js.LICENSE_1ff610e0.txt
2025-02-20 00:41:34,570 - INFO - Copied and removed: E:\backup\files\Users\USER\.vscode-insiders\extensions\ms-python.vscode-pylance-2025.2.1\dist\vendor.bundle.js.LICENSE.txt -> C:\Users\USER/Documents/Harvested_Data\W11-Vik_USER\2025-02-20_00-41-34\vendor.bundle.js.LICENSE_733e60d8.txt
2025-02-20 00:41:34,587 - INFO - Copied and removed: E:\backup\files\Users\USER\.vscode-insiders\extensions\ms-toolsai.jupyter-2025.2.2025020701-win32-x64\LICENSE.txt -> C:\Users\USER/Documents/Harvested_Data\W11-Vik_USER\2025-02-20_00-41-34\LICENSE_5d177f23.txt
2025-02-20 00:41:34,640 - INFO - Copied and removed: E:\backup\files\Users\USER\.vscode-insiders\extensions\ms-toolsai.jupyter-2025.2.2025020701-win32-x64\ThirdPartyNotices.txt -> C:\Users\USER/Documents/Harvested_Data\W11-Vik_USER\2025-02-20_00-41-34\ThirdPartyNotices_f47aacf5.txt
2025-02-20 00:41:34,721 - INFO - Copied and removed: E:\backup\files\Users\USER\.vscode-insiders\extensions\ms-toolsai.jupyter-2025.2.2025020701-win32-x64\dist\node_modules\jquery\LICENSE.txt -> C:\Users\USER/Documents/Harvested_Data\W11-Vik_USER\2025-02-20_00-41-34\LICENSE_1fe2bb53.txt
2025-02-20 00:41:34,732 - INFO - Copied and removed: E:\backup\files\Users\USER\.vscode-insiders\extensions\ms-toolsai.jupyter-keymap-1.1.2\LICENSE.txt -> C:\Users\USER/Documents/Harvested_Data\W11-Vik_USER\2025-02-20_00-41-34\LICENSE_c2cfccb8.txt
2025-02-20 00:41:34,741 - INFO - Copied and removed: E:\backup\files\Users\USER\.vscode-insiders\extensions\ms-toolsai.jupyter-renderers-1.1.2025012901\LICENSE.txt -> C:\Users\USER/Documents/Harvested_Data\W11-Vik_USER\2025-02-20_00-41-34\LICENSE_c2cfccb8.txt
2025-02-20 00:41:34,763 - INFO - Copied and removed: E:\backup\files\Users\USER\.vscode-insiders\extensions\ms-toolsai.jupyter-renderers-1.1.2025012901\ThirdPartyNotices-Repository.txt -> C:\Users\USER/Documents/Harvested_Data\W11-Vik_USER\2025-02-20_00-41-34\ThirdPartyNotices-Repository_ef7fefb4.txt
2025-02-20 00:41:34,814 - INFO - Copied and removed: E:\backup\files\Users\USER\.vscode-insiders\extensions\ms-toolsai.jupyter-renderers-1.1.2025012901\ThirdPartyNotices.txt -> C:\Users\USER/Documents/Harvested_Data\W11-Vik_USER\2025-02-20_00-41-34\ThirdPartyNotices_20774906.txt
2025-02-20 00:41:34,835 - INFO - Copied and removed: E:\backup\files\Users\USER\.vscode-insiders\extensions\ms-toolsai.jupyter-renderers-1.1.2025012901\out\client_renderer\plotly.bundle.js.LICENSE.txt -> C:\Users\USER/Documents/Harvested_Data\W11-Vik_USER\2025-02-20_00-41-34\plotly.bundle.js.LICENSE_9144a554.txt
2025-02-20 00:41:34,851 - INFO - Copied and removed: E:\backup\files\Users\USER\.vscode-insiders\extensions\ms-toolsai.jupyter-renderers-1.1.2025012901\out\client_renderer\renderers.js.LICENSE.txt -> C:\Users\USER/Documents/Harvested_Data\W11-Vik_USER\2025-02-20_00-41-34\renderers.js.LICENSE_84561bf4.txt
2025-02-20 00:41:34,870 - INFO - Copied and removed: E:\backup\files\Users\USER\.vscode-insiders\extensions\ms-toolsai.jupyter-renderers-1.1.2025012901\out\client_renderer\vega.bundle.js.LICENSE.txt -> C:\Users\USER/Documents/Harvested_Data\W11-Vik_USER\2025-02-20_00-41-34\vega.bundle.js.LICENSE_c0a24b77.txt
2025-02-20 00:41:34,878 - INFO - Copied and removed: E:\backup\files\Users\USER\.vscode-insiders\extensions\ms-toolsai.vscode-jupyter-cell-tags-0.1.9\LICENSE.txt -> C:\Users\USER/Documents/Harvested_Data\W11-Vik_USER\2025-02-20_00-41-34\LICENSE_c2cfccb8.txt
2025-02-20 00:41:34,888 - INFO - Copied and removed: E:\backup\files\Users\USER\.vscode-insiders\extensions\ms-toolsai.vscode-jupyter-slideshow-0.1.6\LICENSE.txt -> C:\Users\USER/Documents/Harvested_Data\W11-Vik_USER\2025-02-20_00-41-34\LICENSE_c2cfccb8.txt
2025-02-20 00:41:34,909 - INFO - Copied and removed: E:\backup\files\Users\USER\.vscode-insiders\extensions\ms-vscode-remote.remote-containers-0.398.0\LICENSE.txt -> C:\Users\USER/Documents/Harvested_Data\W11-Vik_USER\2025-02-20_00-41-34\LICENSE_75b72b0d.txt
2025-02-20 00:41:34,947 - INFO - Copied and removed: E:\backup\files\Users\USER\.vscode-insiders\extensions\ms-vscode-remote.remote-containers-0.398.0\ThirdPartyNotices.txt -> C:\Users\USER/Documents/Harvested_Data\W11-Vik_USER\2025-02-20_00-41-34\ThirdPartyNotices_1f39866a.txt
2025-02-20 00:41:34,970 - INFO - Copied and removed: E:\backup\files\Users\USER\.vscode-insiders\extensions\ms-vscode-remote.remote-containers-0.398.0\dev-containers-user-cli\LICENSE.txt -> C:\Users\USER/Documents/Harvested_Data\W11-Vik_USER\2025-02-20_00-41-34\LICENSE_6d1f498f.txt
2025-02-20 00:41:35,006 - INFO - Copied and removed: E:\backup\files\Users\USER\.vscode-insiders\extensions\ms-vscode-remote.remote-containers-0.398.0\dev-containers-user-cli\ThirdPartyNotices.txt -> C:\Users\USER/Documents/Harvested_Data\W11-Vik_USER\2025-02-20_00-41-35\ThirdPartyNotices_1f39866a.txt
2025-02-20 00:41:35,031 - INFO - Copied and removed: E:\backup\files\Users\USER\.vscode-insiders\extensions\ms-vscode-remote.remote-ssh-0.117.1\LICENSE.txt -> C:\Users\USER/Documents/Harvested_Data\W11-Vik_USER\2025-02-20_00-41-35\LICENSE_75b72b0d.txt
2025-02-20 00:41:35,057 - INFO - Copied and removed: E:\backup\files\Users\USER\.vscode-insiders\extensions\ms-vscode-remote.remote-ssh-0.117.1\ThirdPartyNotices.txt -> C:\Users\USER/Documents/Harvested_Data\W11-Vik_USER\2025-02-20_00-41-35\ThirdPartyNotices_76d8517e.txt
2025-02-20 00:41:35,078 - INFO - Copied and removed: E:\backup\files\Users\USER\.vscode-insiders\extensions\ms-vscode-remote.remote-ssh-0.117.1\out\baselineTests.test.js.LICENSE.txt -> C:\Users\USER/Documents/Harvested_Data\W11-Vik_USER\2025-02-20_00-41-35\baselineTests.test.js.LICENSE_64f8e162.txt
2025-02-20 00:41:35,098 - INFO - Copied and removed: E:\backup\files\Users\USER\.vscode-insiders\extensions\ms-vscode-remote.remote-ssh-edit-0.87.0\LICENSE.txt -> C:\Users\USER/Documents/Harvested_Data\W11-Vik_USER\2025-02-20_00-41-35\LICENSE_75b72b0d.txt
2025-02-20 00:41:35,122 - INFO - Copied and removed: E:\backup\files\Users\USER\.vscode-insiders\extensions\ms-vscode-remote.remote-wsl-0.88.5\LICENSE.txt -> C:\Users\USER/Documents/Harvested_Data\W11-Vik_USER\2025-02-20_00-41-35\LICENSE_1439e18d.txt
2025-02-20 00:41:35,145 - INFO - Copied and removed: E:\backup\files\Users\USER\.vscode-insiders\extensions\ms-vscode-remote.remote-wsl-0.88.5\ThirdPartyNotices.txt -> C:\Users\USER/Documents/Harvested_Data\W11-Vik_USER\2025-02-20_00-41-35\ThirdPartyNotices_be491529.txt
2025-02-20 00:41:35,168 - INFO - Copied and removed: E:\backup\files\Users\USER\.vscode-insiders\extensions\ms-vscode-remote.vscode-remote-extensionpack-0.26.0\LICENSE.txt -> C:\Users\USER/Documents/Harvested_Data\W11-Vik_USER\2025-02-20_00-41-35\LICENSE_75b72b0d.txt
2025-02-20 00:41:35,188 - INFO - Copied and removed: E:\backup\files\Users\USER\.vscode-insiders\extensions\ms-vscode.azure-repos-0.41.2024112101\LICENSE.txt -> C:\Users\USER/Documents/Harvested_Data\W11-Vik_USER\2025-02-20_00-41-35\LICENSE_34d54d71.txt
2025-02-20 00:41:35,221 - INFO - Copied and removed: E:\backup\files\Users\USER\.vscode-insiders\extensions\ms-vscode.azure-repos-0.41.2024112101\ThirdPartyNotices.txt -> C:\Users\USER/Documents/Harvested_Data\W11-Vik_USER\2025-02-20_00-41-35\ThirdPartyNotices_0351f54d.txt
2025-02-20 00:41:35,238 - INFO - Copied and removed: E:\backup\files\Users\USER\.vscode-insiders\extensions\ms-vscode.cmake-tools-1.20.50\LICENSE.txt -> C:\Users\USER/Documents/Harvested_Data\W11-Vik_USER\2025-02-20_00-41-35\LICENSE_c00be37d.txt
2025-02-20 00:41:35,274 - INFO - Copied and removed: E:\backup\files\Users\USER\.vscode-insiders\extensions\ms-vscode.cmake-tools-1.20.50\ThirdPartyNotices.txt -> C:\Users\USER/Documents/Harvested_Data\W11-Vik_USER\2025-02-20_00-41-35\ThirdPartyNotices_6c5b20f2.txt
2025-02-20 00:41:35,298 - INFO - Copied and removed: E:\backup\files\Users\USER\.vscode-insiders\extensions\ms-vscode.cpptools-1.24.1-win32-x64\LICENSE.txt -> C:\Users\USER/Documents/Harvested_Data\W11-Vik_USER\2025-02-20_00-41-35\LICENSE_5cfc94d4.txt
2025-02-20 00:41:35,337 - INFO - Copied and removed: E:\backup\files\Users\USER\.vscode-insiders\extensions\ms-vscode.cpptools-1.24.1-win32-x64\ThirdPartyNotices.txt -> C:\Users\USER/Documents/Harvested_Data\W11-Vik_USER\2025-02-20_00-41-35\ThirdPartyNotices_8ffccd2c.txt
2025-02-20 00:41:35,358 - INFO - Copied and removed: E:\backup\files\Users\USER\.vscode-insiders\extensions\ms-vscode.cpptools-1.24.1-win32-x64\bin\LICENSE.txt -> C:\Users\USER/Documents/Harvested_Data\W11-Vik_USER\2025-02-20_00-41-35\LICENSE_5cfc94d4.txt
2025-02-20 00:41:35,386 - INFO - Copied and removed: E:\backup\files\Users\USER\.vscode-insiders\extensions\ms-vscode.cpptools-1.24.1-win32-x64\debugAdapters\vsdbg\cpp-license.txt -> C:\Users\USER/Documents/Harvested_Data\W11-Vik_USER\2025-02-20_00-41-35\cpp-license_bcc563a7.txt
2025-02-20 00:41:35,405 - INFO - Copied and removed: E:\backup\files\Users\USER\.vscode-insiders\extensions\ms-vscode.cpptools-extension-pack-1.3.0\LICENSE.txt -> C:\Users\USER/Documents/Harvested_Data\W11-Vik_USER\2025-02-20_00-41-35\LICENSE_0bb10d2a.txt
2025-02-20 00:41:35,422 - INFO - Copied and removed: E:\backup\files\Users\USER\.vscode-insiders\extensions\ms-vscode.cpptools-themes-2.0.0\LICENSE.txt -> C:\Users\USER/Documents/Harvested_Data\W11-Vik_USER\2025-02-20_00-41-35\LICENSE_f6a0106e.txt
2025-02-20 00:41:35,439 - INFO - Copied and removed: E:\backup\files\Users\USER\.vscode-insiders\extensions\ms-vscode.live-server-0.4.15\LICENSE.txt -> C:\Users\USER/Documents/Harvested_Data\W11-Vik_USER\2025-02-20_00-41-35\LICENSE_61f7eb78.txt
2025-02-20 00:41:35,465 - INFO - Copied and removed: E:\backup\files\Users\USER\.vscode-insiders\extensions\ms-vscode.live-server-0.4.15\ThirdPartyNotices.txt -> C:\Users\USER/Documents/Harvested_Data\W11-Vik_USER\2025-02-20_00-41-35\ThirdPartyNotices_69ed25f5.txt
2025-02-20 00:41:35,474 - INFO - Copied and removed: E:\backup\files\Users\USER\.vscode-insiders\extensions\ms-vscode.powershell-2025.1.0\LICENSE.txt -> C:\Users\USER/Documents/Harvested_Data\W11-Vik_USER\2025-02-20_00-41-35\LICENSE_296604f1.txt
2025-02-20 00:41:35,497 - INFO - Copied and removed: E:\backup\files\Users\USER\.vscode-insiders\extensions\ms-vscode.powershell-2025.1.0\NOTICE.txt -> C:\Users\USER/Documents/Harvested_Data\W11-Vik_USER\2025-02-20_00-41-35\NOTICE_5fbb03fc.txt
2025-02-20 00:41:35,528 - INFO - Copied and removed: E:\backup\files\Users\USER\.vscode-insiders\extensions\ms-vscode.powershell-2025.1.0\modules\NOTICE.txt -> C:\Users\USER/Documents/Harvested_Data\W11-Vik_USER\2025-02-20_00-41-35\NOTICE_6dafb4e4.txt
2025-02-20 00:41:35,654 - INFO - Copied and removed: E:\backup\files\Users\USER\.vscode-insiders\extensions\ms-vscode.powershell-2025.1.0\modules\PSReadLine\2.4.0\Changes.txt -> C:\Users\USER/Documents/Harvested_Data\W11-Vik_USER\2025-02-20_00-41-35\Changes_7ca6bd5f.txt
2025-02-20 00:41:35,663 - INFO - Copied and removed: E:\backup\files\Users\USER\.vscode-insiders\extensions\ms-vscode.powershell-2025.1.0\modules\PSReadLine\2.4.0\License.txt -> C:\Users\USER/Documents/Harvested_Data\W11-Vik_USER\2025-02-20_00-41-35\License_25c2fdfc.txt
2025-02-20 00:41:35,687 - INFO - Copied and removed: E:\backup\files\Users\USER\.vscode-insiders\extensions\ms-vscode.remote-explorer-0.4.3\LICENSE.txt -> C:\Users\USER/Documents/Harvested_Data\W11-Vik_USER\2025-02-20_00-41-35\LICENSE_1439e18d.txt
2025-02-20 00:41:35,708 - INFO - Copied and removed: E:\backup\files\Users\USER\.vscode-insiders\extensions\ms-vscode.remote-repositories-0.43.2024112101\LICENSE.txt -> C:\Users\USER/Documents/Harvested_Data\W11-Vik_USER\2025-02-20_00-41-35\LICENSE_7fa6949a.txt
2025-02-20 00:41:35,738 - INFO - Copied and removed: E:\backup\files\Users\USER\.vscode-insiders\extensions\ms-vscode.remote-repositories-0.43.2024112101\ThirdPartyNotices.txt -> C:\Users\USER/Documents/Harvested_Data\W11-Vik_USER\2025-02-20_00-41-35\ThirdPartyNotices_f489ddcc.txt
2025-02-20 00:41:35,758 - INFO - Copied and removed: E:\backup\files\Users\USER\.vscode-insiders\extensions\ms-vscode.remote-server-1.5.2\LICENSE.txt -> C:\Users\USER/Documents/Harvested_Data\W11-Vik_USER\2025-02-20_00-41-35\LICENSE_8f81f568.txt
2025-02-20 00:41:35,835 - INFO - Copied and removed: E:\backup\files\Users\USER\.vscode-insiders\extensions\ms-vscode.remote-server-1.5.2\ThirdPartyNotices.txt -> C:\Users\USER/Documents/Harvested_Data\W11-Vik_USER\2025-02-20_00-41-35\ThirdPartyNotices_9c281587.txt
2025-02-20 00:41:35,857 - INFO - Copied and removed: E:\backup\files\Users\USER\.vscode-insiders\extensions\ms-vscode.vscode-serial-monitor-0.13.250216001\LICENSE.txt -> C:\Users\USER/Documents/Harvested_Data\W11-Vik_USER\2025-02-20_00-41-35\LICENSE_d7e2b060.txt
2025-02-20 00:41:35,988 - INFO - Copied and removed: E:\backup\files\Users\USER\.vscode-insiders\extensions\ms-vscode.vscode-serial-monitor-0.13.250216001\NOTICE.txt -> C:\Users\USER/Documents/Harvested_Data\W11-Vik_USER\2025-02-20_00-41-35\NOTICE_9e2fa8e9.txt
2025-02-20 00:41:36,008 - INFO - Copied and removed: E:\backup\files\Users\USER\.vscode-insiders\extensions\ms-vscode.vscode-serial-monitor-0.13.250216001\dist\node_modules\usb\libusb\INSTALL_WIN.txt -> C:\Users\USER/Documents/Harvested_Data\W11-Vik_USER\2025-02-20_00-41-36\INSTALL_WIN_510722e6.txt
2025-02-20 00:41:36,033 - INFO - Copied and removed: E:\backup\files\Users\USER\.vscode-insiders\extensions\ms-vscode.vscode-speech-0.12.1-win32-x64\LICENSE.txt -> C:\Users\USER/Documents/Harvested_Data\W11-Vik_USER\2025-02-20_00-41-36\LICENSE_e9b00bdf.txt
2025-02-20 00:41:36,058 - INFO - Copied and removed: E:\backup\files\Users\USER\.vscode-insiders\extensions\ms-vscode.vscode-speech-0.12.1-win32-x64\ThirdPartyNotices.txt -> C:\Users\USER/Documents/Harvested_Data\W11-Vik_USER\2025-02-20_00-41-36\ThirdPartyNotices_f8dff078.txt
2025-02-20 00:41:36,087 - INFO - Copied and removed: E:\backup\files\Users\USER\.vscode-insiders\extensions\ms-vscode.vscode-speech-0.12.1-win32-x64\assets\stt\speechmodel.en-US.cpu.9.0.54436607\en_spellingrules.txt -> C:\Users\USER/Documents/Harvested_Data\W11-Vik_USER\2025-02-20_00-41-36\en_spellingrules_f1289a05.txt
2025-02-20 00:41:36,543 - INFO - Copied and removed: E:\backup\files\Users\USER\.vscode-insiders\extensions\ms-vscode.vscode-speech-0.12.1-win32-x64\assets\stt\speechmodel.en-US.cpu.9.0.54436607\punct\en-us_explicitPuncRules.txt -> C:\Users\USER/Documents/Harvested_Data\W11-Vik_USER\2025-02-20_00-41-36\en-us_explicitPuncRules_603e65e2.txt
2025-02-20 00:41:36,576 - INFO - Copied and removed: E:\backup\files\Users\USER\.vscode-insiders\extensions\ms-vscode.vscode-speech-0.12.1-win32-x64\assets\stt\speechmodel.en-US.cpu.9.0.54436607\punct\w2i.txt -> C:\Users\USER/Documents/Harvested_Data\W11-Vik_USER\2025-02-20_00-41-36\w2i_d6cf90ef.txt
2025-02-20 00:41:36,593 - INFO - Copied and removed: E:\backup\files\Users\USER\.vscode-insiders\extensions\njpwerner.autodocstring-0.6.1\LICENSE.txt -> C:\Users\USER/Documents/Harvested_Data\W11-Vik_USER\2025-02-20_00-41-36\LICENSE_b45dabfc.txt
2025-02-20 00:41:36,613 - INFO - Copied and removed: E:\backup\files\Users\USER\.vscode-insiders\extensions\pranaygp.vscode-css-peek-4.4.1\LICENSE.txt -> C:\Users\USER/Documents/Harvested_Data\W11-Vik_USER\2025-02-20_00-41-36\LICENSE_4fc7625c.txt
2025-02-20 00:41:36,633 - INFO - Copied and removed: E:\backup\files\Users\USER\.vscode-insiders\extensions\pranaygp.vscode-css-peek-4.4.1\client\node_modules\@microsoft\1ds-core-js\LICENSE.TXT -> C:\Users\USER/Documents/Harvested_Data\W11-Vik_USER\2025-02-20_00-41-36\LICENSE_4eef6bf0.TXT
2025-02-20 00:41:36,641 - INFO - Copied and removed: E:\backup\files\Users\USER\.vscode-insiders\extensions\pranaygp.vscode-css-peek-4.4.1\client\node_modules\@microsoft\1ds-post-js\LICENSE.TXT -> C:\Users\USER/Documents/Harvested_Data\W11-Vik_USER\2025-02-20_00-41-36\LICENSE_4eef6bf0.TXT
2025-02-20 00:41:36,660 - INFO - Copied and removed: E:\backup\files\Users\USER\.vscode-insiders\extensions\pranaygp.vscode-css-peek-4.4.1\client\node_modules\vscode-jsonrpc\License.txt -> C:\Users\USER/Documents/Harvested_Data\W11-Vik_USER\2025-02-20_00-41-36\License_ec9ee835.txt
2025-02-20 00:41:36,668 - INFO - Copied and removed: E:\backup\files\Users\USER\.vscode-insiders\extensions\pranaygp.vscode-css-peek-4.4.1\client\node_modules\vscode-languageclient\License.txt -> C:\Users\USER/Documents/Harvested_Data\W11-Vik_USER\2025-02-20_00-41-36\License_ec9ee835.txt
2025-02-20 00:41:36,677 - INFO - Copied and removed: E:\backup\files\Users\USER\.vscode-insiders\extensions\pranaygp.vscode-css-peek-4.4.1\client\node_modules\vscode-languageserver-protocol\License.txt -> C:\Users\USER/Documents/Harvested_Data\W11-Vik_USER\2025-02-20_00-41-36\License_ec9ee835.txt
2025-02-20 00:41:36,685 - INFO - Copied and removed: E:\backup\files\Users\USER\.vscode-insiders\extensions\pranaygp.vscode-css-peek-4.4.1\client\node_modules\vscode-languageserver-protocol\thirdpartynotices.txt -> C:\Users\USER/Documents/Harvested_Data\W11-Vik_USER\2025-02-20_00-41-36\thirdpartynotices_9265d27c.txt
2025-02-20 00:41:36,693 - INFO - Copied and removed: E:\backup\files\Users\USER\.vscode-insiders\extensions\pranaygp.vscode-css-peek-4.4.1\client\node_modules\vscode-languageserver-types\License.txt -> C:\Users\USER/Documents/Harvested_Data\W11-Vik_USER\2025-02-20_00-41-36\License_ec9ee835.txt
2025-02-20 00:41:36,701 - INFO - Copied and removed: E:\backup\files\Users\USER\.vscode-insiders\extensions\pranaygp.vscode-css-peek-4.4.1\server\node_modules\@microsoft\1ds-core-js\LICENSE.TXT -> C:\Users\USER/Documents/Harvested_Data\W11-Vik_USER\2025-02-20_00-41-36\LICENSE_4eef6bf0.TXT
2025-02-20 00:41:36,708 - INFO - Copied and removed: E:\backup\files\Users\USER\.vscode-insiders\extensions\pranaygp.vscode-css-peek-4.4.1\server\node_modules\@microsoft\1ds-post-js\LICENSE.TXT -> C:\Users\USER/Documents/Harvested_Data\W11-Vik_USER\2025-02-20_00-41-36\LICENSE_4eef6bf0.TXT
2025-02-20 00:41:36,726 - INFO - Copied and removed: E:\backup\files\Users\USER\.vscode-insiders\extensions\pranaygp.vscode-css-peek-4.4.1\server\node_modules\vscode-css-languageservice\thirdpartynotices.txt -> C:\Users\USER/Documents/Harvested_Data\W11-Vik_USER\2025-02-20_00-41-36\thirdpartynotices_7b1779ac.txt
2025-02-20 00:41:36,746 - INFO - Copied and removed: E:\backup\files\Users\USER\.vscode-insiders\extensions\pranaygp.vscode-css-peek-4.4.1\server\node_modules\vscode-html-languageservice\thirdpartynotices.txt -> C:\Users\USER/Documents/Harvested_Data\W11-Vik_USER\2025-02-20_00-41-36\thirdpartynotices_6fac6885.txt
2025-02-20 00:41:36,756 - INFO - Copied and removed: E:\backup\files\Users\USER\.vscode-insiders\extensions\pranaygp.vscode-css-peek-4.4.1\server\node_modules\vscode-jsonrpc\License.txt -> C:\Users\USER/Documents/Harvested_Data\W11-Vik_USER\2025-02-20_00-41-36\License_ec9ee835.txt
2025-02-20 00:41:36,763 - INFO - Copied and removed: E:\backup\files\Users\USER\.vscode-insiders\extensions\pranaygp.vscode-css-peek-4.4.1\server\node_modules\vscode-languageserver\License.txt -> C:\Users\USER/Documents/Harvested_Data\W11-Vik_USER\2025-02-20_00-41-36\License_ec9ee835.txt
2025-02-20 00:41:36,788 - INFO - Copied and removed: E:\backup\files\Users\USER\.vscode-insiders\extensions\pranaygp.vscode-css-peek-4.4.1\server\node_modules\vscode-languageserver\thirdpartynotices.txt -> C:\Users\USER/Documents/Harvested_Data\W11-Vik_USER\2025-02-20_00-41-36\thirdpartynotices_b8be93a1.txt
2025-02-20 00:41:36,796 - INFO - Copied and removed: E:\backup\files\Users\USER\.vscode-insiders\extensions\pranaygp.vscode-css-peek-4.4.1\server\node_modules\vscode-languageserver-protocol\License.txt -> C:\Users\USER/Documents/Harvested_Data\W11-Vik_USER\2025-02-20_00-41-36\License_ec9ee835.txt
2025-02-20 00:41:36,806 - INFO - Copied and removed: E:\backup\files\Users\USER\.vscode-insiders\extensions\pranaygp.vscode-css-peek-4.4.1\server\node_modules\vscode-languageserver-protocol\thirdpartynotices.txt -> C:\Users\USER/Documents/Harvested_Data\W11-Vik_USER\2025-02-20_00-41-36\thirdpartynotices_9265d27c.txt
2025-02-20 00:41:36,814 - INFO - Copied and removed: E:\backup\files\Users\USER\.vscode-insiders\extensions\pranaygp.vscode-css-peek-4.4.1\server\node_modules\vscode-languageserver-textdocument\License.txt -> C:\Users\USER/Documents/Harvested_Data\W11-Vik_USER\2025-02-20_00-41-36\License_ec9ee835.txt
2025-02-20 00:41:36,823 - INFO - Copied and removed: E:\backup\files\Users\USER\.vscode-insiders\extensions\pranaygp.vscode-css-peek-4.4.1\server\node_modules\vscode-languageserver-types\License.txt -> C:\Users\USER/Documents/Harvested_Data\W11-Vik_USER\2025-02-20_00-41-36\License_ec9ee835.txt
2025-02-20 00:41:36,838 - INFO - Copied and removed: E:\backup\files\Users\USER\.vscode-insiders\extensions\ritwickdey.liveserver-5.7.9\LICENSE.txt -> C:\Users\USER/Documents/Harvested_Data\W11-Vik_USER\2025-02-20_00-41-36\LICENSE_8321bedb.txt
2025-02-20 00:41:36,862 - INFO - Copied and removed: E:\backup\files\Users\USER\.vscode-insiders\extensions\ritwickdey.liveserver-5.7.9\node_modules\bcryptjs\tests\quickbrown.txt -> C:\Users\USER/Documents/Harvested_Data\W11-Vik_USER\2025-02-20_00-41-36\quickbrown_0921345a.txt
2025-02-20 00:41:36,877 - INFO - Copied and removed: E:\backup\files\Users\USER\.vscode-insiders\extensions\ritwickdey.liveserver-5.7.9\node_modules\circular-json\LICENSE.txt -> C:\Users\USER/Documents/Harvested_Data\W11-Vik_USER\2025-02-20_00-41-36\LICENSE_aa7c48d3.txt
2025-02-20 00:41:36,893 - INFO - Copied and removed: E:\backup\files\Users\USER\.vscode-insiders\extensions\ritwickdey.liveserver-5.7.9\node_modules\esquery\license.txt -> C:\Users\USER/Documents/Harvested_Data\W11-Vik_USER\2025-02-20_00-41-36\license_ac68116a.txt
2025-02-20 00:41:36,909 - INFO - Copied and removed: E:\backup\files\Users\USER\.vscode-insiders\extensions\ritwickdey.liveserver-5.7.9\node_modules\path-is-inside\LICENSE.txt -> C:\Users\USER/Documents/Harvested_Data\W11-Vik_USER\2025-02-20_00-41-36\LICENSE_0e356f8c.txt
2025-02-20 00:41:36,931 - INFO - Copied and removed: E:\backup\files\Users\USER\.vscode-insiders\extensions\ritwickdey.liveserver-5.7.9\node_modules\vsls\LICENSE.txt -> C:\Users\USER/Documents/Harvested_Data\W11-Vik_USER\2025-02-20_00-41-36\LICENSE_6d0dac82.txt
2025-02-20 00:41:36,949 - INFO - Copied and removed: E:\backup\files\Users\USER\.vscode-insiders\extensions\rogalmic.bash-debug-0.3.9\LICENSE.txt -> C:\Users\USER/Documents/Harvested_Data\W11-Vik_USER\2025-02-20_00-41-36\LICENSE_79ffc2ad.txt
2025-02-20 00:41:36,964 - INFO - Copied and removed: E:\backup\files\Users\USER\.vscode-insiders\extensions\rogalmic.bash-debug-0.3.9\node_modules\vscode-debugadapter\LICENSE.txt -> C:\Users\USER/Documents/Harvested_Data\W11-Vik_USER\2025-02-20_00-41-36\LICENSE_3ead76b8.txt
2025-02-20 00:41:36,982 - INFO - Copied and removed: E:\backup\files\Users\USER\.vscode-insiders\extensions\rogalmic.bash-debug-0.3.9\node_modules\vscode-debugadapter\thirdpartynotices.txt -> C:\Users\USER/Documents/Harvested_Data\W11-Vik_USER\2025-02-20_00-41-36\thirdpartynotices_628a92e5.txt
2025-02-20 00:41:36,991 - INFO - Copied and removed: E:\backup\files\Users\USER\.vscode-insiders\extensions\rogalmic.bash-debug-0.3.9\node_modules\vscode-debugprotocol\LICENSE.txt -> C:\Users\USER/Documents/Harvested_Data\W11-Vik_USER\2025-02-20_00-41-36\LICENSE_3ead76b8.txt
2025-02-20 00:41:37,011 - INFO - Copied and removed: E:\backup\files\Users\USER\.vscode-insiders\extensions\rust-lang.rust-analyzer-0.4.2296-win32-x64\LICENSE.txt -> C:\Users\USER/Documents/Harvested_Data\W11-Vik_USER\2025-02-20_00-41-37\LICENSE_7b4f77d5.txt
2025-02-20 00:41:37,027 - INFO - Copied and removed: E:\backup\files\Users\USER\.vscode-insiders\extensions\samdev.arcade-vsc-0.6.4\LICENSE.txt -> C:\Users\USER/Documents/Harvested_Data\W11-Vik_USER\2025-02-20_00-41-37\LICENSE_d3d7d8cf.txt
2025-02-20 00:41:37,036 - INFO - Copied and removed: E:\backup\files\Users\USER\.vscode-insiders\extensions\samdev.arcade-vsc-0.7.1\LICENSE.txt -> C:\Users\USER/Documents/Harvested_Data\W11-Vik_USER\2025-02-20_00-41-37\LICENSE_d3d7d8cf.txt
2025-02-20 00:41:37,057 - INFO - Copied and removed: E:\backup\files\Users\USER\.vscode-insiders\extensions\samual.hackmud-color-0.5.0\LICENSE.txt -> C:\Users\USER/Documents/Harvested_Data\W11-Vik_USER\2025-02-20_00-41-37\LICENSE_3972dc97.txt
2025-02-20 00:41:37,075 - INFO - Copied and removed: E:\backup\files\Users\USER\.vscode-insiders\extensions\samual.hackmud-color-0.5.0\node_modules\typescript\LICENSE.txt -> C:\Users\USER/Documents/Harvested_Data\W11-Vik_USER\2025-02-20_00-41-37\LICENSE_a7d00bfd.txt
2025-02-20 00:41:37,100 - INFO - Copied and removed: E:\backup\files\Users\USER\.vscode-insiders\extensions\samual.hackmud-color-0.5.0\node_modules\typescript\ThirdPartyNoticeText.txt -> C:\Users\USER/Documents/Harvested_Data\W11-Vik_USER\2025-02-20_00-41-37\ThirdPartyNoticeText_0a64d268.txt
2025-02-20 00:41:37,115 - INFO - Copied and removed: E:\backup\files\Users\USER\.vscode-insiders\extensions\serayuzgur.crates-0.6.7\LICENSE.txt -> C:\Users\USER/Documents/Harvested_Data\W11-Vik_USER\2025-02-20_00-41-37\LICENSE_f80dc99e.txt
2025-02-20 00:41:37,138 - INFO - Copied and removed: E:\backup\files\Users\USER\.vscode-insiders\extensions\streetsidesoftware.code-spell-checker-4.0.34\LICENSE.txt -> C:\Users\USER/Documents/Harvested_Data\W11-Vik_USER\2025-02-20_00-41-37\LICENSE_af0cfb57.txt
2025-02-20 00:41:37,164 - INFO - Copied and removed: E:\backup\files\Users\USER\.vscode-insiders\extensions\streetsidesoftware.code-spell-checker-4.0.34\node_modules\@cspell\dict-al\dict\al.txt -> C:\Users\USER/Documents/Harvested_Data\W11-Vik_USER\2025-02-20_00-41-37\al_d432836f.txt
2025-02-20 00:41:37,188 - INFO - Copied and removed: E:\backup\files\Users\USER\.vscode-insiders\extensions\streetsidesoftware.code-spell-checker-4.0.34\node_modules\@cspell\dict-aws\dict\aws.txt -> C:\Users\USER/Documents/Harvested_Data\W11-Vik_USER\2025-02-20_00-41-37\aws_fb9d49e4.txt
2025-02-20 00:41:37,214 - INFO - Copied and removed: E:\backup\files\Users\USER\.vscode-insiders\extensions\streetsidesoftware.code-spell-checker-4.0.34\node_modules\@cspell\dict-companies\dict\companies.txt -> C:\Users\USER/Documents/Harvested_Data\W11-Vik_USER\2025-02-20_00-41-37\companies_917d859a.txt
2025-02-20 00:41:37,239 - INFO - Copied and removed: E:\backup\files\Users\USER\.vscode-insiders\extensions\streetsidesoftware.code-spell-checker-4.0.34\node_modules\@cspell\dict-cpp\dict\cpp-legacy.txt -> C:\Users\USER/Documents/Harvested_Data\W11-Vik_USER\2025-02-20_00-41-37\cpp-legacy_ca5bed29.txt
2025-02-20 00:41:37,263 - INFO - Copied and removed: E:\backup\files\Users\USER\.vscode-insiders\extensions\streetsidesoftware.code-spell-checker-4.0.34\node_modules\@cspell\dict-cpp\dict\cpp-refined.txt -> C:\Users\USER/Documents/Harvested_Data\W11-Vik_USER\2025-02-20_00-41-37\cpp-refined_23f33f49.txt
2025-02-20 00:41:37,308 - INFO - Copied and removed: E:\backup\files\Users\USER\.vscode-insiders\extensions\streetsidesoftware.code-spell-checker-4.0.34\node_modules\@cspell\dict-cpp\dict\cpp.txt -> C:\Users\USER/Documents/Harvested_Data\W11-Vik_USER\2025-02-20_00-41-37\cpp_0e170464.txt
2025-02-20 00:41:37,332 - INFO - Copied and removed: E:\backup\files\Users\USER\.vscode-insiders\extensions\streetsidesoftware.code-spell-checker-4.0.34\node_modules\@cspell\dict-cryptocurrencies\dict\cryptocurrencies.txt -> C:\Users\USER/Documents/Harvested_Data\W11-Vik_USER\2025-02-20_00-41-37\cryptocurrencies_701907b5.txt
2025-02-20 00:41:37,362 - INFO - Copied and removed: E:\backup\files\Users\USER\.vscode-insiders\extensions\streetsidesoftware.code-spell-checker-4.0.34\node_modules\@cspell\dict-css\dict\css.txt -> C:\Users\USER/Documents/Harvested_Data\W11-Vik_USER\2025-02-20_00-41-37\css_d756f3fe.txt
2025-02-20 00:41:37,379 - INFO - Copied and removed: E:\backup\files\Users\USER\.vscode-insiders\extensions\streetsidesoftware.code-spell-checker-4.0.34\node_modules\@cspell\dict-data-science\dict\data-science.txt -> C:\Users\USER/Documents/Harvested_Data\W11-Vik_USER\2025-02-20_00-41-37\data-science_49244100.txt
2025-02-20 00:41:37,408 - INFO - Copied and removed: E:\backup\files\Users\USER\.vscode-insiders\extensions\streetsidesoftware.code-spell-checker-4.0.34\node_modules\@cspell\dict-django\dict\django.txt -> C:\Users\USER/Documents/Harvested_Data\W11-Vik_USER\2025-02-20_00-41-37\django_6b3c4491.txt
2025-02-20 00:41:37,440 - INFO - Copied and removed: E:\backup\files\Users\USER\.vscode-insiders\extensions\streetsidesoftware.code-spell-checker-4.0.34\node_modules\@cspell\dict-dotnet\dict\dotnet.txt -> C:\Users\USER/Documents/Harvested_Data\W11-Vik_USER\2025-02-20_00-41-37\dotnet_3c7a5a03.txt
2025-02-20 00:41:37,457 - INFO - Copied and removed: E:\backup\files\Users\USER\.vscode-insiders\extensions\streetsidesoftware.code-spell-checker-4.0.34\node_modules\@cspell\dict-elixir\dict\elixir.txt -> C:\Users\USER/Documents/Harvested_Data\W11-Vik_USER\2025-02-20_00-41-37\elixir_8938299c.txt
2025-02-20 00:41:37,477 - INFO - Copied and removed: E:\backup\files\Users\USER\.vscode-insiders\extensions\streetsidesoftware.code-spell-checker-4.0.34\node_modules\@cspell\dict-en-gb\src\hunspell\README_en_GB.txt -> C:\Users\USER/Documents/Harvested_Data\W11-Vik_USER\2025-02-20_00-41-37\README_en_GB_c5c4080c.txt
2025-02-20 00:41:37,502 - INFO - Copied and removed: E:\backup\files\Users\USER\.vscode-insiders\extensions\streetsidesoftware.code-spell-checker-4.0.34\node_modules\@cspell\dict-en_us\src\aoo-mozilla-en-dict\README_en_US.txt -> C:\Users\USER/Documents/Harvested_Data\W11-Vik_USER\2025-02-20_00-41-37\README_en_US_168b4c01.txt
2025-02-20 00:41:37,524 - INFO - Copied and removed: E:\backup\files\Users\USER\.vscode-insiders\extensions\streetsidesoftware.code-spell-checker-4.0.34\node_modules\@cspell\dict-en_us\src\hunspell\README_en_US-large.txt -> C:\Users\USER/Documents/Harvested_Data\W11-Vik_USER\2025-02-20_00-41-37\README_en_US-large_97f2f7cb.txt
2025-02-20 00:41:37,546 - INFO - Copied and removed: E:\backup\files\Users\USER\.vscode-insiders\extensions\streetsidesoftware.code-spell-checker-4.0.34\node_modules\@cspell\dict-fonts\dict\fonts.txt -> C:\Users\USER/Documents/Harvested_Data\W11-Vik_USER\2025-02-20_00-41-37\fonts_99738a37.txt
2025-02-20 00:41:37,564 - INFO - Copied and removed: E:\backup\files\Users\USER\.vscode-insiders\extensions\streetsidesoftware.code-spell-checker-4.0.34\node_modules\@cspell\dict-fsharp\dict\fsharp.txt -> C:\Users\USER/Documents/Harvested_Data\W11-Vik_USER\2025-02-20_00-41-37\fsharp_7a92f5cf.txt
2025-02-20 00:41:37,586 - INFO - Copied and removed: E:\backup\files\Users\USER\.vscode-insiders\extensions\streetsidesoftware.code-spell-checker-4.0.34\node_modules\@cspell\dict-fullstack\dict\fullstack.txt -> C:\Users\USER/Documents/Harvested_Data\W11-Vik_USER\2025-02-20_00-41-37\fullstack_2f8f8091.txt
2025-02-20 00:41:37,615 - INFO - Copied and removed: E:\backup\files\Users\USER\.vscode-insiders\extensions\streetsidesoftware.code-spell-checker-4.0.34\node_modules\@cspell\dict-golang\dict\go.txt -> C:\Users\USER/Documents/Harvested_Data\W11-Vik_USER\2025-02-20_00-41-37\go_cf0d5399.txt
2025-02-20 00:41:37,641 - INFO - Copied and removed: E:\backup\files\Users\USER\.vscode-insiders\extensions\streetsidesoftware.code-spell-checker-4.0.34\node_modules\@cspell\dict-google\dict\google.txt -> C:\Users\USER/Documents/Harvested_Data\W11-Vik_USER\2025-02-20_00-41-37\google_f37caee3.txt
2025-02-20 00:41:37,668 - INFO - Copied and removed: E:\backup\files\Users\USER\.vscode-insiders\extensions\streetsidesoftware.code-spell-checker-4.0.34\node_modules\@cspell\dict-html\dict\html.txt -> C:\Users\USER/Documents/Harvested_Data\W11-Vik_USER\2025-02-20_00-41-37\html_b8af9dc8.txt
2025-02-20 00:41:37,690 - INFO - Copied and removed: E:\backup\files\Users\USER\.vscode-insiders\extensions\streetsidesoftware.code-spell-checker-4.0.34\node_modules\@cspell\dict-julia\dict\julia.txt -> C:\Users\USER/Documents/Harvested_Data\W11-Vik_USER\2025-02-20_00-41-37\julia_0e4eb20c.txt
2025-02-20 00:41:37,714 - INFO - Copied and removed: E:\backup\files\Users\USER\.vscode-insiders\extensions\streetsidesoftware.code-spell-checker-4.0.34\node_modules\@cspell\dict-k8s\dict\k8s.txt -> C:\Users\USER/Documents/Harvested_Data\W11-Vik_USER\2025-02-20_00-41-37\k8s_72f449ca.txt
2025-02-20 00:41:37,736 - INFO - Copied and removed: E:\backup\files\Users\USER\.vscode-insiders\extensions\streetsidesoftware.code-spell-checker-4.0.34\node_modules\@cspell\dict-latex\dict\latex.txt -> C:\Users\USER/Documents/Harvested_Data\W11-Vik_USER\2025-02-20_00-41-37\latex_77f0d07d.txt
2025-02-20 00:41:37,765 - INFO - Copied and removed: E:\backup\files\Users\USER\.vscode-insiders\extensions\streetsidesoftware.code-spell-checker-4.0.34\node_modules\@cspell\dict-lorem-ipsum\dict\lorem.txt -> C:\Users\USER/Documents/Harvested_Data\W11-Vik_USER\2025-02-20_00-41-37\lorem_514a97f2.txt
2025-02-20 00:41:37,795 - INFO - Copied and removed: E:\backup\files\Users\USER\.vscode-insiders\extensions\streetsidesoftware.code-spell-checker-4.0.34\node_modules\@cspell\dict-lua\dict\lua.txt -> C:\Users\USER/Documents/Harvested_Data\W11-Vik_USER\2025-02-20_00-41-37\lua_0db3d534.txt
2025-02-20 00:41:37,819 - INFO - Copied and removed: E:\backup\files\Users\USER\.vscode-insiders\extensions\streetsidesoftware.code-spell-checker-4.0.34\node_modules\@cspell\dict-makefile\dict\makefile.txt -> C:\Users\USER/Documents/Harvested_Data\W11-Vik_USER\2025-02-20_00-41-37\makefile_75a10a99.txt
2025-02-20 00:41:37,848 - INFO - Copied and removed: E:\backup\files\Users\USER\.vscode-insiders\extensions\streetsidesoftware.code-spell-checker-4.0.34\node_modules\@cspell\dict-node\dict\node.txt -> C:\Users\USER/Documents/Harvested_Data\W11-Vik_USER\2025-02-20_00-41-37\node_f00c3654.txt
2025-02-20 00:41:37,871 - INFO - Copied and removed: E:\backup\files\Users\USER\.vscode-insiders\extensions\streetsidesoftware.code-spell-checker-4.0.34\node_modules\@cspell\dict-npm\dict\npm.txt -> C:\Users\USER/Documents/Harvested_Data\W11-Vik_USER\2025-02-20_00-41-37\npm_f190fa50.txt
2025-02-20 00:41:37,897 - INFO - Copied and removed: E:\backup\files\Users\USER\.vscode-insiders\extensions\streetsidesoftware.code-spell-checker-4.0.34\node_modules\@cspell\dict-php\dict\php.txt -> C:\Users\USER/Documents/Harvested_Data\W11-Vik_USER\2025-02-20_00-41-37\php_a66044b5.txt
2025-02-20 00:41:37,923 - INFO - Copied and removed: E:\backup\files\Users\USER\.vscode-insiders\extensions\streetsidesoftware.code-spell-checker-4.0.34\node_modules\@cspell\dict-powershell\dict\powershell.txt -> C:\Users\USER/Documents/Harvested_Data\W11-Vik_USER\2025-02-20_00-41-37\powershell_910ecdea.txt
2025-02-20 00:41:37,951 - INFO - Copied and removed: E:\backup\files\Users\USER\.vscode-insiders\extensions\streetsidesoftware.code-spell-checker-4.0.34\node_modules\@cspell\dict-python\dict\python-common.txt -> C:\Users\USER/Documents/Harvested_Data\W11-Vik_USER\2025-02-20_00-41-37\python-common_00806a30.txt
2025-02-20 00:41:37,982 - INFO - Copied and removed: E:\backup\files\Users\USER\.vscode-insiders\extensions\streetsidesoftware.code-spell-checker-4.0.34\node_modules\@cspell\dict-python\dict\python.txt -> C:\Users\USER/Documents/Harvested_Data\W11-Vik_USER\2025-02-20_00-41-37\python_966a282a.txt
2025-02-20 00:41:38,004 - INFO - Copied and removed: E:\backup\files\Users\USER\.vscode-insiders\extensions\streetsidesoftware.code-spell-checker-4.0.34\node_modules\@cspell\dict-ruby\dict\ruby.txt -> C:\Users\USER/Documents/Harvested_Data\W11-Vik_USER\2025-02-20_00-41-38\ruby_d450eeff.txt
2025-02-20 00:41:38,035 - INFO - Copied and removed: E:\backup\files\Users\USER\.vscode-insiders\extensions\streetsidesoftware.code-spell-checker-4.0.34\node_modules\@cspell\dict-scala\dict\scala.txt -> C:\Users\USER/Documents/Harvested_Data\W11-Vik_USER\2025-02-20_00-41-38\scala_58ef4eab.txt
2025-02-20 00:41:38,054 - INFO - Copied and removed: E:\backup\files\Users\USER\.vscode-insiders\extensions\streetsidesoftware.code-spell-checker-4.0.34\node_modules\@cspell\dict-shell\dict\bash-words.txt -> C:\Users\USER/Documents/Harvested_Data\W11-Vik_USER\2025-02-20_00-41-38\bash-words_bd8dd123.txt
2025-02-20 00:41:38,076 - INFO - Copied and removed: E:\backup\files\Users\USER\.vscode-insiders\extensions\streetsidesoftware.code-spell-checker-4.0.34\node_modules\@cspell\dict-shell\dict\shell-all-words.txt -> C:\Users\USER/Documents/Harvested_Data\W11-Vik_USER\2025-02-20_00-41-38\shell-all-words_a8cc76b7.txt
2025-02-20 00:41:38,104 - INFO - Copied and removed: E:\backup\files\Users\USER\.vscode-insiders\extensions\streetsidesoftware.code-spell-checker-4.0.34\node_modules\@cspell\dict-software-terms\dict\softwareTerms.txt -> C:\Users\USER/Documents/Harvested_Data\W11-Vik_USER\2025-02-20_00-41-38\softwareTerms_b890f443.txt
2025-02-20 00:41:38,122 - INFO - Copied and removed: E:\backup\files\Users\USER\.vscode-insiders\extensions\streetsidesoftware.code-spell-checker-4.0.34\node_modules\@cspell\dict-svelte\dict\svelte.txt -> C:\Users\USER/Documents/Harvested_Data\W11-Vik_USER\2025-02-20_00-41-38\svelte_d2a3037e.txt
2025-02-20 00:41:38,195 - INFO - Copied and removed: E:\backup\files\Users\USER\.vscode-insiders\extensions\streetsidesoftware.code-spell-checker-4.0.34\node_modules\@cspell\dict-typescript\dict\typescript.txt -> C:\Users\USER/Documents/Harvested_Data\W11-Vik_USER\2025-02-20_00-41-38\typescript_fc1f0f94.txt
2025-02-20 00:41:38,210 - INFO - Copied and removed: E:\backup\files\Users\USER\.vscode-insiders\extensions\streetsidesoftware.code-spell-checker-4.0.34\packages\client\License.txt -> C:\Users\USER/Documents/Harvested_Data\W11-Vik_USER\2025-02-20_00-41-38\License_a256ce0a.txt
2025-02-20 00:41:38,228 - INFO - Copied and removed: E:\backup\files\Users\USER\.vscode-insiders\extensions\sumneko.lua-3.13.6-win32-x64\LICENSE.txt -> C:\Users\USER/Documents/Harvested_Data\W11-Vik_USER\2025-02-20_00-41-38\LICENSE_2d176ca9.txt
2025-02-20 00:41:38,252 - INFO - Copied and removed: E:\backup\files\Users\USER\.vscode-insiders\extensions\sumneko.lua-3.13.6-win32-x64\client\node_modules\is-arrayish\yarn-error.log -> C:\Users\USER/Documents/Harvested_Data\W11-Vik_USER\2025-02-20_00-41-38\yarn-error_e342dd95.log
2025-02-20 00:41:38,274 - INFO - Copied and removed: E:\backup\files\Users\USER\.vscode-insiders\extensions\sumneko.lua-3.13.6-win32-x64\client\node_modules\typescript\LICENSE.txt -> C:\Users\USER/Documents/Harvested_Data\W11-Vik_USER\2025-02-20_00-41-38\LICENSE_a7d00bfd.txt
2025-02-20 00:41:38,297 - INFO - Copied and removed: E:\backup\files\Users\USER\.vscode-insiders\extensions\sumneko.lua-3.13.6-win32-x64\client\node_modules\typescript\ThirdPartyNoticeText.txt -> C:\Users\USER/Documents/Harvested_Data\W11-Vik_USER\2025-02-20_00-41-38\ThirdPartyNoticeText_1af3c680.txt
2025-02-20 00:41:38,308 - INFO - Copied and removed: E:\backup\files\Users\USER\.vscode-insiders\extensions\sumneko.lua-3.13.6-win32-x64\client\node_modules\vscode-jsonrpc\License.txt -> C:\Users\USER/Documents/Harvested_Data\W11-Vik_USER\2025-02-20_00-41-38\License_ec9ee835.txt
2025-02-20 00:41:38,317 - INFO - Copied and removed: E:\backup\files\Users\USER\.vscode-insiders\extensions\sumneko.lua-3.13.6-win32-x64\client\node_modules\vscode-languageclient\License.txt -> C:\Users\USER/Documents/Harvested_Data\W11-Vik_USER\2025-02-20_00-41-38\License_ec9ee835.txt
2025-02-20 00:41:38,325 - INFO - Copied and removed: E:\backup\files\Users\USER\.vscode-insiders\extensions\sumneko.lua-3.13.6-win32-x64\client\node_modules\vscode-languageserver-protocol\License.txt -> C:\Users\USER/Documents/Harvested_Data\W11-Vik_USER\2025-02-20_00-41-38\License_ec9ee835.txt
2025-02-20 00:41:38,334 - INFO - Copied and removed: E:\backup\files\Users\USER\.vscode-insiders\extensions\sumneko.lua-3.13.6-win32-x64\client\node_modules\vscode-languageserver-protocol\thirdpartynotices.txt -> C:\Users\USER/Documents/Harvested_Data\W11-Vik_USER\2025-02-20_00-41-38\thirdpartynotices_9265d27c.txt
2025-02-20 00:41:38,342 - INFO - Copied and removed: E:\backup\files\Users\USER\.vscode-insiders\extensions\sumneko.lua-3.13.6-win32-x64\client\node_modules\vscode-languageserver-types\License.txt -> C:\Users\USER/Documents/Harvested_Data\W11-Vik_USER\2025-02-20_00-41-38\License_ec9ee835.txt
2025-02-20 00:41:38,367 - INFO - Copied and removed: E:\backup\files\Users\USER\.vscode-insiders\extensions\sumneko.lua-3.13.6-win32-x64\server\log\file_c%3A_Users_USER_OneDrive_Documentos_Minecraft%20CC.log -> C:\Users\USER/Documents/Harvested_Data\W11-Vik_USER\2025-02-20_00-41-38\file_c%3A_Users_USER_OneDrive_Documentos_Minecraft%20CC_58027b7f.log
2025-02-20 00:41:38,387 - INFO - Copied and removed: E:\backup\files\Users\USER\.vscode-insiders\extensions\sumneko.lua-3.13.6-win32-x64\server\log\service.log -> C:\Users\USER/Documents/Harvested_Data\W11-Vik_USER\2025-02-20_00-41-38\service_96d3f528.log
2025-02-20 00:41:38,461 - INFO - Copied and removed: E:\backup\files\Users\USER\.vscode-insiders\extensions\sumneko.lua-3.13.6-win32-x64\server\meta\spell\dictionary.txt -> C:\Users\USER/Documents/Harvested_Data\W11-Vik_USER\2025-02-20_00-41-38\dictionary_864c0346.txt
2025-02-20 00:41:38,480 - INFO - Copied and removed: E:\backup\files\Users\USER\.vscode-insiders\extensions\sumneko.lua-3.13.6-win32-x64\server\meta\spell\lua_dict.txt -> C:\Users\USER/Documents/Harvested_Data\W11-Vik_USER\2025-02-20_00-41-38\lua_dict_840e4473.txt
2025-02-20 00:41:38,497 - INFO - Copied and removed: E:\backup\files\Users\USER\.vscode-insiders\extensions\teabyii.ayu-1.0.5\LICENSE.txt -> C:\Users\USER/Documents/Harvested_Data\W11-Vik_USER\2025-02-20_00-41-38\LICENSE_e0af0e0d.txt
2025-02-20 00:41:38,514 - INFO - Copied and removed: E:\backup\files\Users\USER\.vscode-insiders\extensions\tgosystems.togglebracketguides-0.1.6\LICENSE.txt -> C:\Users\USER/Documents/Harvested_Data\W11-Vik_USER\2025-02-20_00-41-38\LICENSE_9b859e92.txt
2025-02-20 00:41:38,531 - INFO - Copied and removed: E:\backup\files\Users\USER\.vscode-insiders\extensions\timonwong.shellcheck-0.37.6-win32-x64\LICENSE.txt -> C:\Users\USER/Documents/Harvested_Data\W11-Vik_USER\2025-02-20_00-41-38\LICENSE_7e92198c.txt
2025-02-20 00:41:38,552 - INFO - Copied and removed: E:\backup\files\Users\USER\.vscode-insiders\extensions\timonwong.shellcheck-0.37.6-win32-x64\binaries\win32\x64\LICENSE.txt -> C:\Users\USER/Documents/Harvested_Data\W11-Vik_USER\2025-02-20_00-41-38\LICENSE_3972dc97.txt
2025-02-20 00:41:38,567 - INFO - Copied and removed: E:\backup\files\Users\USER\.vscode-insiders\extensions\twxs.cmake-0.0.17\LICENSE.txt -> C:\Users\USER/Documents/Harvested_Data\W11-Vik_USER\2025-02-20_00-41-38\LICENSE_f5dd38bb.txt
2025-02-20 00:41:38,587 - INFO - Copied and removed: E:\backup\files\Users\USER\.vscode-insiders\extensions\twxs.cmake-0.0.17\node_modules\opener\LICENSE.txt -> C:\Users\USER/Documents/Harvested_Data\W11-Vik_USER\2025-02-20_00-41-38\LICENSE_5b380874.txt
2025-02-20 00:41:38,604 - INFO - Copied and removed: E:\backup\files\Users\USER\.vscode-insiders\extensions\usernamehw.errorlens-3.23.0\LICENSE.txt -> C:\Users\USER/Documents/Harvested_Data\W11-Vik_USER\2025-02-20_00-41-38\LICENSE_6c34860f.txt
2025-02-20 00:41:38,621 - INFO - Copied and removed: E:\backup\files\Users\USER\.vscode-insiders\extensions\vscode-icons-team.vscode-icons-12.11.0\LICENSE.txt -> C:\Users\USER/Documents/Harvested_Data\W11-Vik_USER\2025-02-20_00-41-38\LICENSE_c0878418.txt
2025-02-20 00:41:38,638 - INFO - Copied and removed: E:\backup\files\Users\USER\.vscode-insiders\extensions\vscode-icons-team.vscode-icons-12.11.0\dist\src\vscode-icons.bundle.js.LICENSE.txt -> C:\Users\USER/Documents/Harvested_Data\W11-Vik_USER\2025-02-20_00-41-38\vscode-icons.bundle.js.LICENSE_8d4a5e00.txt
2025-02-20 00:41:38,656 - INFO - Copied and removed: E:\backup\files\Users\USER\.vscode-insiders\extensions\wakatime.vscode-wakatime-25.0.0\LICENSE.txt -> C:\Users\USER/Documents/Harvested_Data\W11-Vik_USER\2025-02-20_00-41-38\LICENSE_6614408f.txt
2025-02-20 00:41:38,675 - INFO - Copied and removed: E:\backup\files\Users\USER\.vscode-insiders\extensions\wakatime.vscode-wakatime-25.0.0\dist\extension.js.LICENSE.txt -> C:\Users\USER/Documents/Harvested_Data\W11-Vik_USER\2025-02-20_00-41-38\extension.js.LICENSE_0831ae7c.txt
2025-02-20 00:41:38,698 - INFO - Copied and removed: E:\backup\files\Users\USER\.vscode-insiders\extensions\wattenberger.footsteps-0.5.0\LICENSE.txt -> C:\Users\USER/Documents/Harvested_Data\W11-Vik_USER\2025-02-20_00-41-38\LICENSE_db1114a2.txt
2025-02-20 00:41:38,779 - INFO - Copied and removed: E:\backup\files\Users\USER\.vscode-insiders\extensions\yinfei.luahelper-0.2.29\node_modules\azure-devops-node-api\ThirdPartyNotice.txt -> C:\Users\USER/Documents/Harvested_Data\W11-Vik_USER\2025-02-20_00-41-38\ThirdPartyNotice_18241a23.txt
2025-02-20 00:41:38,799 - INFO - Copied and removed: E:\backup\files\Users\USER\.vscode-insiders\extensions\yinfei.luahelper-0.2.29\node_modules\colors\MIT-LICENSE.txt -> C:\Users\USER/Documents/Harvested_Data\W11-Vik_USER\2025-02-20_00-41-38\MIT-LICENSE_bf31c5ee.txt
2025-02-20 00:41:38,808 - INFO - Copied and removed: E:\backup\files\Users\USER\.vscode-insiders\extensions\yinfei.luahelper-0.2.29\node_modules\he\LICENSE-MIT.txt -> C:\Users\USER/Documents/Harvested_Data\W11-Vik_USER\2025-02-20_00-41-38\LICENSE-MIT_483acb26.txt
2025-02-20 00:41:38,835 - INFO - Copied and removed: E:\backup\files\Users\USER\.vscode-insiders\extensions\yinfei.luahelper-0.2.29\node_modules\path-reader\LICENSE.txt -> C:\Users\USER/Documents/Harvested_Data\W11-Vik_USER\2025-02-20_00-41-38\LICENSE_af6d4e4f.txt
2025-02-20 00:41:38,846 - INFO - Copied and removed: E:\backup\files\Users\USER\.vscode-insiders\extensions\yinfei.luahelper-0.2.29\node_modules\prebuild-install\help.txt -> C:\Users\USER/Documents/Harvested_Data\W11-Vik_USER\2025-02-20_00-41-38\help_e8e4b86f.txt
2025-02-20 00:41:38,884 - INFO - Copied and removed: E:\backup\files\Users\USER\.vscode-insiders\extensions\yinfei.luahelper-0.2.29\node_modules\typed-rest-client\ThirdPartyNotice.txt -> C:\Users\USER/Documents/Harvested_Data\W11-Vik_USER\2025-02-20_00-41-38\ThirdPartyNotice_57749670.txt
2025-02-20 00:41:38,895 - INFO - Copied and removed: E:\backup\files\Users\USER\.vscode-insiders\extensions\yinfei.luahelper-0.2.29\node_modules\uc.micro\LICENSE.txt -> C:\Users\USER/Documents/Harvested_Data\W11-Vik_USER\2025-02-20_00-41-38\LICENSE_483acb26.txt
2025-02-20 00:41:38,927 - INFO - Copied and removed: E:\backup\files\Users\USER\.vscode-insiders\extensions\yinfei.luahelper-0.2.29\node_modules\utf8\LICENSE-GPL.txt -> C:\Users\USER/Documents/Harvested_Data\W11-Vik_USER\2025-02-20_00-41-38\LICENSE-GPL_79f07878.txt
2025-02-20 00:41:38,946 - INFO - Copied and removed: E:\backup\files\Users\USER\.vscode-insiders\extensions\yinfei.luahelper-0.2.29\node_modules\utf8\LICENSE-MIT.txt -> C:\Users\USER/Documents/Harvested_Data\W11-Vik_USER\2025-02-20_00-41-38\LICENSE-MIT_1e234f86.txt
2025-02-20 00:41:38,981 - INFO - Copied and removed: E:\backup\files\Users\USER\.vscode-insiders\extensions\yinfei.luahelper-0.2.29\node_modules\vsce\ThirdPartyNotices.txt -> C:\Users\USER/Documents/Harvested_Data\W11-Vik_USER\2025-02-20_00-41-38\ThirdPartyNotices_e5ecc8d0.txt
2025-02-20 00:41:39,003 - INFO - Copied and removed: E:\backup\files\Users\USER\.vscode-insiders\extensions\yinfei.luahelper-0.2.29\node_modules\vscode\thirdpartynotices.txt -> C:\Users\USER/Documents/Harvested_Data\W11-Vik_USER\2025-02-20_00-41-39\thirdpartynotices_893b11be.txt
2025-02-20 00:41:39,014 - INFO - Copied and removed: E:\backup\files\Users\USER\.vscode-insiders\extensions\yinfei.luahelper-0.2.29\node_modules\vscode-debugadapter\LICENSE.txt -> C:\Users\USER/Documents/Harvested_Data\W11-Vik_USER\2025-02-20_00-41-39\LICENSE_3ead76b8.txt
2025-02-20 00:41:39,027 - INFO - Copied and removed: E:\backup\files\Users\USER\.vscode-insiders\extensions\yinfei.luahelper-0.2.29\node_modules\vscode-debugadapter\thirdpartynotices.txt -> C:\Users\USER/Documents/Harvested_Data\W11-Vik_USER\2025-02-20_00-41-39\thirdpartynotices_628a92e5.txt
2025-02-20 00:41:39,037 - INFO - Copied and removed: E:\backup\files\Users\USER\.vscode-insiders\extensions\yinfei.luahelper-0.2.29\node_modules\vscode-debugprotocol\LICENSE.txt -> C:\Users\USER/Documents/Harvested_Data\W11-Vik_USER\2025-02-20_00-41-39\LICENSE_3ead76b8.txt
2025-02-20 00:41:39,046 - INFO - Copied and removed: E:\backup\files\Users\USER\.vscode-insiders\extensions\yinfei.luahelper-0.2.29\node_modules\vscode-jsonrpc\License.txt -> C:\Users\USER/Documents/Harvested_Data\W11-Vik_USER\2025-02-20_00-41-39\License_ec9ee835.txt
2025-02-20 00:41:39,058 - INFO - Copied and removed: E:\backup\files\Users\USER\.vscode-insiders\extensions\yinfei.luahelper-0.2.29\node_modules\vscode-languageclient\License.txt -> C:\Users\USER/Documents/Harvested_Data\W11-Vik_USER\2025-02-20_00-41-39\License_ec9ee835.txt
2025-02-20 00:41:39,080 - INFO - Copied and removed: E:\backup\files\Users\USER\.vscode-insiders\extensions\yinfei.luahelper-0.2.29\node_modules\vscode-languageclient\thirdpartynotices.txt -> C:\Users\USER/Documents/Harvested_Data\W11-Vik_USER\2025-02-20_00-41-39\thirdpartynotices_4aab12a5.txt
2025-02-20 00:41:39,089 - INFO - Copied and removed: E:\backup\files\Users\USER\.vscode-insiders\extensions\yinfei.luahelper-0.2.29\node_modules\vscode-languageserver-protocol\License.txt -> C:\Users\USER/Documents/Harvested_Data\W11-Vik_USER\2025-02-20_00-41-39\License_ec9ee835.txt
2025-02-20 00:41:39,099 - INFO - Copied and removed: E:\backup\files\Users\USER\.vscode-insiders\extensions\yinfei.luahelper-0.2.29\node_modules\vscode-languageserver-protocol\thirdpartynotices.txt -> C:\Users\USER/Documents/Harvested_Data\W11-Vik_USER\2025-02-20_00-41-39\thirdpartynotices_9265d27c.txt
2025-02-20 00:41:39,108 - INFO - Copied and removed: E:\backup\files\Users\USER\.vscode-insiders\extensions\yinfei.luahelper-0.2.29\node_modules\vscode-languageserver-types\License.txt -> C:\Users\USER/Documents/Harvested_Data\W11-Vik_USER\2025-02-20_00-41-39\License_ec9ee835.txt
2025-02-20 00:41:39,133 - INFO - Copied and removed: E:\backup\files\Users\USER\.vscode-insiders\extensions\yinfei.luahelper-0.2.29\node_modules\ws\builderror.log -> C:\Users\USER/Documents/Harvested_Data\W11-Vik_USER\2025-02-20_00-41-39\builderror_e5bc81fc.log
2025-02-20 00:41:39,156 - INFO - Copied and removed: E:\backup\files\Users\USER\.vscode-insiders\extensions\yzhang.markdown-all-in-one-3.6.2\LICENSE.txt -> C:\Users\USER/Documents/Harvested_Data\W11-Vik_USER\2025-02-20_00-41-39\LICENSE_62a99b32.txt
2025-02-20 00:41:39,181 - INFO - Copied and removed: E:\backup\files\Users\USER\AppData\Local\AMD\CN\RSX_Common.log_2025-2-12_14_25_37.log -> C:\Users\USER/Documents/Harvested_Data\W11-Vik_USER\2025-02-20_00-41-39\RSX_Common.log_2025-2-12_14_25_37_2a1ed298.log
2025-02-20 00:41:39,202 - INFO - Copied and removed: E:\backup\files\Users\USER\AppData\Local\AMD\CN\RSX_Common.log_2025-2-9_13_9_12.log -> C:\Users\USER/Documents/Harvested_Data\W11-Vik_USER\2025-02-20_00-41-39\RSX_Common.log_2025-2-9_13_9_12_d27b578b.log
2025-02-20 00:41:39,226 - INFO - Copied and removed: E:\backup\files\Users\USER\AppData\Local\Arduino15\libraries\Arduino_BuiltIn\LICENSE.txt -> C:\Users\USER/Documents/Harvested_Data\W11-Vik_USER\2025-02-20_00-41-39\LICENSE_a2010f34.txt
2025-02-20 00:41:39,244 - INFO - Copied and removed: E:\backup\files\Users\USER\AppData\Local\Arduino15\libraries\Ethernet\keywords.txt -> C:\Users\USER/Documents/Harvested_Data\W11-Vik_USER\2025-02-20_00-41-39\keywords_da008f37.txt
2025-02-20 00:41:39,269 - INFO - Copied and removed: E:\backup\files\Users\USER\AppData\Local\Arduino15\libraries\Firmata\keywords.txt -> C:\Users\USER/Documents/Harvested_Data\W11-Vik_USER\2025-02-20_00-41-39\keywords_225bd245.txt
2025-02-20 00:41:39,290 - INFO - Copied and removed: E:\backup\files\Users\USER\AppData\Local\Arduino15\libraries\Firmata\LICENSE.txt -> C:\Users\USER/Documents/Harvested_Data\W11-Vik_USER\2025-02-20_00-41-39\LICENSE_253ab592.txt
2025-02-20 00:41:39,313 - INFO - Copied and removed: E:\backup\files\Users\USER\AppData\Local\Arduino15\libraries\Firmata\examples\OldStandardFirmata\LICENSE.txt -> C:\Users\USER/Documents/Harvested_Data\W11-Vik_USER\2025-02-20_00-41-39\LICENSE_253ab592.txt
2025-02-20 00:41:39,334 - INFO - Copied and removed: E:\backup\files\Users\USER\AppData\Local\Arduino15\libraries\Firmata\examples\StandardFirmata\LICENSE.txt -> C:\Users\USER/Documents/Harvested_Data\W11-Vik_USER\2025-02-20_00-41-39\LICENSE_253ab592.txt
2025-02-20 00:41:39,354 - INFO - Copied and removed: E:\backup\files\Users\USER\AppData\Local\Arduino15\libraries\Firmata\examples\StandardFirmataBLE\LICENSE.txt -> C:\Users\USER/Documents/Harvested_Data\W11-Vik_USER\2025-02-20_00-41-39\LICENSE_253ab592.txt
2025-02-20 00:41:39,372 - INFO - Copied and removed: E:\backup\files\Users\USER\AppData\Local\Arduino15\libraries\Firmata\examples\StandardFirmataChipKIT\LICENSE.txt -> C:\Users\USER/Documents/Harvested_Data\W11-Vik_USER\2025-02-20_00-41-39\LICENSE_253ab592.txt
2025-02-20 00:41:39,393 - INFO - Copied and removed: E:\backup\files\Users\USER\AppData\Local\Arduino15\libraries\Firmata\examples\StandardFirmataEthernet\LICENSE.txt -> C:\Users\USER/Documents/Harvested_Data\W11-Vik_USER\2025-02-20_00-41-39\LICENSE_253ab592.txt
2025-02-20 00:41:39,414 - INFO - Copied and removed: E:\backup\files\Users\USER\AppData\Local\Arduino15\libraries\Firmata\examples\StandardFirmataPlus\LICENSE.txt -> C:\Users\USER/Documents/Harvested_Data\W11-Vik_USER\2025-02-20_00-41-39\LICENSE_253ab592.txt
2025-02-20 00:41:39,435 - INFO - Copied and removed: E:\backup\files\Users\USER\AppData\Local\Arduino15\libraries\Firmata\examples\StandardFirmataWiFi\LICENSE.txt -> C:\Users\USER/Documents/Harvested_Data\W11-Vik_USER\2025-02-20_00-41-39\LICENSE_253ab592.txt
2025-02-20 00:41:39,455 - INFO - Copied and removed: E:\backup\files\Users\USER\AppData\Local\Arduino15\libraries\Firmata\extras\revisions.txt -> C:\Users\USER/Documents/Harvested_Data\W11-Vik_USER\2025-02-20_00-41-39\revisions_e7004377.txt
2025-02-20 00:41:39,474 - INFO - Copied and removed: E:\backup\files\Users\USER\AppData\Local\Arduino15\libraries\SD\LICENSE.txt -> C:\Users\USER/Documents/Harvested_Data\W11-Vik_USER\2025-02-20_00-41-39\LICENSE_3972dc97.txt
2025-02-20 00:41:39,495 - INFO - Copied and removed: E:\backup\files\Users\USER\AppData\Local\Arduino15\libraries\Servo\LICENSE.txt -> C:\Users\USER/Documents/Harvested_Data\W11-Vik_USER\2025-02-20_00-41-39\LICENSE_20c17d8b.txt
2025-02-20 00:41:39,510 - INFO - Copied and removed: E:\backup\files\Users\USER\AppData\Local\Arduino15\libraries\TFT\extras\Adafruit-license.txt -> C:\Users\USER/Documents/Harvested_Data\W11-Vik_USER\2025-02-20_00-41-39\Adafruit-license_47cbb28f.txt
2025-02-20 00:41:39,527 - INFO - Copied and removed: E:\backup\files\Users\USER\AppData\Local\Arduino15\libraries\TFT\extras\Adafruit-README.txt -> C:\Users\USER/Documents/Harvested_Data\W11-Vik_USER\2025-02-20_00-41-39\Adafruit-README_2daf7cbc.txt
2025-02-20 00:41:39,543 - INFO - Copied and removed: E:\backup\files\Users\USER\AppData\Local\Arduino15\libraries\TFT\src\utility\keywords.txt -> C:\Users\USER/Documents/Harvested_Data\W11-Vik_USER\2025-02-20_00-41-39\keywords_26d29782.txt
2025-02-20 00:41:39,565 - INFO - Copied and removed: E:\backup\files\Users\USER\AppData\Local\Arduino15\packages\arduino\hardware\avr\1.8.6\boards.txt -> C:\Users\USER/Documents/Harvested_Data\W11-Vik_USER\2025-02-20_00-41-39\boards_8d9bfed2.txt
2025-02-20 00:41:39,584 - INFO - Copied and removed: E:\backup\files\Users\USER\AppData\Local\Arduino15\packages\arduino\hardware\avr\1.8.6\platform.txt -> C:\Users\USER/Documents/Harvested_Data\W11-Vik_USER\2025-02-20_00-41-39\platform_513b2ee0.txt
2025-02-20 00:41:39,599 - INFO - Copied and removed: E:\backup\files\Users\USER\AppData\Local\Arduino15\packages\arduino\hardware\avr\1.8.6\programmers.txt -> C:\Users\USER/Documents/Harvested_Data\W11-Vik_USER\2025-02-20_00-41-39\programmers_2fc097ef.txt
2025-02-20 00:41:39,620 - INFO - Copied and removed: E:\backup\files\Users\USER\AppData\Local\Arduino15\packages\arduino\hardware\avr\1.8.6\bootloaders\optiboot\README.TXT -> C:\Users\USER/Documents/Harvested_Data\W11-Vik_USER\2025-02-20_00-41-39\README_0964dbe4.TXT
2025-02-20 00:41:39,638 - INFO - Copied and removed: E:\backup\files\Users\USER\AppData\Local\Arduino15\packages\arduino\hardware\avr\1.8.6\bootloaders\stk500v2\License.txt -> C:\Users\USER/Documents/Harvested_Data\W11-Vik_USER\2025-02-20_00-41-39\License_682762cf.txt
2025-02-20 00:41:39,659 - INFO - Copied and removed: E:\backup\files\Users\USER\AppData\Local\Arduino15\packages\arduino\hardware\avr\1.8.6\drivers\gemma\license\libusb0\installer_license.txt -> C:\Users\USER/Documents/Harvested_Data\W11-Vik_USER\2025-02-20_00-41-39\installer_license_1a590bfd.txt
2025-02-20 00:41:39,676 - INFO - Copied and removed: E:\backup\files\Users\USER\AppData\Local\Arduino15\packages\arduino\hardware\avr\1.8.6\firmwares\atmegaxxu2\README.txt -> C:\Users\USER/Documents/Harvested_Data\W11-Vik_USER\2025-02-20_00-41-39\README_532196b6.txt
2025-02-20 00:41:39,691 - INFO - Copied and removed: E:\backup\files\Users\USER\AppData\Local\Arduino15\packages\arduino\hardware\avr\1.8.6\firmwares\wifishield\wifiHD\src\license.txt -> C:\Users\USER/Documents/Harvested_Data\W11-Vik_USER\2025-02-20_00-41-39\license_a6f0c999.txt
2025-02-20 00:41:39,700 - INFO - Copied and removed: E:\backup\files\Users\USER\AppData\Local\Arduino15\packages\arduino\hardware\avr\1.8.6\firmwares\wifishield\wifi_dnld\src\license.txt -> C:\Users\USER/Documents/Harvested_Data\W11-Vik_USER\2025-02-20_00-41-39\license_a6f0c999.txt
2025-02-20 00:41:39,717 - INFO - Copied and removed: E:\backup\files\Users\USER\AppData\Local\Arduino15\packages\arduino\tools\openocd\0.10.0-arduino7\share\openocd\scripts\target\readme.txt -> C:\Users\USER/Documents/Harvested_Data\W11-Vik_USER\2025-02-20_00-41-39\readme_383566b2.txt
2025-02-20 00:41:39,736 - INFO - Copied and removed: E:\backup\files\Users\USER\AppData\Local\Arduino15\packages\builtin\tools\dfu-discovery\0.1.2\LICENSE.txt -> C:\Users\USER/Documents/Harvested_Data\W11-Vik_USER\2025-02-20_00-41-39\LICENSE_8b1ba204.txt
2025-02-20 00:41:39,757 - INFO - Copied and removed: E:\backup\files\Users\USER\AppData\Local\Arduino15\packages\builtin\tools\mdns-discovery\1.0.9\LICENSE.txt -> C:\Users\USER/Documents/Harvested_Data\W11-Vik_USER\2025-02-20_00-41-39\LICENSE_3972dc97.txt
2025-02-20 00:41:39,777 - INFO - Copied and removed: E:\backup\files\Users\USER\AppData\Local\Arduino15\packages\builtin\tools\serial-discovery\1.4.1\LICENSE.txt -> C:\Users\USER/Documents/Harvested_Data\W11-Vik_USER\2025-02-20_00-41-39\LICENSE_3972dc97.txt
2025-02-20 00:41:39,798 - INFO - Copied and removed: E:\backup\files\Users\USER\AppData\Local\Arduino15\packages\builtin\tools\serial-monitor\0.14.1\LICENSE.txt -> C:\Users\USER/Documents/Harvested_Data\W11-Vik_USER\2025-02-20_00-41-39\LICENSE_3972dc97.txt
2025-02-20 00:41:39,886 - INFO - Copied and removed: E:\backup\files\Users\USER\AppData\Local\Arduino15\packages\esp32\hardware\esp32\3.0.4\boards.txt -> C:\Users\USER/Documents/Harvested_Data\W11-Vik_USER\2025-02-20_00-41-39\boards_42a6df34.txt
2025-02-20 00:41:39,915 - INFO - Copied and removed: E:\backup\files\Users\USER\AppData\Local\Arduino15\packages\esp32\hardware\esp32\3.0.4\CMakeLists.txt -> C:\Users\USER/Documents/Harvested_Data\W11-Vik_USER\2025-02-20_00-41-39\CMakeLists_c6a6f2e6.txt
2025-02-20 00:41:39,939 - INFO - Copied and removed: E:\backup\files\Users\USER\AppData\Local\Arduino15\packages\esp32\hardware\esp32\3.0.4\platform.txt -> C:\Users\USER/Documents/Harvested_Data\W11-Vik_USER\2025-02-20_00-41-39\platform_0ae381ba.txt
2025-02-20 00:41:39,957 - INFO - Copied and removed: E:\backup\files\Users\USER\AppData\Local\Arduino15\packages\esp32\hardware\esp32\3.0.4\libraries\HTTPUpdate\keywords.txt -> C:\Users\USER/Documents/Harvested_Data\W11-Vik_USER\2025-02-20_00-41-39\keywords_8aa2109b.txt
2025-02-20 00:41:39,975 - INFO - Copied and removed: E:\backup\files\Users\USER\AppData\Local\Arduino15\packages\esp32\hardware\esp32\3.0.4\libraries\OpenThread\keywords.txt -> C:\Users\USER/Documents/Harvested_Data\W11-Vik_USER\2025-02-20_00-41-39\keywords_23340a70.txt
2025-02-20 00:41:39,994 - INFO - Copied and removed: E:\backup\files\Users\USER\AppData\Local\Arduino15\packages\esp32\hardware\esp32\3.0.4\libraries\Preferences\keywords.txt -> C:\Users\USER/Documents/Harvested_Data\W11-Vik_USER\2025-02-20_00-41-39\keywords_3e9535b3.txt
2025-02-20 00:41:40,014 - INFO - Copied and removed: E:\backup\files\Users\USER\AppData\Local\Arduino15\packages\esp32\hardware\esp32\3.0.4\libraries\WiFi\keywords.txt -> C:\Users\USER/Documents/Harvested_Data\W11-Vik_USER\2025-02-20_00-41-40\keywords_e651c0f1.txt
2025-02-20 00:41:40,025 - INFO - Copied and removed: E:\backup\files\Users\USER\AppData\Local\Arduino15\packages\esp32\tools\esp-rv32\2302\share\licenses\binutils\zlib\contrib\dotzlib\LICENSE_1_0.txt -> C:\Users\USER/Documents/Harvested_Data\W11-Vik_USER\2025-02-20_00-41-40\LICENSE_1_0_36266a8f.txt
2025-02-20 00:41:40,046 - INFO - Copied and removed: E:\backup\files\Users\USER\AppData\Local\Arduino15\packages\esp32\tools\esp-rv32\2302\share\licenses\crosstool-ng\licenses.d\gpl.txt -> C:\Users\USER/Documents/Harvested_Data\W11-Vik_USER\2025-02-20_00-41-40\gpl_ab15fd52.txt
2025-02-20 00:41:40,068 - INFO - Copied and removed: E:\backup\files\Users\USER\AppData\Local\Arduino15\packages\esp32\tools\esp-rv32\2302\share\licenses\crosstool-ng\licenses.d\lgpl.txt -> C:\Users\USER/Documents/Harvested_Data\W11-Vik_USER\2025-02-20_00-41-40\lgpl_5df07007.txt
2025-02-20 00:41:40,077 - INFO - Copied and removed: E:\backup\files\Users\USER\AppData\Local\Arduino15\packages\esp32\tools\esp-rv32\2302\share\licenses\gcc\libphobos\libdruntime\LICENSE.txt -> C:\Users\USER/Documents/Harvested_Data\W11-Vik_USER\2025-02-20_00-41-40\LICENSE_c9bff757.txt
2025-02-20 00:41:40,087 - INFO - Copied and removed: E:\backup\files\Users\USER\AppData\Local\Arduino15\packages\esp32\tools\esp-rv32\2302\share\licenses\gcc\libphobos\src\LICENSE_1_0.txt -> C:\Users\USER/Documents/Harvested_Data\W11-Vik_USER\2025-02-20_00-41-40\LICENSE_1_0_c9bff757.txt
2025-02-20 00:41:40,106 - INFO - Copied and removed: E:\backup\files\Users\USER\AppData\Local\Arduino15\packages\esp32\tools\esp-rv32\2302\share\licenses\gcc\libsanitizer\LICENSE.TXT -> C:\Users\USER/Documents/Harvested_Data\W11-Vik_USER\2025-02-20_00-41-40\LICENSE_74c2b245.TXT
2025-02-20 00:41:40,132 - INFO - Copied and removed: E:\backup\files\Users\USER\AppData\Local\Arduino15\packages\esp32\tools\esp-rv32\2302\share\licenses\gcc\libstdc++-v3\include\pstl\LICENSE.txt -> C:\Users\USER/Documents/Harvested_Data\W11-Vik_USER\2025-02-20_00-41-40\LICENSE_0ca8cbe9.txt
2025-02-20 00:41:40,140 - INFO - Copied and removed: E:\backup\files\Users\USER\AppData\Local\Arduino15\packages\esp32\tools\esp-rv32\2302\share\licenses\gcc\zlib\contrib\dotzlib\LICENSE_1_0.txt -> C:\Users\USER/Documents/Harvested_Data\W11-Vik_USER\2025-02-20_00-41-40\LICENSE_1_0_36266a8f.txt
2025-02-20 00:41:40,150 - INFO - Copied and removed: E:\backup\files\Users\USER\AppData\Local\Arduino15\packages\esp32\tools\esp-rv32\2302\share\licenses\zlib\contrib\dotzlib\LICENSE_1_0.txt -> C:\Users\USER/Documents/Harvested_Data\W11-Vik_USER\2025-02-20_00-41-40\LICENSE_1_0_36266a8f.txt
2025-02-20 00:41:40,160 - INFO - Copied and removed: E:\backup\files\Users\USER\AppData\Local\Arduino15\packages\esp32\tools\esp-x32\2302\share\licenses\binutils\zlib\contrib\dotzlib\LICENSE_1_0.txt -> C:\Users\USER/Documents/Harvested_Data\W11-Vik_USER\2025-02-20_00-41-40\LICENSE_1_0_36266a8f.txt
2025-02-20 00:41:40,182 - INFO - Copied and removed: E:\backup\files\Users\USER\AppData\Local\Arduino15\packages\esp32\tools\esp-x32\2302\share\licenses\crosstool-ng\licenses.d\gpl.txt -> C:\Users\USER/Documents/Harvested_Data\W11-Vik_USER\2025-02-20_00-41-40\gpl_ab15fd52.txt
2025-02-20 00:41:40,251 - INFO - Copied and removed: E:\backup\files\Users\USER\AppData\Local\Arduino15\packages\esp32\tools\esp-x32\2302\share\licenses\crosstool-ng\licenses.d\lgpl.txt -> C:\Users\USER/Documents/Harvested_Data\W11-Vik_USER\2025-02-20_00-41-40\lgpl_5df07007.txt
2025-02-20 00:41:40,260 - INFO - Copied and removed: E:\backup\files\Users\USER\AppData\Local\Arduino15\packages\esp32\tools\esp-x32\2302\share\licenses\gcc\libphobos\libdruntime\LICENSE.txt -> C:\Users\USER/Documents/Harvested_Data\W11-Vik_USER\2025-02-20_00-41-40\LICENSE_c9bff757.txt
2025-02-20 00:41:40,268 - INFO - Copied and removed: E:\backup\files\Users\USER\AppData\Local\Arduino15\packages\esp32\tools\esp-x32\2302\share\licenses\gcc\libphobos\src\LICENSE_1_0.txt -> C:\Users\USER/Documents/Harvested_Data\W11-Vik_USER\2025-02-20_00-41-40\LICENSE_1_0_c9bff757.txt
2025-02-20 00:41:40,278 - INFO - Copied and removed: E:\backup\files\Users\USER\AppData\Local\Arduino15\packages\esp32\tools\esp-x32\2302\share\licenses\gcc\libsanitizer\LICENSE.TXT -> C:\Users\USER/Documents/Harvested_Data\W11-Vik_USER\2025-02-20_00-41-40\LICENSE_74c2b245.TXT
2025-02-20 00:41:40,301 - INFO - Copied and removed: E:\backup\files\Users\USER\AppData\Local\Arduino15\packages\esp32\tools\esp-x32\2302\share\licenses\gcc\libstdc++-v3\include\pstl\LICENSE.txt -> C:\Users\USER/Documents/Harvested_Data\W11-Vik_USER\2025-02-20_00-41-40\LICENSE_0ca8cbe9.txt
2025-02-20 00:41:40,310 - INFO - Copied and removed: E:\backup\files\Users\USER\AppData\Local\Arduino15\packages\esp32\tools\esp-x32\2302\share\licenses\gcc\zlib\contrib\dotzlib\LICENSE_1_0.txt -> C:\Users\USER/Documents/Harvested_Data\W11-Vik_USER\2025-02-20_00-41-40\LICENSE_1_0_36266a8f.txt
2025-02-20 00:41:40,319 - INFO - Copied and removed: E:\backup\files\Users\USER\AppData\Local\Arduino15\packages\esp32\tools\esp-x32\2302\share\licenses\zlib\contrib\dotzlib\LICENSE_1_0.txt -> C:\Users\USER/Documents/Harvested_Data\W11-Vik_USER\2025-02-20_00-41-40\LICENSE_1_0_36266a8f.txt
2025-02-20 00:41:40,328 - INFO - Copied and removed: E:\backup\files\Users\USER\AppData\Local\Arduino15\packages\esp32\tools\esp-xs2\2302\share\licenses\binutils\zlib\contrib\dotzlib\LICENSE_1_0.txt -> C:\Users\USER/Documents/Harvested_Data\W11-Vik_USER\2025-02-20_00-41-40\LICENSE_1_0_36266a8f.txt
2025-02-20 00:41:40,348 - INFO - Copied and removed: E:\backup\files\Users\USER\AppData\Local\Arduino15\packages\esp32\tools\esp-xs2\2302\share\licenses\crosstool-ng\licenses.d\gpl.txt -> C:\Users\USER/Documents/Harvested_Data\W11-Vik_USER\2025-02-20_00-41-40\gpl_ab15fd52.txt
2025-02-20 00:41:40,369 - INFO - Copied and removed: E:\backup\files\Users\USER\AppData\Local\Arduino15\packages\esp32\tools\esp-xs2\2302\share\licenses\crosstool-ng\licenses.d\lgpl.txt -> C:\Users\USER/Documents/Harvested_Data\W11-Vik_USER\2025-02-20_00-41-40\lgpl_5df07007.txt
2025-02-20 00:41:40,377 - INFO - Copied and removed: E:\backup\files\Users\USER\AppData\Local\Arduino15\packages\esp32\tools\esp-xs2\2302\share\licenses\gcc\libphobos\libdruntime\LICENSE.txt -> C:\Users\USER/Documents/Harvested_Data\W11-Vik_USER\2025-02-20_00-41-40\LICENSE_c9bff757.txt
2025-02-20 00:41:40,386 - INFO - Copied and removed: E:\backup\files\Users\USER\AppData\Local\Arduino15\packages\esp32\tools\esp-xs2\2302\share\licenses\gcc\libphobos\src\LICENSE_1_0.txt -> C:\Users\USER/Documents/Harvested_Data\W11-Vik_USER\2025-02-20_00-41-40\LICENSE_1_0_c9bff757.txt
2025-02-20 00:41:40,398 - INFO - Copied and removed: E:\backup\files\Users\USER\AppData\Local\Arduino15\packages\esp32\tools\esp-xs2\2302\share\licenses\gcc\libsanitizer\LICENSE.TXT -> C:\Users\USER/Documents/Harvested_Data\W11-Vik_USER\2025-02-20_00-41-40\LICENSE_74c2b245.TXT
2025-02-20 00:41:40,421 - INFO - Copied and removed: E:\backup\files\Users\USER\AppData\Local\Arduino15\packages\esp32\tools\esp-xs2\2302\share\licenses\gcc\libstdc++-v3\include\pstl\LICENSE.txt -> C:\Users\USER/Documents/Harvested_Data\W11-Vik_USER\2025-02-20_00-41-40\LICENSE_0ca8cbe9.txt
2025-02-20 00:41:40,431 - INFO - Copied and removed: E:\backup\files\Users\USER\AppData\Local\Arduino15\packages\esp32\tools\esp-xs2\2302\share\licenses\gcc\zlib\contrib\dotzlib\LICENSE_1_0.txt -> C:\Users\USER/Documents/Harvested_Data\W11-Vik_USER\2025-02-20_00-41-40\LICENSE_1_0_36266a8f.txt
2025-02-20 00:41:40,439 - INFO - Copied and removed: E:\backup\files\Users\USER\AppData\Local\Arduino15\packages\esp32\tools\esp-xs2\2302\share\licenses\zlib\contrib\dotzlib\LICENSE_1_0.txt -> C:\Users\USER/Documents/Harvested_Data\W11-Vik_USER\2025-02-20_00-41-40\LICENSE_1_0_36266a8f.txt
2025-02-20 00:41:40,450 - INFO - Copied and removed: E:\backup\files\Users\USER\AppData\Local\Arduino15\packages\esp32\tools\esp-xs3\2302\share\licenses\binutils\zlib\contrib\dotzlib\LICENSE_1_0.txt -> C:\Users\USER/Documents/Harvested_Data\W11-Vik_USER\2025-02-20_00-41-40\LICENSE_1_0_36266a8f.txt
2025-02-20 00:41:40,473 - INFO - Copied and removed: E:\backup\files\Users\USER\AppData\Local\Arduino15\packages\esp32\tools\esp-xs3\2302\share\licenses\crosstool-ng\licenses.d\gpl.txt -> C:\Users\USER/Documents/Harvested_Data\W11-Vik_USER\2025-02-20_00-41-40\gpl_ab15fd52.txt
2025-02-20 00:41:40,495 - INFO - Copied and removed: E:\backup\files\Users\USER\AppData\Local\Arduino15\packages\esp32\tools\esp-xs3\2302\share\licenses\crosstool-ng\licenses.d\lgpl.txt -> C:\Users\USER/Documents/Harvested_Data\W11-Vik_USER\2025-02-20_00-41-40\lgpl_5df07007.txt
2025-02-20 00:41:40,503 - INFO - Copied and removed: E:\backup\files\Users\USER\AppData\Local\Arduino15\packages\esp32\tools\esp-xs3\2302\share\licenses\gcc\libphobos\libdruntime\LICENSE.txt -> C:\Users\USER/Documents/Harvested_Data\W11-Vik_USER\2025-02-20_00-41-40\LICENSE_c9bff757.txt
2025-02-20 00:41:40,511 - INFO - Copied and removed: E:\backup\files\Users\USER\AppData\Local\Arduino15\packages\esp32\tools\esp-xs3\2302\share\licenses\gcc\libphobos\src\LICENSE_1_0.txt -> C:\Users\USER/Documents/Harvested_Data\W11-Vik_USER\2025-02-20_00-41-40\LICENSE_1_0_c9bff757.txt
2025-02-20 00:41:40,523 - INFO - Copied and removed: E:\backup\files\Users\USER\AppData\Local\Arduino15\packages\esp32\tools\esp-xs3\2302\share\licenses\gcc\libsanitizer\LICENSE.TXT -> C:\Users\USER/Documents/Harvested_Data\W11-Vik_USER\2025-02-20_00-41-40\LICENSE_74c2b245.TXT
2025-02-20 00:41:40,543 - INFO - Copied and removed: E:\backup\files\Users\USER\AppData\Local\Arduino15\packages\esp32\tools\esp-xs3\2302\share\licenses\gcc\libstdc++-v3\include\pstl\LICENSE.txt -> C:\Users\USER/Documents/Harvested_Data\W11-Vik_USER\2025-02-20_00-41-40\LICENSE_0ca8cbe9.txt
2025-02-20 00:41:40,551 - INFO - Copied and removed: E:\backup\files\Users\USER\AppData\Local\Arduino15\packages\esp32\tools\esp-xs3\2302\share\licenses\gcc\zlib\contrib\dotzlib\LICENSE_1_0.txt -> C:\Users\USER/Documents/Harvested_Data\W11-Vik_USER\2025-02-20_00-41-40\LICENSE_1_0_36266a8f.txt
2025-02-20 00:41:40,560 - INFO - Copied and removed: E:\backup\files\Users\USER\AppData\Local\Arduino15\packages\esp32\tools\esp-xs3\2302\share\licenses\zlib\contrib\dotzlib\LICENSE_1_0.txt -> C:\Users\USER/Documents/Harvested_Data\W11-Vik_USER\2025-02-20_00-41-40\LICENSE_1_0_36266a8f.txt
2025-02-20 00:41:40,576 - INFO - Copied and removed: E:\backup\files\Users\USER\AppData\Local\Arduino15\packages\esp32\tools\openocd-esp32\v0.12.0-esp32-20240318\share\openocd\scripts\target\readme.txt -> C:\Users\USER/Documents/Harvested_Data\W11-Vik_USER\2025-02-20_00-41-40\readme_947479c2.txt
2025-02-20 00:41:40,595 - INFO - Copied and removed: E:\backup\files\Users\USER\AppData\Local\Arduino15\packages\Seeeduino\hardware\samd\1.8.5\boards.txt -> C:\Users\USER/Documents/Harvested_Data\W11-Vik_USER\2025-02-20_00-41-40\boards_a10cf5ef.txt
2025-02-20 00:41:40,618 - INFO - Copied and removed: E:\backup\files\Users\USER\AppData\Local\Arduino15\packages\Seeeduino\hardware\samd\1.8.5\platform.txt -> C:\Users\USER/Documents/Harvested_Data\W11-Vik_USER\2025-02-20_00-41-40\platform_cd5aee2f.txt
2025-02-20 00:41:40,633 - INFO - Copied and removed: E:\backup\files\Users\USER\AppData\Local\Arduino15\packages\Seeeduino\hardware\samd\1.8.5\programmers.txt -> C:\Users\USER/Documents/Harvested_Data\W11-Vik_USER\2025-02-20_00-41-40\programmers_59fb0af9.txt
2025-02-20 00:41:40,649 - INFO - Copied and removed: E:\backup\files\Users\USER\AppData\Local\Arduino15\packages\Seeeduino\hardware\samd\1.8.5\libraries\LoRaWan\License.txt -> C:\Users\USER/Documents/Harvested_Data\W11-Vik_USER\2025-02-20_00-41-40\License_926a5405.txt
2025-02-20 00:41:40,677 - INFO - Copied and removed: E:\backup\files\Users\USER\AppData\Local\Arduino15\packages\Seeeduino\hardware\samd\1.8.5\libraries\Seeed_Arduino_FreeRTOS\FreeRTOS\History.txt -> C:\Users\USER/Documents/Harvested_Data\W11-Vik_USER\2025-02-20_00-41-40\History_a91a084d.txt
2025-02-20 00:41:40,695 - INFO - Copied and removed: E:\backup\files\Users\USER\AppData\Local\Arduino15\packages\Seeeduino\hardware\samd\1.8.5\libraries\Seeed_Arduino_FreeRTOS\FreeRTOS\License\license.txt -> C:\Users\USER/Documents/Harvested_Data\W11-Vik_USER\2025-02-20_00-41-40\license_a7e2e701.txt
2025-02-20 00:41:40,711 - INFO - Copied and removed: E:\backup\files\Users\USER\AppData\Local\Arduino15\packages\Seeeduino\hardware\samd\1.8.5\libraries\Seeed_Arduino_FreeRTOS\FreeRTOS\Source\portable\GCC\ARM_CM7\ReadMe.txt -> C:\Users\USER/Documents/Harvested_Data\W11-Vik_USER\2025-02-20_00-41-40\ReadMe_4061394a.txt
2025-02-20 00:41:40,728 - INFO - Copied and removed: E:\backup\files\Users\USER\AppData\Local\Arduino15\packages\Seeeduino\hardware\samd\1.8.5\libraries\Seeed_Arduino_FreeRTOS\FreeRTOS\Source\portable\GCC\RISC-V\readme.txt -> C:\Users\USER/Documents/Harvested_Data\W11-Vik_USER\2025-02-20_00-41-40\readme_9df008f8.txt
2025-02-20 00:41:40,735 - INFO - Copied and removed: E:\backup\files\Users\USER\AppData\Local\Arduino15\packages\Seeeduino\hardware\samd\1.8.5\libraries\Seeed_Arduino_FreeRTOS\FreeRTOS\Source\portable\GCC\RISC-V\chip_specific_extensions\readme.txt -> C:\Users\USER/Documents/Harvested_Data\W11-Vik_USER\2025-02-20_00-41-40\readme_9df008f8.txt
2025-02-20 00:41:40,757 - INFO - Copied and removed: E:\backup\files\Users\USER\AppData\Local\Arduino15\packages\Seeeduino\hardware\samd\1.8.5\libraries\Seeed_Arduino_FreeRTOS\FreeRTOS\Source\portable\GCC\RX100\readme.txt -> C:\Users\USER/Documents/Harvested_Data\W11-Vik_USER\2025-02-20_00-41-40\readme_d6ea169f.txt
2025-02-20 00:41:40,768 - INFO - Copied and removed: E:\backup\files\Users\USER\AppData\Local\Arduino15\packages\Seeeduino\hardware\samd\1.8.5\libraries\Seeed_Arduino_FreeRTOS\FreeRTOS\Source\portable\GCC\RX600\readme.txt -> C:\Users\USER/Documents/Harvested_Data\W11-Vik_USER\2025-02-20_00-41-40\readme_d6ea169f.txt
2025-02-20 00:41:40,778 - INFO - Copied and removed: E:\backup\files\Users\USER\AppData\Local\Arduino15\packages\Seeeduino\hardware\samd\1.8.5\libraries\Seeed_Arduino_FreeRTOS\FreeRTOS\Source\portable\GCC\RX600v2\readme.txt -> C:\Users\USER/Documents/Harvested_Data\W11-Vik_USER\2025-02-20_00-41-40\readme_d6ea169f.txt
2025-02-20 00:41:40,788 - INFO - Copied and removed: E:\backup\files\Users\USER\AppData\Local\Arduino15\packages\Seeeduino\hardware\samd\1.8.5\libraries\Seeed_Arduino_FreeRTOS\FreeRTOS\Source\portable\GCC\RX700v3_DPFPU\readme.txt -> C:\Users\USER/Documents/Harvested_Data\W11-Vik_USER\2025-02-20_00-41-40\readme_d6ea169f.txt
2025-02-20 00:41:40,804 - INFO - Copied and removed: E:\backup\files\Users\USER\AppData\Local\Arduino15\packages\Seeeduino\hardware\samd\1.8.5\libraries\Seeed_Arduino_LCD\keywords.txt -> C:\Users\USER/Documents/Harvested_Data\W11-Vik_USER\2025-02-20_00-41-40\keywords_b78eb3c3.txt
2025-02-20 00:41:40,828 - INFO - Copied and removed: E:\backup\files\Users\USER\AppData\Local\Arduino15\packages\Seeeduino\hardware\samd\1.8.5\libraries\Seeed_Arduino_LCD\license.txt -> C:\Users\USER/Documents/Harvested_Data\W11-Vik_USER\2025-02-20_00-41-40\license_5f32a727.txt
2025-02-20 00:41:40,846 - INFO - Copied and removed: E:\backup\files\Users\USER\AppData\Local\Arduino15\packages\Seeeduino\hardware\samd\1.8.5\libraries\Seeed_Arduino_LCD\Fonts\GFXFF\license.txt -> C:\Users\USER/Documents/Harvested_Data\W11-Vik_USER\2025-02-20_00-41-40\license_88fbd81b.txt
2025-02-20 00:41:40,862 - INFO - Copied and removed: E:\backup\files\Users\USER\AppData\Local\Arduino15\packages\Seeeduino\hardware\samd\1.8.5\libraries\Seeed_Arduino_LCD\Fonts\GFXFF\print.txt -> C:\Users\USER/Documents/Harvested_Data\W11-Vik_USER\2025-02-20_00-41-40\print_3e1f68f8.txt
2025-02-20 00:41:40,910 - INFO - Copied and removed: E:\backup\files\Users\USER\AppData\Local\Arduino15\packages\Seeeduino\tools\arm-none-eabi-gcc\7-2017q4\share\doc\gcc-arm-none-eabi\license.txt -> C:\Users\USER/Documents/Harvested_Data\W11-Vik_USER\2025-02-20_00-41-40\license_2910954c.txt
2025-02-20 00:41:40,941 - INFO - Copied and removed: E:\backup\files\Users\USER\AppData\Local\Arduino15\packages\Seeeduino\tools\arm-none-eabi-gcc\7-2017q4\share\doc\gcc-arm-none-eabi\readme.txt -> C:\Users\USER/Documents/Harvested_Data\W11-Vik_USER\2025-02-20_00-41-40\readme_de4305e0.txt
2025-02-20 00:41:40,971 - INFO - Copied and removed: E:\backup\files\Users\USER\AppData\Local\Arduino15\packages\Seeeduino\tools\arm-none-eabi-gcc\7-2017q4\share\doc\gcc-arm-none-eabi\release.txt -> C:\Users\USER/Documents/Harvested_Data\W11-Vik_USER\2025-02-20_00-41-40\release_629814a2.txt
2025-02-20 00:41:40,997 - INFO - Copied and removed: E:\backup\files\Users\USER\AppData\Local\Arduino15\packages\Seeeduino\tools\arm-none-eabi-gcc\7-2017q4\share\gcc-arm-none-eabi\samples\readme.txt -> C:\Users\USER/Documents/Harvested_Data\W11-Vik_USER\2025-02-20_00-41-40\readme_16eed6bf.txt
2025-02-20 00:41:41,019 - INFO - Copied and removed: E:\backup\files\Users\USER\AppData\Local\Arduino15\packages\Seeeduino\tools\CMSIS\5.7.0\LICENSE.txt -> C:\Users\USER/Documents/Harvested_Data\W11-Vik_USER\2025-02-20_00-41-41\LICENSE_e03ba41d.txt
2025-02-20 00:41:41,042 - INFO - Copied and removed: E:\backup\files\Users\USER\AppData\Local\Arduino15\packages\Seeeduino\tools\CMSIS\5.7.0\CMSIS\Documentation\General\html\LICENSE.txt -> C:\Users\USER/Documents/Harvested_Data\W11-Vik_USER\2025-02-20_00-41-41\LICENSE_e03ba41d.txt
2025-02-20 00:41:41,060 - INFO - Copied and removed: E:\backup\files\Users\USER\AppData\Local\Arduino15\packages\Seeeduino\tools\CMSIS\5.7.0\CMSIS\DSP\ComputeLibrary\LICENSE.txt -> C:\Users\USER/Documents/Harvested_Data\W11-Vik_USER\2025-02-20_00-41-41\LICENSE_f2bb5017.txt
2025-02-20 00:41:41,080 - INFO - Copied and removed: E:\backup\files\Users\USER\AppData\Local\Arduino15\packages\Seeeduino\tools\CMSIS\5.7.0\CMSIS\DSP\Examples\ARM\arm_bayes_example\ARMCM4_FP_config.txt -> C:\Users\USER/Documents/Harvested_Data\W11-Vik_USER\2025-02-20_00-41-41\ARMCM4_FP_config_95513a4a.txt
2025-02-20 00:41:41,099 - INFO - Copied and removed: E:\backup\files\Users\USER\AppData\Local\Arduino15\packages\Seeeduino\tools\CMSIS\5.7.0\CMSIS\DSP\Examples\ARM\arm_bayes_example\ARMCM55_FP_MVE_config.txt -> C:\Users\USER/Documents/Harvested_Data\W11-Vik_USER\2025-02-20_00-41-41\ARMCM55_FP_MVE_config_6496b7ee.txt
2025-02-20 00:41:41,116 - INFO - Copied and removed: E:\backup\files\Users\USER\AppData\Local\Arduino15\packages\Seeeduino\tools\CMSIS\5.7.0\CMSIS\DSP\Examples\ARM\arm_bayes_example\ARMCM7_SP_config.txt -> C:\Users\USER/Documents/Harvested_Data\W11-Vik_USER\2025-02-20_00-41-41\ARMCM7_SP_config_01f4fba2.txt
2025-02-20 00:41:41,124 - INFO - Copied and removed: E:\backup\files\Users\USER\AppData\Local\Arduino15\packages\Seeeduino\tools\CMSIS\5.7.0\CMSIS\DSP\Examples\ARM\arm_class_marks_example\ARMCM4_FP_config.txt -> C:\Users\USER/Documents/Harvested_Data\W11-Vik_USER\2025-02-20_00-41-41\ARMCM4_FP_config_95513a4a.txt
2025-02-20 00:41:41,134 - INFO - Copied and removed: E:\backup\files\Users\USER\AppData\Local\Arduino15\packages\Seeeduino\tools\CMSIS\5.7.0\CMSIS\DSP\Examples\ARM\arm_class_marks_example\ARMCM55_FP_MVE_config.txt -> C:\Users\USER/Documents/Harvested_Data\W11-Vik_USER\2025-02-20_00-41-41\ARMCM55_FP_MVE_config_6496b7ee.txt
2025-02-20 00:41:41,143 - INFO - Copied and removed: E:\backup\files\Users\USER\AppData\Local\Arduino15\packages\Seeeduino\tools\CMSIS\5.7.0\CMSIS\DSP\Examples\ARM\arm_class_marks_example\ARMCM7_SP_config.txt -> C:\Users\USER/Documents/Harvested_Data\W11-Vik_USER\2025-02-20_00-41-41\ARMCM7_SP_config_01f4fba2.txt
2025-02-20 00:41:41,151 - INFO - Copied and removed: E:\backup\files\Users\USER\AppData\Local\Arduino15\packages\Seeeduino\tools\CMSIS\5.7.0\CMSIS\DSP\Examples\ARM\arm_convolution_example\ARMCM4_FP_config.txt -> C:\Users\USER/Documents/Harvested_Data\W11-Vik_USER\2025-02-20_00-41-41\ARMCM4_FP_config_95513a4a.txt
2025-02-20 00:41:41,162 - INFO - Copied and removed: E:\backup\files\Users\USER\AppData\Local\Arduino15\packages\Seeeduino\tools\CMSIS\5.7.0\CMSIS\DSP\Examples\ARM\arm_convolution_example\ARMCM55_FP_MVE_config.txt -> C:\Users\USER/Documents/Harvested_Data\W11-Vik_USER\2025-02-20_00-41-41\ARMCM55_FP_MVE_config_6496b7ee.txt
2025-02-20 00:41:41,169 - INFO - Copied and removed: E:\backup\files\Users\USER\AppData\Local\Arduino15\packages\Seeeduino\tools\CMSIS\5.7.0\CMSIS\DSP\Examples\ARM\arm_convolution_example\ARMCM7_SP_config.txt -> C:\Users\USER/Documents/Harvested_Data\W11-Vik_USER\2025-02-20_00-41-41\ARMCM7_SP_config_01f4fba2.txt
2025-02-20 00:41:41,179 - INFO - Copied and removed: E:\backup\files\Users\USER\AppData\Local\Arduino15\packages\Seeeduino\tools\CMSIS\5.7.0\CMSIS\DSP\Examples\ARM\arm_dotproduct_example\ARMCM4_FP_config.txt -> C:\Users\USER/Documents/Harvested_Data\W11-Vik_USER\2025-02-20_00-41-41\ARMCM4_FP_config_95513a4a.txt
2025-02-20 00:41:41,190 - INFO - Copied and removed: E:\backup\files\Users\USER\AppData\Local\Arduino15\packages\Seeeduino\tools\CMSIS\5.7.0\CMSIS\DSP\Examples\ARM\arm_dotproduct_example\ARMCM55_FP_MVE_config.txt -> C:\Users\USER/Documents/Harvested_Data\W11-Vik_USER\2025-02-20_00-41-41\ARMCM55_FP_MVE_config_6496b7ee.txt
2025-02-20 00:41:41,199 - INFO - Copied and removed: E:\backup\files\Users\USER\AppData\Local\Arduino15\packages\Seeeduino\tools\CMSIS\5.7.0\CMSIS\DSP\Examples\ARM\arm_dotproduct_example\ARMCM7_SP_config.txt -> C:\Users\USER/Documents/Harvested_Data\W11-Vik_USER\2025-02-20_00-41-41\ARMCM7_SP_config_01f4fba2.txt
2025-02-20 00:41:41,207 - INFO - Copied and removed: E:\backup\files\Users\USER\AppData\Local\Arduino15\packages\Seeeduino\tools\CMSIS\5.7.0\CMSIS\DSP\Examples\ARM\arm_fft_bin_example\ARMCM4_FP_config.txt -> C:\Users\USER/Documents/Harvested_Data\W11-Vik_USER\2025-02-20_00-41-41\ARMCM4_FP_config_95513a4a.txt
2025-02-20 00:41:41,224 - INFO - Copied and removed: E:\backup\files\Users\USER\AppData\Local\Arduino15\packages\Seeeduino\tools\CMSIS\5.7.0\CMSIS\DSP\Examples\ARM\arm_fft_bin_example\ARMCM55_FP_MVE_config.txt -> C:\Users\USER/Documents/Harvested_Data\W11-Vik_USER\2025-02-20_00-41-41\ARMCM55_FP_MVE_config_6496b7ee.txt
2025-02-20 00:41:41,233 - INFO - Copied and removed: E:\backup\files\Users\USER\AppData\Local\Arduino15\packages\Seeeduino\tools\CMSIS\5.7.0\CMSIS\DSP\Examples\ARM\arm_fft_bin_example\ARMCM7_SP_config.txt -> C:\Users\USER/Documents/Harvested_Data\W11-Vik_USER\2025-02-20_00-41-41\ARMCM7_SP_config_01f4fba2.txt
2025-02-20 00:41:41,242 - INFO - Copied and removed: E:\backup\files\Users\USER\AppData\Local\Arduino15\packages\Seeeduino\tools\CMSIS\5.7.0\CMSIS\DSP\Examples\ARM\arm_fir_example\ARMCM4_FP_config.txt -> C:\Users\USER/Documents/Harvested_Data\W11-Vik_USER\2025-02-20_00-41-41\ARMCM4_FP_config_95513a4a.txt
2025-02-20 00:41:41,253 - INFO - Copied and removed: E:\backup\files\Users\USER\AppData\Local\Arduino15\packages\Seeeduino\tools\CMSIS\5.7.0\CMSIS\DSP\Examples\ARM\arm_fir_example\ARMCM55_FP_MVE_config.txt -> C:\Users\USER/Documents/Harvested_Data\W11-Vik_USER\2025-02-20_00-41-41\ARMCM55_FP_MVE_config_6496b7ee.txt
2025-02-20 00:41:41,262 - INFO - Copied and removed: E:\backup\files\Users\USER\AppData\Local\Arduino15\packages\Seeeduino\tools\CMSIS\5.7.0\CMSIS\DSP\Examples\ARM\arm_fir_example\ARMCM7_SP_config.txt -> C:\Users\USER/Documents/Harvested_Data\W11-Vik_USER\2025-02-20_00-41-41\ARMCM7_SP_config_01f4fba2.txt
2025-02-20 00:41:41,270 - INFO - Copied and removed: E:\backup\files\Users\USER\AppData\Local\Arduino15\packages\Seeeduino\tools\CMSIS\5.7.0\CMSIS\DSP\Examples\ARM\arm_graphic_equalizer_example\ARMCM4_FP_config.txt -> C:\Users\USER/Documents/Harvested_Data\W11-Vik_USER\2025-02-20_00-41-41\ARMCM4_FP_config_95513a4a.txt
2025-02-20 00:41:41,280 - INFO - Copied and removed: E:\backup\files\Users\USER\AppData\Local\Arduino15\packages\Seeeduino\tools\CMSIS\5.7.0\CMSIS\DSP\Examples\ARM\arm_graphic_equalizer_example\ARMCM55_FP_MVE_config.txt -> C:\Users\USER/Documents/Harvested_Data\W11-Vik_USER\2025-02-20_00-41-41\ARMCM55_FP_MVE_config_6496b7ee.txt
2025-02-20 00:41:41,290 - INFO - Copied and removed: E:\backup\files\Users\USER\AppData\Local\Arduino15\packages\Seeeduino\tools\CMSIS\5.7.0\CMSIS\DSP\Examples\ARM\arm_graphic_equalizer_example\ARMCM7_SP_config.txt -> C:\Users\USER/Documents/Harvested_Data\W11-Vik_USER\2025-02-20_00-41-41\ARMCM7_SP_config_01f4fba2.txt
2025-02-20 00:41:41,299 - INFO - Copied and removed: E:\backup\files\Users\USER\AppData\Local\Arduino15\packages\Seeeduino\tools\CMSIS\5.7.0\CMSIS\DSP\Examples\ARM\arm_linear_interp_example\ARMCM4_FP_config.txt -> C:\Users\USER/Documents/Harvested_Data\W11-Vik_USER\2025-02-20_00-41-41\ARMCM4_FP_config_95513a4a.txt
2025-02-20 00:41:41,309 - INFO - Copied and removed: E:\backup\files\Users\USER\AppData\Local\Arduino15\packages\Seeeduino\tools\CMSIS\5.7.0\CMSIS\DSP\Examples\ARM\arm_linear_interp_example\ARMCM55_FP_MVE_config.txt -> C:\Users\USER/Documents/Harvested_Data\W11-Vik_USER\2025-02-20_00-41-41\ARMCM55_FP_MVE_config_6496b7ee.txt
2025-02-20 00:41:41,318 - INFO - Copied and removed: E:\backup\files\Users\USER\AppData\Local\Arduino15\packages\Seeeduino\tools\CMSIS\5.7.0\CMSIS\DSP\Examples\ARM\arm_linear_interp_example\ARMCM7_SP_config.txt -> C:\Users\USER/Documents/Harvested_Data\W11-Vik_USER\2025-02-20_00-41-41\ARMCM7_SP_config_01f4fba2.txt
2025-02-20 00:41:41,327 - INFO - Copied and removed: E:\backup\files\Users\USER\AppData\Local\Arduino15\packages\Seeeduino\tools\CMSIS\5.7.0\CMSIS\DSP\Examples\ARM\arm_matrix_example\ARMCM4_FP_config.txt -> C:\Users\USER/Documents/Harvested_Data\W11-Vik_USER\2025-02-20_00-41-41\ARMCM4_FP_config_95513a4a.txt
2025-02-20 00:41:41,337 - INFO - Copied and removed: E:\backup\files\Users\USER\AppData\Local\Arduino15\packages\Seeeduino\tools\CMSIS\5.7.0\CMSIS\DSP\Examples\ARM\arm_matrix_example\ARMCM55_FP_MVE_config.txt -> C:\Users\USER/Documents/Harvested_Data\W11-Vik_USER\2025-02-20_00-41-41\ARMCM55_FP_MVE_config_6496b7ee.txt
2025-02-20 00:41:41,346 - INFO - Copied and removed: E:\backup\files\Users\USER\AppData\Local\Arduino15\packages\Seeeduino\tools\CMSIS\5.7.0\CMSIS\DSP\Examples\ARM\arm_matrix_example\ARMCM7_SP_config.txt -> C:\Users\USER/Documents/Harvested_Data\W11-Vik_USER\2025-02-20_00-41-41\ARMCM7_SP_config_01f4fba2.txt
2025-02-20 00:41:41,354 - INFO - Copied and removed: E:\backup\files\Users\USER\AppData\Local\Arduino15\packages\Seeeduino\tools\CMSIS\5.7.0\CMSIS\DSP\Examples\ARM\arm_signal_converge_example\ARMCM4_FP_config.txt -> C:\Users\USER/Documents/Harvested_Data\W11-Vik_USER\2025-02-20_00-41-41\ARMCM4_FP_config_95513a4a.txt
2025-02-20 00:41:41,365 - INFO - Copied and removed: E:\backup\files\Users\USER\AppData\Local\Arduino15\packages\Seeeduino\tools\CMSIS\5.7.0\CMSIS\DSP\Examples\ARM\arm_signal_converge_example\ARMCM55_FP_MVE_config.txt -> C:\Users\USER/Documents/Harvested_Data\W11-Vik_USER\2025-02-20_00-41-41\ARMCM55_FP_MVE_config_6496b7ee.txt
2025-02-20 00:41:41,423 - INFO - Copied and removed: E:\backup\files\Users\USER\AppData\Local\Arduino15\packages\Seeeduino\tools\CMSIS\5.7.0\CMSIS\DSP\Examples\ARM\arm_signal_converge_example\ARMCM7_SP_config.txt -> C:\Users\USER/Documents/Harvested_Data\W11-Vik_USER\2025-02-20_00-41-41\ARMCM7_SP_config_01f4fba2.txt
2025-02-20 00:41:41,430 - INFO - Copied and removed: E:\backup\files\Users\USER\AppData\Local\Arduino15\packages\Seeeduino\tools\CMSIS\5.7.0\CMSIS\DSP\Examples\ARM\arm_sin_cos_example\ARMCM4_FP_config.txt -> C:\Users\USER/Documents/Harvested_Data\W11-Vik_USER\2025-02-20_00-41-41\ARMCM4_FP_config_95513a4a.txt
2025-02-20 00:41:41,440 - INFO - Copied and removed: E:\backup\files\Users\USER\AppData\Local\Arduino15\packages\Seeeduino\tools\CMSIS\5.7.0\CMSIS\DSP\Examples\ARM\arm_sin_cos_example\ARMCM55_FP_MVE_config.txt -> C:\Users\USER/Documents/Harvested_Data\W11-Vik_USER\2025-02-20_00-41-41\ARMCM55_FP_MVE_config_6496b7ee.txt
2025-02-20 00:41:41,448 - INFO - Copied and removed: E:\backup\files\Users\USER\AppData\Local\Arduino15\packages\Seeeduino\tools\CMSIS\5.7.0\CMSIS\DSP\Examples\ARM\arm_sin_cos_example\ARMCM7_SP_config.txt -> C:\Users\USER/Documents/Harvested_Data\W11-Vik_USER\2025-02-20_00-41-41\ARMCM7_SP_config_01f4fba2.txt
2025-02-20 00:41:41,456 - INFO - Copied and removed: E:\backup\files\Users\USER\AppData\Local\Arduino15\packages\Seeeduino\tools\CMSIS\5.7.0\CMSIS\DSP\Examples\ARM\arm_svm_example\ARMCM4_FP_config.txt -> C:\Users\USER/Documents/Harvested_Data\W11-Vik_USER\2025-02-20_00-41-41\ARMCM4_FP_config_95513a4a.txt
2025-02-20 00:41:41,466 - INFO - Copied and removed: E:\backup\files\Users\USER\AppData\Local\Arduino15\packages\Seeeduino\tools\CMSIS\5.7.0\CMSIS\DSP\Examples\ARM\arm_svm_example\ARMCM55_FP_MVE_config.txt -> C:\Users\USER/Documents/Harvested_Data\W11-Vik_USER\2025-02-20_00-41-41\ARMCM55_FP_MVE_config_6496b7ee.txt
2025-02-20 00:41:41,474 - INFO - Copied and removed: E:\backup\files\Users\USER\AppData\Local\Arduino15\packages\Seeeduino\tools\CMSIS\5.7.0\CMSIS\DSP\Examples\ARM\arm_svm_example\ARMCM7_SP_config.txt -> C:\Users\USER/Documents/Harvested_Data\W11-Vik_USER\2025-02-20_00-41-41\ARMCM7_SP_config_01f4fba2.txt
2025-02-20 00:41:41,482 - INFO - Copied and removed: E:\backup\files\Users\USER\AppData\Local\Arduino15\packages\Seeeduino\tools\CMSIS\5.7.0\CMSIS\DSP\Examples\ARM\arm_variance_example\ARMCM4_FP_config.txt -> C:\Users\USER/Documents/Harvested_Data\W11-Vik_USER\2025-02-20_00-41-41\ARMCM4_FP_config_95513a4a.txt
2025-02-20 00:41:41,492 - INFO - Copied and removed: E:\backup\files\Users\USER\AppData\Local\Arduino15\packages\Seeeduino\tools\CMSIS\5.7.0\CMSIS\DSP\Examples\ARM\arm_variance_example\ARMCM55_FP_MVE_config.txt -> C:\Users\USER/Documents/Harvested_Data\W11-Vik_USER\2025-02-20_00-41-41\ARMCM55_FP_MVE_config_6496b7ee.txt
2025-02-20 00:41:41,500 - INFO - Copied and removed: E:\backup\files\Users\USER\AppData\Local\Arduino15\packages\Seeeduino\tools\CMSIS\5.7.0\CMSIS\DSP\Examples\ARM\arm_variance_example\ARMCM7_SP_config.txt -> C:\Users\USER/Documents/Harvested_Data\W11-Vik_USER\2025-02-20_00-41-41\ARMCM7_SP_config_01f4fba2.txt
2025-02-20 00:41:41,525 - INFO - Copied and removed: E:\backup\files\Users\USER\AppData\Local\Arduino15\packages\Seeeduino\tools\CMSIS\5.7.0\CMSIS\DSP\Source\CMakeLists.txt -> C:\Users\USER/Documents/Harvested_Data\W11-Vik_USER\2025-02-20_00-41-41\CMakeLists_86d72697.txt
2025-02-20 00:41:41,543 - INFO - Copied and removed: E:\backup\files\Users\USER\AppData\Local\Arduino15\packages\Seeeduino\tools\CMSIS\5.7.0\CMSIS\DSP\Source\ComplexMathFunctions\CMakeLists.txt -> C:\Users\USER/Documents/Harvested_Data\W11-Vik_USER\2025-02-20_00-41-41\CMakeLists_4a074ff3.txt
2025-02-20 00:41:41,558 - INFO - Copied and removed: E:\backup\files\Users\USER\AppData\Local\Arduino15\packages\Seeeduino\tools\CMSIS\5.7.0\CMSIS\DSP\Source\ControllerFunctions\CMakeLists.txt -> C:\Users\USER/Documents/Harvested_Data\W11-Vik_USER\2025-02-20_00-41-41\CMakeLists_3f84430e.txt
2025-02-20 00:41:41,572 - INFO - Copied and removed: E:\backup\files\Users\USER\AppData\Local\Arduino15\packages\Seeeduino\tools\CMSIS\5.7.0\CMSIS\DSP\Source\FastMathFunctions\CMakeLists.txt -> C:\Users\USER/Documents/Harvested_Data\W11-Vik_USER\2025-02-20_00-41-41\CMakeLists_53214cdb.txt
2025-02-20 00:41:41,592 - INFO - Copied and removed: E:\backup\files\Users\USER\AppData\Local\Arduino15\packages\Seeeduino\tools\CMSIS\5.7.0\CMSIS\DSP\Source\FilteringFunctions\CMakeLists.txt -> C:\Users\USER/Documents/Harvested_Data\W11-Vik_USER\2025-02-20_00-41-41\CMakeLists_eff34743.txt
2025-02-20 00:41:41,608 - INFO - Copied and removed: E:\backup\files\Users\USER\AppData\Local\Arduino15\packages\Seeeduino\tools\CMSIS\5.7.0\CMSIS\DSP\Source\TransformFunctions\CMakeLists.txt -> C:\Users\USER/Documents/Harvested_Data\W11-Vik_USER\2025-02-20_00-41-41\CMakeLists_4daa331f.txt
2025-02-20 00:41:41,628 - INFO - Copied and removed: E:\backup\files\Users\USER\AppData\Local\Arduino15\packages\Seeeduino\tools\CMSIS\5.7.0\CMSIS\NN\Source\CMakeLists.txt -> C:\Users\USER/Documents/Harvested_Data\W11-Vik_USER\2025-02-20_00-41-41\CMakeLists_2ea97473.txt
2025-02-20 00:41:41,643 - INFO - Copied and removed: E:\backup\files\Users\USER\AppData\Local\Arduino15\packages\Seeeduino\tools\CMSIS\5.7.0\CMSIS\NN\Tests\UnitTest\PregeneratedData\basic\input.txt -> C:\Users\USER/Documents/Harvested_Data\W11-Vik_USER\2025-02-20_00-41-41\input_2393a154.txt
2025-02-20 00:41:41,663 - INFO - Copied and removed: E:\backup\files\Users\USER\AppData\Local\Arduino15\packages\Seeeduino\tools\CMSIS\5.7.0\CMSIS\NN\Tests\UnitTest\PregeneratedData\kernel1x1\input.txt -> C:\Users\USER/Documents/Harvested_Data\W11-Vik_USER\2025-02-20_00-41-41\input_ad58fc56.txt
2025-02-20 00:41:41,677 - INFO - Copied and removed: E:\backup\files\Users\USER\AppData\Local\Arduino15\packages\Seeeduino\tools\CMSIS\5.7.0\CMSIS\NN\Tests\UnitTest\PregeneratedData\kernel1x1\kernel.txt -> C:\Users\USER/Documents/Harvested_Data\W11-Vik_USER\2025-02-20_00-41-41\kernel_f71f84e7.txt
2025-02-20 00:41:41,692 - INFO - Copied and removed: E:\backup\files\Users\USER\AppData\Local\Arduino15\packages\Seeeduino\tools\CMSIS\5.7.0\CMSIS\NN\Tests\UnitTest\PregeneratedData\stride2pad1\input.txt -> C:\Users\USER/Documents/Harvested_Data\W11-Vik_USER\2025-02-20_00-41-41\input_f6484eab.txt
2025-02-20 00:41:41,708 - INFO - Copied and removed: E:\backup\files\Users\USER\AppData\Local\Arduino15\packages\Seeeduino\tools\CMSIS\5.7.0\CMSIS\Pack\Bash\MyVendor.MyPack.pdsc.txt -> C:\Users\USER/Documents/Harvested_Data\W11-Vik_USER\2025-02-20_00-41-41\MyVendor.MyPack.pdsc_de7270e5.txt
2025-02-20 00:41:41,730 - INFO - Copied and removed: E:\backup\files\Users\USER\AppData\Local\Arduino15\packages\Seeeduino\tools\CMSIS\5.7.0\CMSIS\Pack\Example\Keil.LPC1800_DFP.pdsc.txt -> C:\Users\USER/Documents/Harvested_Data\W11-Vik_USER\2025-02-20_00-41-41\Keil.LPC1800_DFP.pdsc_c5e40bcf.txt
2025-02-20 00:41:41,746 - INFO - Copied and removed: E:\backup\files\Users\USER\AppData\Local\Arduino15\packages\Seeeduino\tools\CMSIS\5.7.0\CMSIS\Pack\Example\Boards\Keil\MCB1800\Blinky\Abstract.txt -> C:\Users\USER/Documents/Harvested_Data\W11-Vik_USER\2025-02-20_00-41-41\Abstract_505a8800.txt
2025-02-20 00:41:41,763 - INFO - Copied and removed: E:\backup\files\Users\USER\AppData\Local\Arduino15\packages\Seeeduino\tools\CMSIS\5.7.0\CMSIS\Pack\Example\Boards\Keil\MCB1800\Blinky_ULp\Abstract.txt -> C:\Users\USER/Documents/Harvested_Data\W11-Vik_USER\2025-02-20_00-41-41\Abstract_886388bd.txt
2025-02-20 00:41:41,783 - INFO - Copied and removed: E:\backup\files\Users\USER\AppData\Local\Arduino15\packages\Seeeduino\tools\CMSIS\5.7.0\CMSIS\RTOS\Template\Hist.txt -> C:\Users\USER/Documents/Harvested_Data\W11-Vik_USER\2025-02-20_00-41-41\Hist_8f3f7355.txt
2025-02-20 00:41:41,808 - INFO - Copied and removed: E:\backup\files\Users\USER\AppData\Local\Arduino15\packages\Seeeduino\tools\CMSIS\5.7.0\CMSIS\RTOS2\RTX\Examples\TrustZoneV8M\NoRTOS\ARMCM33_DSP_FP_TZ_config.txt -> C:\Users\USER/Documents/Harvested_Data\W11-Vik_USER\2025-02-20_00-41-41\ARMCM33_DSP_FP_TZ_config_0ff2da9b.txt
2025-02-20 00:41:41,825 - INFO - Copied and removed: E:\backup\files\Users\USER\AppData\Local\Arduino15\packages\Seeeduino\tools\CMSIS\5.7.0\CMSIS\RTOS2\RTX\Examples\TrustZoneV8M\RTOS\ARMCM33_DSP_FP_TZ_config.txt -> C:\Users\USER/Documents/Harvested_Data\W11-Vik_USER\2025-02-20_00-41-41\ARMCM33_DSP_FP_TZ_config_0ff2da9b.txt
2025-02-20 00:41:41,835 - INFO - Copied and removed: E:\backup\files\Users\USER\AppData\Local\Arduino15\packages\Seeeduino\tools\CMSIS\5.7.0\CMSIS\RTOS2\RTX\Examples\TrustZoneV8M\RTOS_Faults\ARMCM33_DSP_FP_TZ_config.txt -> C:\Users\USER/Documents/Harvested_Data\W11-Vik_USER\2025-02-20_00-41-41\ARMCM33_DSP_FP_TZ_config_0ff2da9b.txt
2025-02-20 00:41:41,852 - INFO - Copied and removed: E:\backup\files\Users\USER\AppData\Local\Arduino15\packages\Seeeduino\tools\CMSIS\5.7.0\Device\_Template_Flash\Abstract.txt -> C:\Users\USER/Documents/Harvested_Data\W11-Vik_USER\2025-02-20_00-41-41\Abstract_d5e08037.txt
2025-02-20 00:41:41,867 - INFO - Copied and removed: E:\backup\files\Users\USER\AppData\Local\Arduino15\packages\Seeeduino\tools\CMSIS\5.7.0\Device\_Template_Vendor\ReadMe.txt -> C:\Users\USER/Documents/Harvested_Data\W11-Vik_USER\2025-02-20_00-41-41\ReadMe_7fe8f63f.txt
2025-02-20 00:41:41,893 - INFO - Copied and removed: E:\backup\files\Users\USER\AppData\Local\Discord\SquirrelSetup.log -> C:\Users\USER/Documents/Harvested_Data\W11-Vik_USER\2025-02-20_00-41-41\SquirrelSetup_975c5007.log
2025-02-20 00:41:41,910 - INFO - Copied and removed: E:\backup\files\Users\USER\AppData\Local\Discord\app-1.0.9182\modules\discord_dispatch-1\discord_dispatch\dispatch.log -> C:\Users\USER/Documents/Harvested_Data\W11-Vik_USER\2025-02-20_00-41-41\dispatch_93e4aecf.log
2025-02-20 00:41:41,925 - INFO - Copied and removed: E:\backup\files\Users\USER\AppData\Local\Epic Games\EOSOverlay\BrowserCache\Local Storage\leveldb\000003.log -> C:\Users\USER/Documents/Harvested_Data\W11-Vik_USER\2025-02-20_00-41-41\000003_f1f660cc.log
2025-02-20 00:41:41,948 - INFO - Copied and removed: E:\backup\files\Users\USER\AppData\Local\Epic Games\Epic Online Services\Bootstrapper\Logs\EOSBootstrapper.log -> C:\Users\USER/Documents/Harvested_Data\W11-Vik_USER\2025-02-20_00-41-41\EOSBootstrapper_076c201f.log
2025-02-20 00:41:41,971 - INFO - Copied and removed: E:\backup\files\Users\USER\AppData\Local\Epic Games\Epic Online Services\UI Helper\Logs\CEF.log -> C:\Users\USER/Documents/Harvested_Data\W11-Vik_USER\2025-02-20_00-41-41\CEF_c1ff7882.log
2025-02-20 00:41:41,990 - INFO - Copied and removed: E:\backup\files\Users\USER\AppData\Local\Epic Games\Epic Online Services\UI Helper\Logs\EOSUIHelper.log -> C:\Users\USER/Documents/Harvested_Data\W11-Vik_USER\2025-02-20_00-41-41\EOSUIHelper_9847d73f.log
2025-02-20 00:41:42,011 - INFO - Copied and removed: E:\backup\files\Users\USER\AppData\Local\Epic Games\Epic Online Services\UserHelper\Logs\UserHelper-2025.02.07-09.57.47(0).log -> C:\Users\USER/Documents/Harvested_Data\W11-Vik_USER\2025-02-20_00-41-42\UserHelper-2025.02.07-09.57.47(0)_c28c4b13.log
2025-02-20 00:41:42,029 - INFO - Copied and removed: E:\backup\files\Users\USER\AppData\Local\Epic Games\Epic Online Services\UserHelper\Logs\UserHelper-2025.02.07-09.57.47(1).log -> C:\Users\USER/Documents/Harvested_Data\W11-Vik_USER\2025-02-20_00-41-42\UserHelper-2025.02.07-09.57.47(1)_ddeda180.log
2025-02-20 00:41:42,048 - INFO - Copied and removed: E:\backup\files\Users\USER\AppData\Local\Epic Games\Epic Online Services\UserHelper\Logs\UserHelper-2025.02.07-09.57.47.log -> C:\Users\USER/Documents/Harvested_Data\W11-Vik_USER\2025-02-20_00-41-42\UserHelper-2025.02.07-09.57.47_a1655cde.log
2025-02-20 00:41:42,078 - INFO - Copied and removed: E:\backup\files\Users\USER\AppData\Local\Epic Games\Epic Online Services\UserHelper\Logs\UserHelper-2025.02.07-09.58.41.log -> C:\Users\USER/Documents/Harvested_Data\W11-Vik_USER\2025-02-20_00-41-42\UserHelper-2025.02.07-09.58.41_0ba6dac7.log
2025-02-20 00:41:42,101 - INFO - Copied and removed: E:\backup\files\Users\USER\AppData\Local\Epic Games\Epic Online Services\UserHelper\Logs\UserHelper-2025.02.07-09.58.42(0).log -> C:\Users\USER/Documents/Harvested_Data\W11-Vik_USER\2025-02-20_00-41-42\UserHelper-2025.02.07-09.58.42(0)_422fbf7c.log
2025-02-20 00:41:42,124 - INFO - Copied and removed: E:\backup\files\Users\USER\AppData\Local\Epic Games\Epic Online Services\UserHelper\Logs\UserHelper-2025.02.07-09.58.42.log -> C:\Users\USER/Documents/Harvested_Data\W11-Vik_USER\2025-02-20_00-41-42\UserHelper-2025.02.07-09.58.42_4ad26c0a.log
2025-02-20 00:41:42,142 - INFO - Copied and removed: E:\backup\files\Users\USER\AppData\Local\Epic Games\Epic Online Services\UserHelper\Logs\UserHelper-2025.02.18-09.13.36.log -> C:\Users\USER/Documents/Harvested_Data\W11-Vik_USER\2025-02-20_00-41-42\UserHelper-2025.02.18-09.13.36_193b429a.log
2025-02-20 00:41:42,161 - INFO - Copied and removed: E:\backup\files\Users\USER\AppData\Local\Epic Games\Epic Online Services\UserHelper\Logs\UserHelper-2025.02.18-09.13.37(0).log -> C:\Users\USER/Documents/Harvested_Data\W11-Vik_USER\2025-02-20_00-41-42\UserHelper-2025.02.18-09.13.37(0)_44bd4c17.log
2025-02-20 00:41:42,179 - INFO - Copied and removed: E:\backup\files\Users\USER\AppData\Local\Epic Games\Epic Online Services\UserHelper\Logs\UserHelper-2025.02.18-09.13.37.log -> C:\Users\USER/Documents/Harvested_Data\W11-Vik_USER\2025-02-20_00-41-42\UserHelper-2025.02.18-09.13.37_2ebe313a.log
2025-02-20 00:41:42,221 - INFO - Copied and removed: E:\backup\files\Users\USER\AppData\Local\EpicGamesLauncher\Saved\Logs\EpicGamesLauncher.log -> C:\Users\USER/Documents/Harvested_Data\W11-Vik_USER\2025-02-20_00-41-42\EpicGamesLauncher_a855928c.log
2025-02-20 00:41:42,249 - INFO - Copied and removed: E:\backup\files\Users\USER\AppData\Local\EpicGamesLauncher\Saved\Logs\EpicGamesLauncher_2.log -> C:\Users\USER/Documents/Harvested_Data\W11-Vik_USER\2025-02-20_00-41-42\EpicGamesLauncher_2_e8e3abd2.log
2025-02-20 00:41:42,271 - INFO - Copied and removed: E:\backup\files\Users\USER\AppData\Local\EpicGamesLauncher\Saved\Logs\SelfUpdatePrereqInstall.log -> C:\Users\USER/Documents/Harvested_Data\W11-Vik_USER\2025-02-20_00-41-42\SelfUpdatePrereqInstall_d47d763c.log
2025-02-20 00:41:42,302 - INFO - Copied and removed: E:\backup\files\Users\USER\AppData\Local\EpicGamesLauncher\Saved\Logs\SelfUpdatePrereqInstall_0_PortalPrereqSetup.log -> C:\Users\USER/Documents/Harvested_Data\W11-Vik_USER\2025-02-20_00-41-42\SelfUpdatePrereqInstall_0_PortalPrereqSetup_2b0e95a3.log
2025-02-20 00:41:42,322 - INFO - Copied and removed: E:\backup\files\Users\USER\AppData\Local\EpicGamesLauncher\Saved\webcache_4430\Local Storage\leveldb\000003.log -> C:\Users\USER/Documents/Harvested_Data\W11-Vik_USER\2025-02-20_00-41-42\000003_bd06101c.log
2025-02-20 00:41:42,335 - INFO - Copied and removed: E:\backup\files\Users\USER\AppData\Local\EpicGamesLauncher\Saved\webcache_4430\Service Worker\Database\000003.log -> C:\Users\USER/Documents/Harvested_Data\W11-Vik_USER\2025-02-20_00-41-42\000003_1fd0dfae.log
2025-02-20 00:41:42,353 - INFO - Copied and removed: E:\backup\files\Users\USER\AppData\Local\Google\Chrome\User Data\Default\Local Storage\leveldb\000007.log -> C:\Users\USER/Documents/Harvested_Data\W11-Vik_USER\2025-02-20_00-41-42\000007_4c166cd2.log
2025-02-20 00:41:42,369 - INFO - Copied and removed: E:\backup\files\Users\USER\AppData\Local\Google\Chrome\User Data\Default\Service Worker\Database\000003.log -> C:\Users\USER/Documents/Harvested_Data\W11-Vik_USER\2025-02-20_00-41-42\000003_8c3dee8b.log
2025-02-20 00:41:42,384 - INFO - Copied and removed: E:\backup\files\Users\USER\AppData\Local\Google\Chrome\User Data\Default\Session Storage\000003.log -> C:\Users\USER/Documents/Harvested_Data\W11-Vik_USER\2025-02-20_00-41-42\000003_4b1accaa.log
2025-02-20 00:41:42,402 - INFO - Copied and removed: E:\backup\files\Users\USER\AppData\Local\Google\Chrome\User Data\Default\shared_proto_db\000003.log -> C:\Users\USER/Documents/Harvested_Data\W11-Vik_USER\2025-02-20_00-41-42\000003_5bd5bb07.log
2025-02-20 00:41:42,416 - INFO - Copied and removed: E:\backup\files\Users\USER\AppData\Local\Google\Chrome\User Data\Default\shared_proto_db\metadata\000003.log -> C:\Users\USER/Documents/Harvested_Data\W11-Vik_USER\2025-02-20_00-41-42\000003_a05e0638.log
2025-02-20 00:41:42,430 - INFO - Copied and removed: E:\backup\files\Users\USER\AppData\Local\Google\Chrome\User Data\Default\Sync Data\LevelDB\000003.log -> C:\Users\USER/Documents/Harvested_Data\W11-Vik_USER\2025-02-20_00-41-42\000003_e2fd2ab6.log
2025-02-20 00:41:42,443 - INFO - Copied and removed: E:\backup\files\Users\USER\AppData\Local\Google\Chrome\User Data\Default\WebStorage\2\IndexedDB\indexeddb.leveldb\000003.log -> C:\Users\USER/Documents/Harvested_Data\W11-Vik_USER\2025-02-20_00-41-42\000003_556bd2be.log
2025-02-20 00:41:42,472 - INFO - Copied and removed: E:\backup\files\Users\USER\AppData\Local\Google\Chrome\User Data\optimization_guide_model_store\24\E6DC4029A1E4B4C1\6FC92427185DD1A8\enus_denylist_encoded_241007.txt -> C:\Users\USER/Documents/Harvested_Data\W11-Vik_USER\2025-02-20_00-41-42\enus_denylist_encoded_241007_10c8ff7a.txt
2025-02-20 00:41:42,496 - INFO - Copied and removed: E:\backup\files\Users\USER\AppData\Local\Google\Chrome\User Data\Subresource Filter\Unindexed Rules\9.54.0\LICENSE.txt -> C:\Users\USER/Documents/Harvested_Data\W11-Vik_USER\2025-02-20_00-41-42\LICENSE_1d4ff95c.txt
2025-02-20 00:41:42,536 - INFO - Copied and removed: E:\backup\files\Users\USER\AppData\Local\Google\Chrome\User Data\ZxcvbnData\3\english_wikipedia.txt -> C:\Users\USER/Documents/Harvested_Data\W11-Vik_USER\2025-02-20_00-41-42\english_wikipedia_b29af10c.txt
2025-02-20 00:41:42,558 - INFO - Copied and removed: E:\backup\files\Users\USER\AppData\Local\Google\Chrome\User Data\ZxcvbnData\3\female_names.txt -> C:\Users\USER/Documents/Harvested_Data\W11-Vik_USER\2025-02-20_00-41-42\female_names_08346ad8.txt
2025-02-20 00:41:42,577 - INFO - Copied and removed: E:\backup\files\Users\USER\AppData\Local\Google\Chrome\User Data\ZxcvbnData\3\male_names.txt -> C:\Users\USER/Documents/Harvested_Data\W11-Vik_USER\2025-02-20_00-41-42\male_names_34519e42.txt
2025-02-20 00:41:42,607 - INFO - Copied and removed: E:\backup\files\Users\USER\AppData\Local\Google\Chrome\User Data\ZxcvbnData\3\passwords.txt -> C:\Users\USER/Documents/Harvested_Data\W11-Vik_USER\2025-02-20_00-41-42\passwords_f65b1679.txt
2025-02-20 00:41:42,629 - INFO - Copied and removed: E:\backup\files\Users\USER\AppData\Local\Google\Chrome\User Data\ZxcvbnData\3\surnames.txt -> C:\Users\USER/Documents/Harvested_Data\W11-Vik_USER\2025-02-20_00-41-42\surnames_3362648c.txt
2025-02-20 00:41:42,656 - INFO - Copied and removed: E:\backup\files\Users\USER\AppData\Local\Google\Chrome\User Data\ZxcvbnData\3\us_tv_and_film.txt -> C:\Users\USER/Documents/Harvested_Data\W11-Vik_USER\2025-02-20_00-41-42\us_tv_and_film_f146e15e.txt
2025-02-20 00:41:42,674 - INFO - Copied and removed: E:\backup\files\Users\USER\AppData\Local\Microsoft\AppCertKit\logotest_trace_292025_16459.txt -> C:\Users\USER/Documents/Harvested_Data\W11-Vik_USER\2025-02-20_00-41-42\logotest_trace_292025_16459_73298a5b.txt
2025-02-20 00:41:42,695 - INFO - Copied and removed: E:\backup\files\Users\USER\AppData\Local\Microsoft\CLR_v4.0\ngen.log -> C:\Users\USER/Documents/Harvested_Data\W11-Vik_USER\2025-02-20_00-41-42\ngen_1f5724e6.log
2025-02-20 00:41:42,722 - INFO - Copied and removed: E:\backup\files\Users\USER\AppData\Local\Microsoft\CLR_v4.0_32\ngen.log -> C:\Users\USER/Documents/Harvested_Data\W11-Vik_USER\2025-02-20_00-41-42\ngen_ce6412c2.log
2025-02-20 00:41:42,741 - INFO - Copied and removed: E:\backup\files\Users\USER\AppData\Local\Microsoft\Edge\User Data\Default\favorites_diagnostic.log -> C:\Users\USER/Documents/Harvested_Data\W11-Vik_USER\2025-02-20_00-41-42\favorites_diagnostic_9f8a25f2.log
2025-02-20 00:41:42,817 - INFO - Copied and removed: E:\backup\files\Users\USER\AppData\Local\Microsoft\Edge\User Data\Default\Asset Store\assets.db\000010.log -> C:\Users\USER/Documents/Harvested_Data\W11-Vik_USER\2025-02-20_00-41-42\000010_af2d858f.log
2025-02-20 00:41:42,830 - INFO - Copied and removed: E:\backup\files\Users\USER\AppData\Local\Microsoft\Edge\User Data\Default\EdgePushStorageWithWinRt\000003.log -> C:\Users\USER/Documents/Harvested_Data\W11-Vik_USER\2025-02-20_00-41-42\000003_f6bff11e.log
2025-02-20 00:41:42,914 - INFO - Copied and removed: E:\backup\files\Users\USER\AppData\Local\Microsoft\Edge\User Data\Default\Extension State\000003.log -> C:\Users\USER/Documents/Harvested_Data\W11-Vik_USER\2025-02-20_00-41-42\000003_5eb44fe8.log
2025-02-20 00:41:42,932 - INFO - Copied and removed: E:\backup\files\Users\USER\AppData\Local\Microsoft\Edge\User Data\Default\Extensions\cnlefmmeadmemmdciolhbnfeacpdfbkd\14.1094.0_0\src\js\Grammarly-bg.js.LICENSE.txt -> C:\Users\USER/Documents/Harvested_Data\W11-Vik_USER\2025-02-20_00-41-42\Grammarly-bg.js.LICENSE_52fefb07.txt
2025-02-20 00:41:42,949 - INFO - Copied and removed: E:\backup\files\Users\USER\AppData\Local\Microsoft\Edge\User Data\Default\Extensions\cnlefmmeadmemmdciolhbnfeacpdfbkd\14.1094.0_0\src\js\Grammarly-gDocs.js.LICENSE.txt -> C:\Users\USER/Documents/Harvested_Data\W11-Vik_USER\2025-02-20_00-41-42\Grammarly-gDocs.js.LICENSE_ee945d92.txt
2025-02-20 00:41:42,966 - INFO - Copied and removed: E:\backup\files\Users\USER\AppData\Local\Microsoft\Edge\User Data\Default\Extensions\cnlefmmeadmemmdciolhbnfeacpdfbkd\14.1094.0_0\src\js\Grammarly-popup.js.LICENSE.txt -> C:\Users\USER/Documents/Harvested_Data\W11-Vik_USER\2025-02-20_00-41-42\Grammarly-popup.js.LICENSE_5de42d1f.txt
2025-02-20 00:41:42,976 - INFO - Copied and removed: E:\backup\files\Users\USER\AppData\Local\Microsoft\Edge\User Data\Default\Extensions\cnlefmmeadmemmdciolhbnfeacpdfbkd\14.1094.0_0\src\js\Grammarly.js.LICENSE.txt -> C:\Users\USER/Documents/Harvested_Data\W11-Vik_USER\2025-02-20_00-41-42\Grammarly.js.LICENSE_ee945d92.txt
2025-02-20 00:41:42,992 - INFO - Copied and removed: E:\backup\files\Users\USER\AppData\Local\Microsoft\Edge\User Data\Default\File System\002\t\Paths\000003.log -> C:\Users\USER/Documents/Harvested_Data\W11-Vik_USER\2025-02-20_00-41-42\000003_12d7411c.log
2025-02-20 00:41:43,035 - INFO - Copied and removed: E:\backup\files\Users\USER\AppData\Local\Microsoft\Edge\User Data\Default\IndexedDB\chrome-extension_ndcileolkflehcjpmjnfbnaibdcgglog_0.indexeddb.leveldb\000003.log -> C:\Users\USER/Documents/Harvested_Data\W11-Vik_USER\2025-02-20_00-41-43\000003_d5c5c66f.log
2025-02-20 00:41:43,055 - INFO - Copied and removed: E:\backup\files\Users\USER\AppData\Local\Microsoft\Edge\User Data\Default\IndexedDB\https_app.netdata.cloud_0.indexeddb.leveldb\000004.log -> C:\Users\USER/Documents/Harvested_Data\W11-Vik_USER\2025-02-20_00-41-43\000004_8f3c3e52.log
2025-02-20 00:41:43,073 - INFO - Copied and removed: E:\backup\files\Users\USER\AppData\Local\Microsoft\Edge\User Data\Default\IndexedDB\https_apps.microsoft.com_0.indexeddb.leveldb\000004.log -> C:\Users\USER/Documents/Harvested_Data\W11-Vik_USER\2025-02-20_00-41-43\000004_67300616.log
2025-02-20 00:41:43,090 - INFO - Copied and removed: E:\backup\files\Users\USER\AppData\Local\Microsoft\Edge\User Data\Default\IndexedDB\https_arc.net_0.indexeddb.leveldb\000004.log -> C:\Users\USER/Documents/Harvested_Data\W11-Vik_USER\2025-02-20_00-41-43\000004_ce006c83.log
2025-02-20 00:41:43,120 - INFO - Copied and removed: E:\backup\files\Users\USER\AppData\Local\Microsoft\Edge\User Data\Default\IndexedDB\https_chatgpt.com_0.indexeddb.leveldb\000011.log -> C:\Users\USER/Documents/Harvested_Data\W11-Vik_USER\2025-02-20_00-41-43\000011_b18de18b.log
2025-02-20 00:41:43,144 - INFO - Copied and removed: E:\backup\files\Users\USER\AppData\Local\Microsoft\Edge\User Data\Default\IndexedDB\https_docs.google.com_0.indexeddb.leveldb\000003.log -> C:\Users\USER/Documents/Harvested_Data\W11-Vik_USER\2025-02-20_00-41-43\000003_af97ef6a.log
2025-02-20 00:41:43,186 - INFO - Copied and removed: E:\backup\files\Users\USER\AppData\Local\Microsoft\Edge\User Data\Default\IndexedDB\https_drive.google.com_0.indexeddb.leveldb\000003.log -> C:\Users\USER/Documents/Harvested_Data\W11-Vik_USER\2025-02-20_00-41-43\000003_d56df278.log
2025-02-20 00:41:43,211 - INFO - Copied and removed: E:\backup\files\Users\USER\AppData\Local\Microsoft\Edge\User Data\Default\IndexedDB\https_excel.officeapps.live.com_0.indexeddb.leveldb\000003.log -> C:\Users\USER/Documents/Harvested_Data\W11-Vik_USER\2025-02-20_00-41-43\000003_c0b2f9c5.log
2025-02-20 00:41:43,224 - INFO - Copied and removed: E:\backup\files\Users\USER\AppData\Local\Microsoft\Edge\User Data\Default\IndexedDB\https_fictionhorizon.com_0.indexeddb.leveldb\000004.log -> C:\Users\USER/Documents/Harvested_Data\W11-Vik_USER\2025-02-20_00-41-43\000004_7a5c2c88.log
2025-02-20 00:41:43,238 - INFO - Copied and removed: E:\backup\files\Users\USER\AppData\Local\Microsoft\Edge\User Data\Default\IndexedDB\https_hak5.org_0.indexeddb.leveldb\000003.log -> C:\Users\USER/Documents/Harvested_Data\W11-Vik_USER\2025-02-20_00-41-43\000003_f9f6a432.log
2025-02-20 00:41:43,252 - INFO - Copied and removed: E:\backup\files\Users\USER\AppData\Local\Microsoft\Edge\User Data\Default\IndexedDB\https_imgur.com_0.indexeddb.leveldb\000004.log -> C:\Users\USER/Documents/Harvested_Data\W11-Vik_USER\2025-02-20_00-41-43\000004_514ec363.log
2025-02-20 00:41:43,332 - INFO - Copied and removed: E:\backup\files\Users\USER\AppData\Local\Microsoft\Edge\User Data\Default\IndexedDB\https_m365.cloud.microsoft_0.indexeddb.leveldb\000004.log -> C:\Users\USER/Documents/Harvested_Data\W11-Vik_USER\2025-02-20_00-41-43\000004_1829ce50.log
2025-02-20 00:41:43,345 - INFO - Copied and removed: E:\backup\files\Users\USER\AppData\Local\Microsoft\Edge\User Data\Default\IndexedDB\https_mail.proton.me_0.indexeddb.leveldb\000387.log -> C:\Users\USER/Documents/Harvested_Data\W11-Vik_USER\2025-02-20_00-41-43\000387_b9e6e89c.log
2025-02-20 00:41:43,362 - INFO - Copied and removed: E:\backup\files\Users\USER\AppData\Local\Microsoft\Edge\User Data\Default\IndexedDB\https_ntp.msn.com_0.indexeddb.leveldb\000015.log -> C:\Users\USER/Documents/Harvested_Data\W11-Vik_USER\2025-02-20_00-41-43\000015_9f68974b.log
2025-02-20 00:41:43,408 - INFO - Copied and removed: E:\backup\files\Users\USER\AppData\Local\Microsoft\Edge\User Data\Default\IndexedDB\https_onedrive.live.com_0.indexeddb.leveldb\000013.log -> C:\Users\USER/Documents/Harvested_Data\W11-Vik_USER\2025-02-20_00-41-43\000013_46efa1e9.log
2025-02-20 00:41:43,477 - INFO - Copied and removed: E:\backup\files\Users\USER\AppData\Local\Microsoft\Edge\User Data\Default\IndexedDB\https_open.spotify.com_0.indexeddb.leveldb\000006.log -> C:\Users\USER/Documents/Harvested_Data\W11-Vik_USER\2025-02-20_00-41-43\000006_4b913861.log
2025-02-20 00:41:43,492 - INFO - Copied and removed: E:\backup\files\Users\USER\AppData\Local\Microsoft\Edge\User Data\Default\IndexedDB\https_opennote.me_0.indexeddb.leveldb\000003.log -> C:\Users\USER/Documents/Harvested_Data\W11-Vik_USER\2025-02-20_00-41-43\000003_c2bbbf39.log
2025-02-20 00:41:43,507 - INFO - Copied and removed: E:\backup\files\Users\USER\AppData\Local\Microsoft\Edge\User Data\Default\IndexedDB\https_phoenixnap.com_0.indexeddb.leveldb\000003.log -> C:\Users\USER/Documents/Harvested_Data\W11-Vik_USER\2025-02-20_00-41-43\000003_a5d32190.log
2025-02-20 00:41:43,545 - INFO - Copied and removed: E:\backup\files\Users\USER\AppData\Local\Microsoft\Edge\User Data\Default\IndexedDB\https_universidadfv-my.sharepoint.com_0.indexeddb.leveldb\000017.log -> C:\Users\USER/Documents/Harvested_Data\W11-Vik_USER\2025-02-20_00-41-43\000017_0eebc731.log
2025-02-20 00:41:43,562 - INFO - Copied and removed: E:\backup\files\Users\USER\AppData\Local\Microsoft\Edge\User Data\Default\IndexedDB\https_wallet.proton.me_0.indexeddb.leveldb\000003.log -> C:\Users\USER/Documents/Harvested_Data\W11-Vik_USER\2025-02-20_00-41-43\000003_4e41c817.log
2025-02-20 00:41:43,610 - INFO - Copied and removed: E:\backup\files\Users\USER\AppData\Local\Microsoft\Edge\User Data\Default\IndexedDB\https_www.canva.com_0.indexeddb.leveldb\000093.log -> C:\Users\USER/Documents/Harvested_Data\W11-Vik_USER\2025-02-20_00-41-43\000093_92b127ed.log
2025-02-20 00:41:43,624 - INFO - Copied and removed: E:\backup\files\Users\USER\AppData\Local\Microsoft\Edge\User Data\Default\IndexedDB\https_www.epicgames.com_0.indexeddb.leveldb\000003.log -> C:\Users\USER/Documents/Harvested_Data\W11-Vik_USER\2025-02-20_00-41-43\000003_3a8ec582.log
2025-02-20 00:41:43,637 - INFO - Copied and removed: E:\backup\files\Users\USER\AppData\Local\Microsoft\Edge\User Data\Default\IndexedDB\https_www.fortect.com_0.indexeddb.leveldb\000003.log -> C:\Users\USER/Documents/Harvested_Data\W11-Vik_USER\2025-02-20_00-41-43\000003_0a852a4e.log
2025-02-20 00:41:43,673 - INFO - Copied and removed: E:\backup\files\Users\USER\AppData\Local\Microsoft\Edge\User Data\Default\IndexedDB\https_www.linkedin.com_0.indexeddb.leveldb\000004.log -> C:\Users\USER/Documents/Harvested_Data\W11-Vik_USER\2025-02-20_00-41-43\000004_ed5aad6c.log
2025-02-20 00:41:43,687 - INFO - Copied and removed: E:\backup\files\Users\USER\AppData\Local\Microsoft\Edge\User Data\Default\IndexedDB\https_www.netacad.com_0.indexeddb.leveldb\000019.log -> C:\Users\USER/Documents/Harvested_Data\W11-Vik_USER\2025-02-20_00-41-43\000019_db299d12.log
2025-02-20 00:41:43,723 - INFO - Copied and removed: E:\backup\files\Users\USER\AppData\Local\Microsoft\Edge\User Data\Default\IndexedDB\https_www.pinterest.com_0.indexeddb.leveldb\000003.log -> C:\Users\USER/Documents/Harvested_Data\W11-Vik_USER\2025-02-20_00-41-43\000003_04c3c384.log
2025-02-20 00:41:43,736 - INFO - Copied and removed: E:\backup\files\Users\USER\AppData\Local\Microsoft\Edge\User Data\Default\IndexedDB\https_www.planetminecraft.com_0.indexeddb.leveldb\000006.log -> C:\Users\USER/Documents/Harvested_Data\W11-Vik_USER\2025-02-20_00-41-43\000006_269cb5ad.log
2025-02-20 00:41:43,762 - INFO - Copied and removed: E:\backup\files\Users\USER\AppData\Local\Microsoft\Edge\User Data\Default\IndexedDB\https_www.primevideo.com_0.indexeddb.leveldb\000003.log -> C:\Users\USER/Documents/Harvested_Data\W11-Vik_USER\2025-02-20_00-41-43\000003_396366db.log
2025-02-20 00:41:43,799 - INFO - Copied and removed: E:\backup\files\Users\USER\AppData\Local\Microsoft\Edge\User Data\Default\IndexedDB\https_www.reddit.com_0.indexeddb.leveldb\000004.log -> C:\Users\USER/Documents/Harvested_Data\W11-Vik_USER\2025-02-20_00-41-43\000004_3d234525.log
2025-02-20 00:41:43,866 - INFO - Copied and removed: E:\backup\files\Users\USER\AppData\Local\Microsoft\Edge\User Data\Default\IndexedDB\https_www.youtube.com_0.indexeddb.leveldb\000088.log -> C:\Users\USER/Documents/Harvested_Data\W11-Vik_USER\2025-02-20_00-41-43\000088_5731d068.log
2025-02-20 00:41:43,884 - INFO - Copied and removed: E:\backup\files\Users\USER\AppData\Local\Microsoft\Edge\User Data\Default\Local Extension Settings\cnjifjpddelmedmihgijeibhnjfabmlf\000003.log -> C:\Users\USER/Documents/Harvested_Data\W11-Vik_USER\2025-02-20_00-41-43\000003_d6134ab6.log
2025-02-20 00:41:44,017 - INFO - Copied and removed: E:\backup\files\Users\USER\AppData\Local\Microsoft\Edge\User Data\Default\Local Extension Settings\ghmbeldphafepmbegfdlkpapadhbakde\000738.log -> C:\Users\USER/Documents/Harvested_Data\W11-Vik_USER\2025-02-20_00-41-44\000738_2a33cd52.log
2025-02-20 00:41:44,146 - INFO - Copied and removed: E:\backup\files\Users\USER\AppData\Local\Microsoft\Edge\User Data\Default\Local Extension Settings\mnbndgmknlpdjdnjfmfcdjoegcckoikn\001997.log -> C:\Users\USER/Documents/Harvested_Data\W11-Vik_USER\2025-02-20_00-41-44\001997_df8b7eec.log
2025-02-20 00:41:44,182 - INFO - Copied and removed: E:\backup\files\Users\USER\AppData\Local\Microsoft\Edge\User Data\Default\Local Extension Settings\ndcileolkflehcjpmjnfbnaibdcgglog\000029.log -> C:\Users\USER/Documents/Harvested_Data\W11-Vik_USER\2025-02-20_00-41-44\000029_c6edafa3.log
2025-02-20 00:41:44,200 - INFO - Copied and removed: E:\backup\files\Users\USER\AppData\Local\Microsoft\Edge\User Data\Default\Local Storage\leveldb\001740.log -> C:\Users\USER/Documents/Harvested_Data\W11-Vik_USER\2025-02-20_00-41-44\001740_b0dbecf6.log
2025-02-20 00:41:44,216 - INFO - Copied and removed: E:\backup\files\Users\USER\AppData\Local\Microsoft\Edge\User Data\Default\Managed Extension Settings\ndcileolkflehcjpmjnfbnaibdcgglog\000003.log -> C:\Users\USER/Documents/Harvested_Data\W11-Vik_USER\2025-02-20_00-41-44\000003_78caa8a1.log
2025-02-20 00:41:44,238 - INFO - Copied and removed: E:\backup\files\Users\USER\AppData\Local\Microsoft\Edge\User Data\Default\PriceComparison\PriceComparisonAssetStore.db\000003.log -> C:\Users\USER/Documents/Harvested_Data\W11-Vik_USER\2025-02-20_00-41-44\000003_f21825fe.log
2025-02-20 00:41:44,255 - INFO - Copied and removed: E:\backup\files\Users\USER\AppData\Local\Microsoft\Edge\User Data\Default\Service Worker\CacheStorage\579544fd7d0441717f082c9eb123588966aa57ac\index.txt -> C:\Users\USER/Documents/Harvested_Data\W11-Vik_USER\2025-02-20_00-41-44\index_183caf35.txt
2025-02-20 00:41:44,276 - INFO - Copied and removed: E:\backup\files\Users\USER\AppData\Local\Microsoft\Edge\User Data\Default\Service Worker\Database\000004.log -> C:\Users\USER/Documents/Harvested_Data\W11-Vik_USER\2025-02-20_00-41-44\000004_fe1dd42d.log
2025-02-20 00:41:44,291 - INFO - Copied and removed: E:\backup\files\Users\USER\AppData\Local\Microsoft\Edge\User Data\Default\Session Storage\000801.log -> C:\Users\USER/Documents/Harvested_Data\W11-Vik_USER\2025-02-20_00-41-44\000801_d5feb93b.log
2025-02-20 00:41:44,309 - INFO - Copied and removed: E:\backup\files\Users\USER\AppData\Local\Microsoft\Edge\User Data\Default\shared_proto_db\000011.log -> C:\Users\USER/Documents/Harvested_Data\W11-Vik_USER\2025-02-20_00-41-44\000011_68089f5d.log
2025-02-20 00:41:44,325 - INFO - Copied and removed: E:\backup\files\Users\USER\AppData\Local\Microsoft\Edge\User Data\Default\shared_proto_db\metadata\000003.log -> C:\Users\USER/Documents/Harvested_Data\W11-Vik_USER\2025-02-20_00-41-44\000003_f0217e8f.log
2025-02-20 00:41:44,342 - INFO - Copied and removed: E:\backup\files\Users\USER\AppData\Local\Microsoft\Edge\User Data\Default\Site Characteristics Database\000003.log -> C:\Users\USER/Documents/Harvested_Data\W11-Vik_USER\2025-02-20_00-41-44\000003_dbbb6b64.log
2025-02-20 00:41:44,360 - INFO - Copied and removed: E:\backup\files\Users\USER\AppData\Local\Microsoft\Edge\User Data\Default\Sync Data\LevelDB\000908.log -> C:\Users\USER/Documents/Harvested_Data\W11-Vik_USER\2025-02-20_00-41-44\000908_1431c7f2.log
2025-02-20 00:41:44,384 - INFO - Copied and removed: E:\backup\files\Users\USER\AppData\Local\Microsoft\Edge\User Data\Default\Sync Data\Logs\cv_debug.log -> C:\Users\USER/Documents/Harvested_Data\W11-Vik_USER\2025-02-20_00-41-44\cv_debug_7dadcf18.log
2025-02-20 00:41:44,416 - INFO - Copied and removed: E:\backup\files\Users\USER\AppData\Local\Microsoft\Edge\User Data\Default\Sync Data\Logs\sync_diagnostic.log -> C:\Users\USER/Documents/Harvested_Data\W11-Vik_USER\2025-02-20_00-41-44\sync_diagnostic_a5a209a3.log
2025-02-20 00:41:44,569 - INFO - Copied and removed: E:\backup\files\Users\USER\AppData\Local\Microsoft\Edge\User Data\Default\Sync Extension Settings\cnjifjpddelmedmihgijeibhnjfabmlf\000003.log -> C:\Users\USER/Documents/Harvested_Data\W11-Vik_USER\2025-02-20_00-41-44\000003_f5f83831.log
2025-02-20 00:41:44,582 - INFO - Copied and removed: E:\backup\files\Users\USER\AppData\Local\Microsoft\Edge\User Data\Default\WebStorage\104\IndexedDB\indexeddb.leveldb\000003.log -> C:\Users\USER/Documents/Harvested_Data\W11-Vik_USER\2025-02-20_00-41-44\000003_e2e8f9df.log
2025-02-20 00:41:44,597 - INFO - Copied and removed: E:\backup\files\Users\USER\AppData\Local\Microsoft\Edge\User Data\Default\WebStorage\105\IndexedDB\indexeddb.leveldb\000003.log -> C:\Users\USER/Documents/Harvested_Data\W11-Vik_USER\2025-02-20_00-41-44\000003_f451f40b.log
2025-02-20 00:41:44,611 - INFO - Copied and removed: E:\backup\files\Users\USER\AppData\Local\Microsoft\Edge\User Data\Default\WebStorage\108\IndexedDB\indexeddb.leveldb\000003.log -> C:\Users\USER/Documents/Harvested_Data\W11-Vik_USER\2025-02-20_00-41-44\000003_50eeba23.log
2025-02-20 00:41:44,627 - INFO - Copied and removed: E:\backup\files\Users\USER\AppData\Local\Microsoft\Edge\User Data\Default\WebStorage\113\IndexedDB\indexeddb.leveldb\000003.log -> C:\Users\USER/Documents/Harvested_Data\W11-Vik_USER\2025-02-20_00-41-44\000003_75d1f08b.log
2025-02-20 00:41:44,639 - INFO - Copied and removed: E:\backup\files\Users\USER\AppData\Local\Microsoft\Edge\User Data\Default\WebStorage\120\IndexedDB\indexeddb.leveldb\000003.log -> C:\Users\USER/Documents/Harvested_Data\W11-Vik_USER\2025-02-20_00-41-44\000003_a9e91fc1.log
2025-02-20 00:41:44,653 - INFO - Copied and removed: E:\backup\files\Users\USER\AppData\Local\Microsoft\Edge\User Data\Default\WebStorage\121\IndexedDB\indexeddb.leveldb\000003.log -> C:\Users\USER/Documents/Harvested_Data\W11-Vik_USER\2025-02-20_00-41-44\000003_8712e529.log
2025-02-20 00:41:44,672 - INFO - Copied and removed: E:\backup\files\Users\USER\AppData\Local\Microsoft\Edge\User Data\Default\WebStorage\124\IndexedDB\indexeddb.leveldb\000003.log -> C:\Users\USER/Documents/Harvested_Data\W11-Vik_USER\2025-02-20_00-41-44\000003_fb7330d4.log
2025-02-20 00:41:44,687 - INFO - Copied and removed: E:\backup\files\Users\USER\AppData\Local\Microsoft\Edge\User Data\Default\WebStorage\19\IndexedDB\indexeddb.leveldb\000003.log -> C:\Users\USER/Documents/Harvested_Data\W11-Vik_USER\2025-02-20_00-41-44\000003_c6cf861e.log
2025-02-20 00:41:44,710 - INFO - Copied and removed: E:\backup\files\Users\USER\AppData\Local\Microsoft\Edge\User Data\Default\WebStorage\22\IndexedDB\indexeddb.leveldb\000003.log -> C:\Users\USER/Documents/Harvested_Data\W11-Vik_USER\2025-02-20_00-41-44\000003_4b0ac0fe.log
2025-02-20 00:41:44,724 - INFO - Copied and removed: E:\backup\files\Users\USER\AppData\Local\Microsoft\Edge\User Data\Default\WebStorage\33\IndexedDB\indexeddb.leveldb\000003.log -> C:\Users\USER/Documents/Harvested_Data\W11-Vik_USER\2025-02-20_00-41-44\000003_22133429.log
2025-02-20 00:41:44,777 - INFO - Copied and removed: E:\backup\files\Users\USER\AppData\Local\Microsoft\Edge\User Data\Default\WebStorage\38\IndexedDB\indexeddb.leveldb\000004.log -> C:\Users\USER/Documents/Harvested_Data\W11-Vik_USER\2025-02-20_00-41-44\000004_4d1ea4a5.log
2025-02-20 00:41:44,791 - INFO - Copied and removed: E:\backup\files\Users\USER\AppData\Local\Microsoft\Edge\User Data\Default\WebStorage\40\IndexedDB\indexeddb.leveldb\000003.log -> C:\Users\USER/Documents/Harvested_Data\W11-Vik_USER\2025-02-20_00-41-44\000003_f030246e.log
2025-02-20 00:41:44,806 - INFO - Copied and removed: E:\backup\files\Users\USER\AppData\Local\Microsoft\Edge\User Data\Default\WebStorage\59\IndexedDB\indexeddb.leveldb\000003.log -> C:\Users\USER/Documents/Harvested_Data\W11-Vik_USER\2025-02-20_00-41-44\000003_d892e359.log
2025-02-20 00:41:44,823 - INFO - Copied and removed: E:\backup\files\Users\USER\AppData\Local\Microsoft\Edge\User Data\Default\WebStorage\65\IndexedDB\indexeddb.leveldb\000003.log -> C:\Users\USER/Documents/Harvested_Data\W11-Vik_USER\2025-02-20_00-41-44\000003_aceaf4c4.log
2025-02-20 00:41:44,839 - INFO - Copied and removed: E:\backup\files\Users\USER\AppData\Local\Microsoft\Edge\User Data\Default\WebStorage\69\IndexedDB\indexeddb.leveldb\000003.log -> C:\Users\USER/Documents/Harvested_Data\W11-Vik_USER\2025-02-20_00-41-44\000003_7d329cb3.log
2025-02-20 00:41:44,859 - INFO - Copied and removed: E:\backup\files\Users\USER\AppData\Local\Microsoft\Edge\User Data\Default\WebStorage\70\IndexedDB\indexeddb.leveldb\000003.log -> C:\Users\USER/Documents/Harvested_Data\W11-Vik_USER\2025-02-20_00-41-44\000003_f46106eb.log
2025-02-20 00:41:44,866 - INFO - Copied and removed: E:\backup\files\Users\USER\AppData\Local\Microsoft\Edge\User Data\Default\WebStorage\75\IndexedDB\indexeddb.leveldb\000003.log -> C:\Users\USER/Documents/Harvested_Data\W11-Vik_USER\2025-02-20_00-41-44\000003_a9e91fc1.log
2025-02-20 00:41:44,884 - INFO - Copied and removed: E:\backup\files\Users\USER\AppData\Local\Microsoft\Edge\User Data\Default\WebStorage\86\IndexedDB\indexeddb.leveldb\000003.log -> C:\Users\USER/Documents/Harvested_Data\W11-Vik_USER\2025-02-20_00-41-44\000003_cdecfe40.log
2025-02-20 00:41:44,906 - INFO - Copied and removed: E:\backup\files\Users\USER\AppData\Local\Microsoft\Edge\User Data\Default\WebStorage\95\IndexedDB\indexeddb.leveldb\000003.log -> C:\Users\USER/Documents/Harvested_Data\W11-Vik_USER\2025-02-20_00-41-44\000003_86f9b90d.log
2025-02-20 00:41:44,951 - INFO - Copied and removed: E:\backup\files\Users\USER\AppData\Local\Microsoft\Edge\User Data\EADPData Component\4.0.3.8\data.txt -> C:\Users\USER/Documents/Harvested_Data\W11-Vik_USER\2025-02-20_00-41-44\data_1d9c4ace.txt
2025-02-20 00:41:45,013 - INFO - Copied and removed: E:\backup\files\Users\USER\AppData\Local\Microsoft\Edge\User Data\Edge Notifications\0.0.0.46\arbitration_metadata.txt -> C:\Users\USER/Documents/Harvested_Data\W11-Vik_USER\2025-02-20_00-41-45\arbitration_metadata_07d3423b.txt
2025-02-20 00:41:45,052 - INFO - Copied and removed: E:\backup\files\Users\USER\AppData\Local\Microsoft\Edge\User Data\Edge Wallet\128.18322.18315.5\driver-signature.txt -> C:\Users\USER/Documents/Harvested_Data\W11-Vik_USER\2025-02-20_00-41-45\driver-signature_30c2ca6e.txt
2025-02-20 00:41:45,117 - INFO - Copied and removed: E:\backup\files\Users\USER\AppData\Local\Microsoft\Edge\User Data\Edge Wallet\128.18322.18315.5\hub-signature.txt -> C:\Users\USER/Documents/Harvested_Data\W11-Vik_USER\2025-02-20_00-41-45\hub-signature_107ab9db.txt
2025-02-20 00:41:45,136 - INFO - Copied and removed: E:\backup\files\Users\USER\AppData\Local\Microsoft\Edge\User Data\Edge Wallet\128.18322.18315.5\vendor.bundle.js.LICENSE.txt -> C:\Users\USER/Documents/Harvested_Data\W11-Vik_USER\2025-02-20_00-41-45\vendor.bundle.js.LICENSE_5f6c6e0b.txt
2025-02-20 00:41:45,152 - INFO - Copied and removed: E:\backup\files\Users\USER\AppData\Local\Microsoft\Edge\User Data\Edge Wallet\128.18322.18315.5\bnpl\bnpl.bundle.js.LICENSE.txt -> C:\Users\USER/Documents/Harvested_Data\W11-Vik_USER\2025-02-20_00-41-45\bnpl.bundle.js.LICENSE_c07e888a.txt
2025-02-20 00:41:45,170 - INFO - Copied and removed: E:\backup\files\Users\USER\AppData\Local\Microsoft\Edge\User Data\Edge Wallet\128.18322.18315.5\Notification\notification.bundle.js.LICENSE.txt -> C:\Users\USER/Documents/Harvested_Data\W11-Vik_USER\2025-02-20_00-41-45\notification.bundle.js.LICENSE_363f376a.txt
2025-02-20 00:41:45,177 - INFO - Copied and removed: E:\backup\files\Users\USER\AppData\Local\Microsoft\Edge\User Data\Edge Wallet\128.18322.18315.5\Tokenized-Card\tokenized-card.bundle.js.LICENSE.txt -> C:\Users\USER/Documents/Harvested_Data\W11-Vik_USER\2025-02-20_00-41-45\tokenized-card.bundle.js.LICENSE_363f376a.txt
2025-02-20 00:41:45,195 - INFO - Copied and removed: E:\backup\files\Users\USER\AppData\Local\Microsoft\Edge\User Data\Edge Wallet\128.18322.18315.5\Wallet-Checkout\wallet-drawer.bundle.js.LICENSE.txt -> C:\Users\USER/Documents/Harvested_Data\W11-Vik_USER\2025-02-20_00-41-45\wallet-drawer.bundle.js.LICENSE_25fe63a3.txt
2025-02-20 00:41:45,214 - INFO - Copied and removed: E:\backup\files\Users\USER\AppData\Local\Microsoft\Internet Explorer\brndlog.txt -> C:\Users\USER/Documents/Harvested_Data\W11-Vik_USER\2025-02-20_00-41-45\brndlog_8a4ac585.txt
2025-02-20 00:41:45,233 - INFO - Copied and removed: E:\backup\files\Users\USER\AppData\Local\Microsoft\Internet Explorer\ie4uinit-ClearIconCache.log -> C:\Users\USER/Documents/Harvested_Data\W11-Vik_USER\2025-02-20_00-41-45\ie4uinit-ClearIconCache_c6687a9b.log
2025-02-20 00:41:45,254 - INFO - Copied and removed: E:\backup\files\Users\USER\AppData\Local\Microsoft\Internet Explorer\ie4uinit-UserConfig.log -> C:\Users\USER/Documents/Harvested_Data\W11-Vik_USER\2025-02-20_00-41-45\ie4uinit-UserConfig_14af00c5.log
2025-02-20 00:41:45,282 - INFO - Copied and removed: E:\backup\files\Users\USER\AppData\Local\Microsoft\Internet Explorer\CacheStorage\edb00027.log -> C:\Users\USER/Documents/Harvested_Data\W11-Vik_USER\2025-02-20_00-41-45\edb00027_926af8c1.log
2025-02-20 00:41:45,311 - INFO - Copied and removed: E:\backup\files\Users\USER\AppData\Local\Microsoft\Internet Explorer\CacheStorage\edb00028.log -> C:\Users\USER/Documents/Harvested_Data\W11-Vik_USER\2025-02-20_00-41-45\edb00028_81692a18.log
2025-02-20 00:41:45,331 - INFO - Copied and removed: E:\backup\files\Users\USER\AppData\Local\Microsoft\Office\Features\1-8FeatureCache.txt -> C:\Users\USER/Documents/Harvested_Data\W11-Vik_USER\2025-02-20_00-41-45\1-8FeatureCache_ea17cdb9.txt
2025-02-20 00:41:45,348 - INFO - Copied and removed: E:\backup\files\Users\USER\AppData\Local\Microsoft\Office\Features\3-8FeatureCache.txt -> C:\Users\USER/Documents/Harvested_Data\W11-Vik_USER\2025-02-20_00-41-45\3-8FeatureCache_4a8a859a.txt
2025-02-20 00:41:45,371 - INFO - Copied and removed: E:\backup\files\Users\USER\AppData\Local\Microsoft\Office\SolutionPackages\155fa8a04906686512aa8b45f08ccce2\PackageResources\OneNoteCopilot.tpn.txt -> C:\Users\USER/Documents/Harvested_Data\W11-Vik_USER\2025-02-20_00-41-45\OneNoteCopilot.tpn_fdbf0dfa.txt
2025-02-20 00:41:45,393 - INFO - Copied and removed: E:\backup\files\Users\USER\AppData\Local\Microsoft\Office\SolutionPackages\155fa8a04906686512aa8b45f08ccce2\PackageResources\OneNoteCopilot.win32.bundle.tpn.txt -> C:\Users\USER/Documents/Harvested_Data\W11-Vik_USER\2025-02-20_00-41-45\OneNoteCopilot.win32.bundle.tpn_fdbf0dfa.txt
2025-02-20 00:41:45,411 - INFO - Copied and removed: E:\backup\files\Users\USER\AppData\Local\Microsoft\Office\SolutionPackages\25b245e4955d887efc796aa87432e7a5\PackageResources\dist\en-us_web\vendor.js.LICENSE.txt -> C:\Users\USER/Documents/Harvested_Data\W11-Vik_USER\2025-02-20_00-41-45\vendor.js.LICENSE_94879181.txt
2025-02-20 00:41:45,582 - INFO - Copied and removed: E:\backup\files\Users\USER\AppData\Local\Microsoft\Office\SolutionPackages\d0ebbef6373dcd8c7172f4cf4e9fd11\PackageResources\OfflineFiles\initPyMainUI.js.LICENSE_788d8f4e2c387c885e85dc335864b071.txt -> C:\Users\USER/Documents/Harvested_Data\W11-Vik_USER\2025-02-20_00-41-45\initPyMainUI.js.LICENSE_788d8f4e2c387c885e85dc335864b071_f97ac773.txt
2025-02-20 00:41:45,760 - INFO - Copied and removed: E:\backup\files\Users\USER\AppData\Local\Microsoft\Office\SolutionPackages\d0ebbef6373dcd8c7172f4cf4e9fd11\PackageResources\OfflineFiles\pythonEditorMainUI.js.LICENSE_34b7b6d82e143830490bd9d29b390efb.txt -> C:\Users\USER/Documents/Harvested_Data\W11-Vik_USER\2025-02-20_00-41-45\pythonEditorMainUI.js.LICENSE_34b7b6d82e143830490bd9d29b390efb_7ddb7885.txt
2025-02-20 00:41:45,782 - INFO - Copied and removed: E:\backup\files\Users\USER\AppData\Local\Microsoft\Office\SolutionPackages\ec7adcbee91d694b1934262b80ff66ff\PackageResources\WordCopilot.tpn.txt -> C:\Users\USER/Documents/Harvested_Data\W11-Vik_USER\2025-02-20_00-41-45\WordCopilot.tpn_71bd1807.txt
2025-02-20 00:41:45,804 - INFO - Copied and removed: E:\backup\files\Users\USER\AppData\Local\Microsoft\Office\SolutionPackages\ec7adcbee91d694b1934262b80ff66ff\PackageResources\WordCopilot.win32.bundle.tpn.txt -> C:\Users\USER/Documents/Harvested_Data\W11-Vik_USER\2025-02-20_00-41-45\WordCopilot.win32.bundle.tpn_71bd1807.txt
2025-02-20 00:41:45,828 - INFO - Copied and removed: E:\backup\files\Users\USER\AppData\Local\Microsoft\Office\SolutionPackages\fa8134edc7fc1959d7804b588df839dc\PackageResources\index.win32.bundle.tpn.txt -> C:\Users\USER/Documents/Harvested_Data\W11-Vik_USER\2025-02-20_00-41-45\index.win32.bundle.tpn_4a663693.txt
2025-02-20 00:41:45,841 - INFO - Copied and removed: E:\backup\files\Users\USER\AppData\Local\Microsoft\OneDrive\EBWebView\Default\IndexedDB\https_universidadfv-my.sharepoint.com_0.indexeddb.leveldb\000003.log -> C:\Users\USER/Documents/Harvested_Data\W11-Vik_USER\2025-02-20_00-41-45\000003_f1740127.log
2025-02-20 00:41:45,854 - INFO - Copied and removed: E:\backup\files\Users\USER\AppData\Local\Microsoft\OneDrive\EBWebView\Default\IndexedDB\https_www.odwebp.svc.ms_0.indexeddb.leveldb\000003.log -> C:\Users\USER/Documents/Harvested_Data\W11-Vik_USER\2025-02-20_00-41-45\000003_bd6e019d.log
2025-02-20 00:41:45,872 - INFO - Copied and removed: E:\backup\files\Users\USER\AppData\Local\Microsoft\OneDrive\EBWebView\Default\Local Storage\leveldb\000003.log -> C:\Users\USER/Documents/Harvested_Data\W11-Vik_USER\2025-02-20_00-41-45\000003_8d10246d.log
2025-02-20 00:41:45,887 - INFO - Copied and removed: E:\backup\files\Users\USER\AppData\Local\Microsoft\OneDrive\EBWebView\Default\shared_proto_db\000003.log -> C:\Users\USER/Documents/Harvested_Data\W11-Vik_USER\2025-02-20_00-41-45\000003_2d193471.log
2025-02-20 00:41:45,910 - INFO - Copied and removed: E:\backup\files\Users\USER\AppData\Local\Microsoft\OneDrive\logs\Business1\SyncDiagnostics.log -> C:\Users\USER/Documents/Harvested_Data\W11-Vik_USER\2025-02-20_00-41-45\SyncDiagnostics_b1adff47.log
2025-02-20 00:41:46,013 - INFO - Copied and removed: E:\backup\files\Users\USER\AppData\Local\Microsoft\OneDrive\logs\Personal\ObfuscationStringMap.txt -> C:\Users\USER/Documents/Harvested_Data\W11-Vik_USER\2025-02-20_00-41-46\ObfuscationStringMap_2660e2e6.txt
2025-02-20 00:41:46,039 - INFO - Copied and removed: E:\backup\files\Users\USER\AppData\Local\Microsoft\OneDrive\logs\Personal\SyncDiagnostics.log -> C:\Users\USER/Documents/Harvested_Data\W11-Vik_USER\2025-02-20_00-41-46\SyncDiagnostics_5863ddf7.log
2025-02-20 00:41:46,054 - INFO - Copied and removed: E:\backup\files\Users\USER\AppData\Local\Microsoft\OneDrive\settings\Personal\downloads3.txt -> C:\Users\USER/Documents/Harvested_Data\W11-Vik_USER\2025-02-20_00-41-46\downloads3_2acc6024.txt
2025-02-20 00:41:46,091 - INFO - Copied and removed: E:\backup\files\Users\USER\AppData\Local\Microsoft\OneDrive\setup\logs\Install-PerUser_2025-02-12_082125_23396-14320.log -> C:\Users\USER/Documents/Harvested_Data\W11-Vik_USER\2025-02-20_00-41-46\Install-PerUser_2025-02-12_082125_23396-14320_ebcd1b37.log
2025-02-20 00:41:46,116 - INFO - Copied and removed: E:\backup\files\Users\USER\AppData\Local\Microsoft\OneDrive\setup\logs\Install_2025-02-12_012614_20652-20960.log -> C:\Users\USER/Documents/Harvested_Data\W11-Vik_USER\2025-02-20_00-41-46\Install_2025-02-12_012614_20652-20960_345dd739.log
2025-02-20 00:41:46,146 - INFO - Copied and removed: E:\backup\files\Users\USER\AppData\Local\Microsoft\OneDrive\setup\logs\Install_2025-02-12_081237_9148-8088.log -> C:\Users\USER/Documents/Harvested_Data\W11-Vik_USER\2025-02-20_00-41-46\Install_2025-02-12_081237_9148-8088_bd2121c2.log
2025-02-20 00:41:46,170 - INFO - Copied and removed: E:\backup\files\Users\USER\AppData\Local\Microsoft\OneDrive\setup\logs\Install_2025-02-12_082124_5080-21784.log -> C:\Users\USER/Documents/Harvested_Data\W11-Vik_USER\2025-02-20_00-41-46\Install_2025-02-12_082124_5080-21784_c1ad894e.log
2025-02-20 00:41:46,194 - INFO - Copied and removed: E:\backup\files\Users\USER\AppData\Local\Microsoft\OneDrive\setup\logs\Install_2025-02-12_082133_20776-24680.log -> C:\Users\USER/Documents/Harvested_Data\W11-Vik_USER\2025-02-20_00-41-46\Install_2025-02-12_082133_20776-24680_bad23196.log
2025-02-20 00:41:46,224 - INFO - Copied and removed: E:\backup\files\Users\USER\AppData\Local\Microsoft\OneDrive\setup\logs\Install_2025-02-12_100306_10404-1628.log -> C:\Users\USER/Documents/Harvested_Data\W11-Vik_USER\2025-02-20_00-41-46\Install_2025-02-12_100306_10404-1628_3827e30d.log
2025-02-20 00:41:46,255 - INFO - Copied and removed: E:\backup\files\Users\USER\AppData\Local\Microsoft\OneDrive\setup\logs\Install_2025-02-12_101235_19860-19864.log -> C:\Users\USER/Documents/Harvested_Data\W11-Vik_USER\2025-02-20_00-41-46\Install_2025-02-12_101235_19860-19864_6e61bc75.log
2025-02-20 00:41:46,285 - INFO - Copied and removed: E:\backup\files\Users\USER\AppData\Local\Microsoft\OneDrive\setup\logs\Install_2025-02-12_104439_20020-20024.log -> C:\Users\USER/Documents/Harvested_Data\W11-Vik_USER\2025-02-20_00-41-46\Install_2025-02-12_104439_20020-20024_73ec10c1.log
2025-02-20 00:41:46,308 - INFO - Copied and removed: E:\backup\files\Users\USER\AppData\Local\Microsoft\OneDrive\setup\logs\Install_2025-02-12_142346_7368-4200.log -> C:\Users\USER/Documents/Harvested_Data\W11-Vik_USER\2025-02-20_00-41-46\Install_2025-02-12_142346_7368-4200_ac590862.log
2025-02-20 00:41:46,330 - INFO - Copied and removed: E:\backup\files\Users\USER\AppData\Local\Microsoft\OneDrive\setup\logs\Install_2025-02-14_112034_19956-11088.log -> C:\Users\USER/Documents/Harvested_Data\W11-Vik_USER\2025-02-20_00-41-46\Install_2025-02-14_112034_19956-11088_d02f6c3c.log
2025-02-20 00:41:46,355 - INFO - Copied and removed: E:\backup\files\Users\USER\AppData\Local\Microsoft\OneDrive\setup\logs\Install_2025-02-14_162302_15952-7416.log -> C:\Users\USER/Documents/Harvested_Data\W11-Vik_USER\2025-02-20_00-41-46\Install_2025-02-14_162302_15952-7416_97c7c9bf.log
2025-02-20 00:41:46,377 - INFO - Copied and removed: E:\backup\files\Users\USER\AppData\Local\Microsoft\OneDrive\setup\logs\Install_2025-02-16_173922_12312-8712.log -> C:\Users\USER/Documents/Harvested_Data\W11-Vik_USER\2025-02-20_00-41-46\Install_2025-02-16_173922_12312-8712_6f88611d.log
2025-02-20 00:41:46,407 - INFO - Copied and removed: E:\backup\files\Users\USER\AppData\Local\Microsoft\OneDrive\setup\logs\Install_2025-02-17_125236_1952-22648.log -> C:\Users\USER/Documents/Harvested_Data\W11-Vik_USER\2025-02-20_00-41-46\Install_2025-02-17_125236_1952-22648_7fc5a043.log
2025-02-20 00:41:46,431 - INFO - Copied and removed: E:\backup\files\Users\USER\AppData\Local\Microsoft\OneDrive\setup\logs\Install_2025-02-18_083340_13948-2744.log -> C:\Users\USER/Documents/Harvested_Data\W11-Vik_USER\2025-02-20_00-41-46\Install_2025-02-18_083340_13948-2744_ca8e1c59.log
2025-02-20 00:41:46,451 - INFO - Copied and removed: E:\backup\files\Users\USER\AppData\Local\Microsoft\OneDrive\setup\logs\Install_2025-02-18_143500_26656-19708.log -> C:\Users\USER/Documents/Harvested_Data\W11-Vik_USER\2025-02-20_00-41-46\Install_2025-02-18_143500_26656-19708_cc8b8024.log
2025-02-20 00:41:46,478 - INFO - Copied and removed: E:\backup\files\Users\USER\AppData\Local\Microsoft\OneDrive\setup\logs\StandaloneUpdate_2025-02-08_113055_26028-26068.log -> C:\Users\USER/Documents/Harvested_Data\W11-Vik_USER\2025-02-20_00-41-46\StandaloneUpdate_2025-02-08_113055_26028-26068_c8793675.log
2025-02-20 00:41:46,503 - INFO - Copied and removed: E:\backup\files\Users\USER\AppData\Local\Microsoft\OneDrive\setup\logs\StandaloneUpdate_2025-02-08_113055_6840-23428.log -> C:\Users\USER/Documents/Harvested_Data\W11-Vik_USER\2025-02-20_00-41-46\StandaloneUpdate_2025-02-08_113055_6840-23428_ebc8cec1.log
2025-02-20 00:41:46,534 - INFO - Copied and removed: E:\backup\files\Users\USER\AppData\Local\Microsoft\OneDrive\setup\logs\StandaloneUpdate_2025-02-09_120957_12476-3280.log -> C:\Users\USER/Documents/Harvested_Data\W11-Vik_USER\2025-02-20_00-41-46\StandaloneUpdate_2025-02-09_120957_12476-3280_39d199ad.log
2025-02-20 00:41:46,561 - INFO - Copied and removed: E:\backup\files\Users\USER\AppData\Local\Microsoft\OneDrive\setup\logs\StandaloneUpdate_2025-02-09_120957_7912-12252.log -> C:\Users\USER/Documents/Harvested_Data\W11-Vik_USER\2025-02-20_00-41-46\StandaloneUpdate_2025-02-09_120957_7912-12252_ec9ae031.log
2025-02-20 00:41:46,588 - INFO - Copied and removed: E:\backup\files\Users\USER\AppData\Local\Microsoft\OneDrive\setup\logs\StandaloneUpdate_2025-02-10_103400_24876-15704.log -> C:\Users\USER/Documents/Harvested_Data\W11-Vik_USER\2025-02-20_00-41-46\StandaloneUpdate_2025-02-10_103400_24876-15704_036677f0.log
2025-02-20 00:41:46,617 - INFO - Copied and removed: E:\backup\files\Users\USER\AppData\Local\Microsoft\OneDrive\setup\logs\StandaloneUpdate_2025-02-10_125013_5500-21952.log -> C:\Users\USER/Documents/Harvested_Data\W11-Vik_USER\2025-02-20_00-41-46\StandaloneUpdate_2025-02-10_125013_5500-21952_cd216b84.log
2025-02-20 00:41:46,645 - INFO - Copied and removed: E:\backup\files\Users\USER\AppData\Local\Microsoft\OneDrive\setup\logs\StandaloneUpdate_2025-02-11_091826_26452-16468.log -> C:\Users\USER/Documents/Harvested_Data\W11-Vik_USER\2025-02-20_00-41-46\StandaloneUpdate_2025-02-11_091826_26452-16468_dd6ee453.log
2025-02-20 00:41:46,673 - INFO - Copied and removed: E:\backup\files\Users\USER\AppData\Local\Microsoft\OneDrive\setup\logs\StandaloneUpdate_2025-02-11_103451_19328-1896.log -> C:\Users\USER/Documents/Harvested_Data\W11-Vik_USER\2025-02-20_00-41-46\StandaloneUpdate_2025-02-11_103451_19328-1896_50339a62.log
2025-02-20 00:41:46,698 - INFO - Copied and removed: E:\backup\files\Users\USER\AppData\Local\Microsoft\OneDrive\setup\logs\StandaloneUpdate_2025-02-12_100714_18496-23184.log -> C:\Users\USER/Documents/Harvested_Data\W11-Vik_USER\2025-02-20_00-41-46\StandaloneUpdate_2025-02-12_100714_18496-23184_d2cbd8ab.log
2025-02-20 00:41:46,727 - INFO - Copied and removed: E:\backup\files\Users\USER\AppData\Local\Microsoft\OneDrive\setup\logs\StandaloneUpdate_2025-02-12_230117_18632-32788.log -> C:\Users\USER/Documents/Harvested_Data\W11-Vik_USER\2025-02-20_00-41-46\StandaloneUpdate_2025-02-12_230117_18632-32788_d6319dce.log
2025-02-20 00:41:46,755 - INFO - Copied and removed: E:\backup\files\Users\USER\AppData\Local\Microsoft\OneDrive\setup\logs\StandaloneUpdate_2025-02-13_113243_18240-23416.log -> C:\Users\USER/Documents/Harvested_Data\W11-Vik_USER\2025-02-20_00-41-46\StandaloneUpdate_2025-02-13_113243_18240-23416_d4b76c65.log
2025-02-20 00:41:46,781 - INFO - Copied and removed: E:\backup\files\Users\USER\AppData\Local\Microsoft\OneDrive\setup\logs\StandaloneUpdate_2025-02-14_113243_7660-7752.log -> C:\Users\USER/Documents/Harvested_Data\W11-Vik_USER\2025-02-20_00-41-46\StandaloneUpdate_2025-02-14_113243_7660-7752_2ab746ae.log
2025-02-20 00:41:46,807 - INFO - Copied and removed: E:\backup\files\Users\USER\AppData\Local\Microsoft\OneDrive\setup\logs\StandaloneUpdate_2025-02-16_173915_7356-8372.log -> C:\Users\USER/Documents/Harvested_Data\W11-Vik_USER\2025-02-20_00-41-46\StandaloneUpdate_2025-02-16_173915_7356-8372_218c786a.log
2025-02-20 00:41:46,832 - INFO - Copied and removed: E:\backup\files\Users\USER\AppData\Local\Microsoft\OneDrive\setup\logs\StandaloneUpdate_2025-02-17_113243_34520-32340.log -> C:\Users\USER/Documents/Harvested_Data\W11-Vik_USER\2025-02-20_00-41-46\StandaloneUpdate_2025-02-17_113243_34520-32340_f9896ae5.log
2025-02-20 00:41:46,860 - INFO - Copied and removed: E:\backup\files\Users\USER\AppData\Local\Microsoft\OneDrive\setup\logs\StandaloneUpdate_2025-02-18_113518_8912-18820.log -> C:\Users\USER/Documents/Harvested_Data\W11-Vik_USER\2025-02-20_00-41-46\StandaloneUpdate_2025-02-18_113518_8912-18820_30943d71.log
2025-02-20 00:41:46,883 - INFO - Copied and removed: E:\backup\files\Users\USER\AppData\Local\Microsoft\OneDrive\setup\logs\Update_2025-02-13_234208_17772-6508.log -> C:\Users\USER/Documents/Harvested_Data\W11-Vik_USER\2025-02-20_00-41-46\Update_2025-02-13_234208_17772-6508_bc91d109.log
2025-02-20 00:41:46,908 - INFO - Copied and removed: E:\backup\files\Users\USER\AppData\Local\Microsoft\OneDrive\setup\logs\Update_2025-02-14_090140_17020-17024.log -> C:\Users\USER/Documents/Harvested_Data\W11-Vik_USER\2025-02-20_00-41-46\Update_2025-02-14_090140_17020-17024_927418f3.log
2025-02-20 00:41:46,932 - INFO - Copied and removed: E:\backup\files\Users\USER\AppData\Local\Microsoft\OneDrive\setup\logs\Update_2025-02-14_090141_17136-17140.log -> C:\Users\USER/Documents/Harvested_Data\W11-Vik_USER\2025-02-20_00-41-46\Update_2025-02-14_090141_17136-17140_660bc6c1.log
2025-02-20 00:41:47,006 - INFO - Copied and removed: E:\backup\files\Users\USER\AppData\Local\Microsoft\OneDrive\setup\logs\Update_2025-02-14_111352_18276-18280.log -> C:\Users\USER/Documents/Harvested_Data\W11-Vik_USER\2025-02-20_00-41-46\Update_2025-02-14_111352_18276-18280_7d073e9f.log
2025-02-20 00:41:47,031 - INFO - Copied and removed: E:\backup\files\Users\USER\AppData\Local\Microsoft\OneDrive\setup\logs\Update_2025-02-14_111353_18340-18344.log -> C:\Users\USER/Documents/Harvested_Data\W11-Vik_USER\2025-02-20_00-41-47\Update_2025-02-14_111353_18340-18344_be9ea43a.log
2025-02-20 00:41:47,057 - INFO - Copied and removed: E:\backup\files\Users\USER\AppData\Local\Microsoft\OneDrive\setup\logs\Update_2025-02-14_155300_3872-13488.log -> C:\Users\USER/Documents/Harvested_Data\W11-Vik_USER\2025-02-20_00-41-47\Update_2025-02-14_155300_3872-13488_6bd643ed.log
2025-02-20 00:41:47,080 - INFO - Copied and removed: E:\backup\files\Users\USER\AppData\Local\Microsoft\OneDrive\setup\logs\Update_2025-02-14_155301_19028-21696.log -> C:\Users\USER/Documents/Harvested_Data\W11-Vik_USER\2025-02-20_00-41-47\Update_2025-02-14_155301_19028-21696_e017de5e.log
2025-02-20 00:41:47,108 - INFO - Copied and removed: E:\backup\files\Users\USER\AppData\Local\Microsoft\OneDrive\setup\logs\Update_2025-02-16_173036_1864-1232.log -> C:\Users\USER/Documents/Harvested_Data\W11-Vik_USER\2025-02-20_00-41-47\Update_2025-02-16_173036_1864-1232_56cd54f9.log
2025-02-20 00:41:47,135 - INFO - Copied and removed: E:\backup\files\Users\USER\AppData\Local\Microsoft\OneDrive\setup\logs\Update_2025-02-16_173036_2456-2468.log -> C:\Users\USER/Documents/Harvested_Data\W11-Vik_USER\2025-02-20_00-41-47\Update_2025-02-16_173036_2456-2468_81ca0846.log
2025-02-20 00:41:47,158 - INFO - Copied and removed: E:\backup\files\Users\USER\AppData\Local\Microsoft\OneDrive\setup\logs\Update_2025-02-17_124817_17800-17804.log -> C:\Users\USER/Documents/Harvested_Data\W11-Vik_USER\2025-02-20_00-41-47\Update_2025-02-17_124817_17800-17804_09f0028c.log
2025-02-20 00:41:47,187 - INFO - Copied and removed: E:\backup\files\Users\USER\AppData\Local\Microsoft\OneDrive\setup\logs\Update_2025-02-17_124818_17876-17880.log -> C:\Users\USER/Documents/Harvested_Data\W11-Vik_USER\2025-02-20_00-41-47\Update_2025-02-17_124818_17876-17880_da8f688e.log
2025-02-20 00:41:47,211 - INFO - Copied and removed: E:\backup\files\Users\USER\AppData\Local\Microsoft\OneDrive\setup\logs\Update_2025-02-18_080338_13856-15464.log -> C:\Users\USER/Documents/Harvested_Data\W11-Vik_USER\2025-02-20_00-41-47\Update_2025-02-18_080338_13856-15464_449bc614.log
2025-02-20 00:41:47,236 - INFO - Copied and removed: E:\backup\files\Users\USER\AppData\Local\Microsoft\OneDrive\setup\logs\Update_2025-02-18_080338_15192-13464.log -> C:\Users\USER/Documents/Harvested_Data\W11-Vik_USER\2025-02-20_00-41-47\Update_2025-02-18_080338_15192-13464_23d81a86.log
2025-02-20 00:41:47,261 - INFO - Copied and removed: E:\backup\files\Users\USER\AppData\Local\Microsoft\OneDrive\setup\logs\Update_2025-02-18_143458_5496-17808.log -> C:\Users\USER/Documents/Harvested_Data\W11-Vik_USER\2025-02-20_00-41-47\Update_2025-02-18_143458_5496-17808_5b3a5293.log
2025-02-20 00:41:47,295 - INFO - Copied and removed: E:\backup\files\Users\USER\AppData\Local\Microsoft\OneDrive\setup\logs\Update_2025-02-18_143459_468-23920.log -> C:\Users\USER/Documents/Harvested_Data\W11-Vik_USER\2025-02-20_00-41-47\Update_2025-02-18_143459_468-23920_3211ca26.log
2025-02-20 00:41:47,332 - INFO - Copied and removed: E:\backup\files\Users\USER\AppData\Local\Microsoft\OneNote\16.0\Memory\Media\78dfce41-0076-45b5-8700-4e97b721d0f9.txt -> C:\Users\USER/Documents/Harvested_Data\W11-Vik_USER\2025-02-20_00-41-47\78dfce41-0076-45b5-8700-4e97b721d0f9_6a65fc6d.txt
2025-02-20 00:41:47,359 - INFO - Copied and removed: E:\backup\files\Users\USER\AppData\Local\Microsoft\OneNote\16.0\Memory\Media\9ea4b222-9782-440e-a125-099cf93aa6ee.txt -> C:\Users\USER/Documents/Harvested_Data\W11-Vik_USER\2025-02-20_00-41-47\9ea4b222-9782-440e-a125-099cf93aa6ee_1f5ee8d6.txt
2025-02-20 00:41:47,389 - INFO - Copied and removed: E:\backup\files\Users\USER\AppData\Local\Microsoft\OneNote\16.0\Memory\Media\c0a2f4fe-efe9-4ec1-a45e-950d16dd8947.txt -> C:\Users\USER/Documents/Harvested_Data\W11-Vik_USER\2025-02-20_00-41-47\c0a2f4fe-efe9-4ec1-a45e-950d16dd8947_e3dc4b5d.txt
2025-02-20 00:41:47,407 - INFO - Copied and removed: E:\backup\files\Users\USER\AppData\Local\Microsoft\PowerToys\AdvancedPaste\ModuleInterface\Logs\v0.88.0\log_2025-02-11.txt -> C:\Users\USER/Documents/Harvested_Data\W11-Vik_USER\2025-02-20_00-41-47\log_2025-02-11_7f849a47.txt
2025-02-20 00:41:47,425 - INFO - Copied and removed: E:\backup\files\Users\USER\AppData\Local\Microsoft\PowerToys\AdvancedPaste\ModuleInterface\Logs\v0.88.0\log_2025-02-12.txt -> C:\Users\USER/Documents/Harvested_Data\W11-Vik_USER\2025-02-20_00-41-47\log_2025-02-12_992fd7be.txt
2025-02-20 00:41:47,438 - INFO - Copied and removed: E:\backup\files\Users\USER\AppData\Local\Microsoft\PowerToys\AdvancedPaste\ModuleInterface\Logs\v0.88.0\log_2025-02-13.txt -> C:\Users\USER/Documents/Harvested_Data\W11-Vik_USER\2025-02-20_00-41-47\log_2025-02-13_c42e57c3.txt
2025-02-20 00:41:47,457 - INFO - Copied and removed: E:\backup\files\Users\USER\AppData\Local\Microsoft\PowerToys\AdvancedPaste\ModuleInterface\Logs\v0.88.0\log_2025-02-14.txt -> C:\Users\USER/Documents/Harvested_Data\W11-Vik_USER\2025-02-20_00-41-47\log_2025-02-14_9b749a55.txt
2025-02-20 00:41:47,470 - INFO - Copied and removed: E:\backup\files\Users\USER\AppData\Local\Microsoft\PowerToys\AdvancedPaste\ModuleInterface\Logs\v0.88.0\log_2025-02-18.txt -> C:\Users\USER/Documents/Harvested_Data\W11-Vik_USER\2025-02-20_00-41-47\log_2025-02-18_b1841a11.txt
2025-02-20 00:41:47,510 - INFO - Copied and removed: E:\backup\files\Users\USER\AppData\Local\Microsoft\PowerToys\AlwaysOnTop\Logs\v0.88.0\log_2025-02-11.txt -> C:\Users\USER/Documents/Harvested_Data\W11-Vik_USER\2025-02-20_00-41-47\log_2025-02-11_b6ff155d.txt
2025-02-20 00:41:47,527 - INFO - Copied and removed: E:\backup\files\Users\USER\AppData\Local\Microsoft\PowerToys\Awake\Logs\awake-log_2025-02-11.txt -> C:\Users\USER/Documents/Harvested_Data\W11-Vik_USER\2025-02-20_00-41-47\awake-log_2025-02-11_5cf7a5bf.txt
2025-02-20 00:41:47,545 - INFO - Copied and removed: E:\backup\files\Users\USER\AppData\Local\Microsoft\PowerToys\Awake\Logs\awake-log_2025-02-12.txt -> C:\Users\USER/Documents/Harvested_Data\W11-Vik_USER\2025-02-20_00-41-47\awake-log_2025-02-12_5a04869f.txt
2025-02-20 00:41:47,560 - INFO - Copied and removed: E:\backup\files\Users\USER\AppData\Local\Microsoft\PowerToys\Awake\Logs\awake-log_2025-02-13.txt -> C:\Users\USER/Documents/Harvested_Data\W11-Vik_USER\2025-02-20_00-41-47\awake-log_2025-02-13_99414b22.txt
2025-02-20 00:41:47,576 - INFO - Copied and removed: E:\backup\files\Users\USER\AppData\Local\Microsoft\PowerToys\Awake\Logs\awake-log_2025-02-14.txt -> C:\Users\USER/Documents/Harvested_Data\W11-Vik_USER\2025-02-20_00-41-47\awake-log_2025-02-14_9f99c927.txt
2025-02-20 00:41:47,596 - INFO - Copied and removed: E:\backup\files\Users\USER\AppData\Local\Microsoft\PowerToys\Awake\Logs\0.88.0.0\Log_2025-02-09.txt -> C:\Users\USER/Documents/Harvested_Data\W11-Vik_USER\2025-02-20_00-41-47\Log_2025-02-09_66733b16.txt
2025-02-20 00:41:47,616 - INFO - Copied and removed: E:\backup\files\Users\USER\AppData\Local\Microsoft\PowerToys\Awake\Logs\0.88.0.0\Log_2025-02-10.txt -> C:\Users\USER/Documents/Harvested_Data\W11-Vik_USER\2025-02-20_00-41-47\Log_2025-02-10_909eff93.txt
2025-02-20 00:41:47,631 - INFO - Copied and removed: E:\backup\files\Users\USER\AppData\Local\Microsoft\PowerToys\Awake\Logs\0.88.0.0\Log_2025-02-11.txt -> C:\Users\USER/Documents/Harvested_Data\W11-Vik_USER\2025-02-20_00-41-47\Log_2025-02-11_fd8e04be.txt
2025-02-20 00:41:47,653 - INFO - Copied and removed: E:\backup\files\Users\USER\AppData\Local\Microsoft\PowerToys\Awake\Logs\0.88.0.0\Log_2025-02-12.txt -> C:\Users\USER/Documents/Harvested_Data\W11-Vik_USER\2025-02-20_00-41-47\Log_2025-02-12_2af20866.txt
2025-02-20 00:41:47,673 - INFO - Copied and removed: E:\backup\files\Users\USER\AppData\Local\Microsoft\PowerToys\Awake\Logs\0.88.0.0\Log_2025-02-13.txt -> C:\Users\USER/Documents/Harvested_Data\W11-Vik_USER\2025-02-20_00-41-47\Log_2025-02-13_5a243f7d.txt
2025-02-20 00:41:47,695 - INFO - Copied and removed: E:\backup\files\Users\USER\AppData\Local\Microsoft\PowerToys\Awake\Logs\0.88.0.0\Log_2025-02-14.txt -> C:\Users\USER/Documents/Harvested_Data\W11-Vik_USER\2025-02-20_00-41-47\Log_2025-02-14_5d381171.txt
2025-02-20 00:41:47,714 - INFO - Copied and removed: E:\backup\files\Users\USER\AppData\Local\Microsoft\PowerToys\Awake\Logs\0.88.0.0\Log_2025-02-16.txt -> C:\Users\USER/Documents/Harvested_Data\W11-Vik_USER\2025-02-20_00-41-47\Log_2025-02-16_75f3eae7.txt
2025-02-20 00:41:47,733 - INFO - Copied and removed: E:\backup\files\Users\USER\AppData\Local\Microsoft\PowerToys\Awake\Logs\0.88.0.0\Log_2025-02-17.txt -> C:\Users\USER/Documents/Harvested_Data\W11-Vik_USER\2025-02-20_00-41-47\Log_2025-02-17_c31048ea.txt
2025-02-20 00:41:47,753 - INFO - Copied and removed: E:\backup\files\Users\USER\AppData\Local\Microsoft\PowerToys\Awake\Logs\0.88.0.0\Log_2025-02-18.txt -> C:\Users\USER/Documents/Harvested_Data\W11-Vik_USER\2025-02-20_00-41-47\Log_2025-02-18_2dbcf142.txt
2025-02-20 00:41:47,772 - INFO - Copied and removed: E:\backup\files\Users\USER\AppData\Local\Microsoft\PowerToys\CmdNotFound\ModuleInterface\Logs\v0.88.0\log_2025-02-12.txt -> C:\Users\USER/Documents/Harvested_Data\W11-Vik_USER\2025-02-20_00-41-47\log_2025-02-12_2bd831c4.txt
2025-02-20 00:41:47,790 - INFO - Copied and removed: E:\backup\files\Users\USER\AppData\Local\Microsoft\PowerToys\ColorPicker\Logs\0.88.0.0\Log_2025-02-10.txt -> C:\Users\USER/Documents/Harvested_Data\W11-Vik_USER\2025-02-20_00-41-47\Log_2025-02-10_e9f82aad.txt
2025-02-20 00:41:47,815 - INFO - Copied and removed: E:\backup\files\Users\USER\AppData\Local\Microsoft\PowerToys\ColorPicker\Logs\0.88.0.0\Log_2025-02-11.txt -> C:\Users\USER/Documents/Harvested_Data\W11-Vik_USER\2025-02-20_00-41-47\Log_2025-02-11_1f6253f3.txt
2025-02-20 00:41:47,839 - INFO - Copied and removed: E:\backup\files\Users\USER\AppData\Local\Microsoft\PowerToys\ColorPicker\Logs\0.88.0.0\Log_2025-02-12.txt -> C:\Users\USER/Documents/Harvested_Data\W11-Vik_USER\2025-02-20_00-41-47\Log_2025-02-12_b84703cc.txt
2025-02-20 00:41:47,857 - INFO - Copied and removed: E:\backup\files\Users\USER\AppData\Local\Microsoft\PowerToys\ColorPicker\Logs\0.88.0.0\Log_2025-02-14.txt -> C:\Users\USER/Documents/Harvested_Data\W11-Vik_USER\2025-02-20_00-41-47\Log_2025-02-14_5fdc85fc.txt
2025-02-20 00:41:47,876 - INFO - Copied and removed: E:\backup\files\Users\USER\AppData\Local\Microsoft\PowerToys\ColorPicker\ModuleInterface\Logs\v0.88.0\log_2025-02-11.txt -> C:\Users\USER/Documents/Harvested_Data\W11-Vik_USER\2025-02-20_00-41-47\log_2025-02-11_53ebddf5.txt
2025-02-20 00:41:47,896 - INFO - Copied and removed: E:\backup\files\Users\USER\AppData\Local\Microsoft\PowerToys\ColorPicker\ModuleInterface\Logs\v0.88.0\log_2025-02-12.txt -> C:\Users\USER/Documents/Harvested_Data\W11-Vik_USER\2025-02-20_00-41-47\log_2025-02-12_a891842d.txt
2025-02-20 00:41:47,911 - INFO - Copied and removed: E:\backup\files\Users\USER\AppData\Local\Microsoft\PowerToys\ColorPicker\ModuleInterface\Logs\v0.88.0\log_2025-02-13.txt -> C:\Users\USER/Documents/Harvested_Data\W11-Vik_USER\2025-02-20_00-41-47\log_2025-02-13_f5abd533.txt
2025-02-20 00:41:47,928 - INFO - Copied and removed: E:\backup\files\Users\USER\AppData\Local\Microsoft\PowerToys\ColorPicker\ModuleInterface\Logs\v0.88.0\log_2025-02-14.txt -> C:\Users\USER/Documents/Harvested_Data\W11-Vik_USER\2025-02-20_00-41-47\log_2025-02-14_f7ec72ae.txt
2025-02-20 00:41:47,944 - INFO - Copied and removed: E:\backup\files\Users\USER\AppData\Local\Microsoft\PowerToys\CropAndLock\Logs\v0.88.0\log_2025-02-12.txt -> C:\Users\USER/Documents/Harvested_Data\W11-Vik_USER\2025-02-20_00-41-47\log_2025-02-12_3ebc1b20.txt
2025-02-20 00:41:47,963 - INFO - Copied and removed: E:\backup\files\Users\USER\AppData\Local\Microsoft\PowerToys\CropAndLock\ModuleInterface\Logs\v0.88.0\log_2025-02-11.txt -> C:\Users\USER/Documents/Harvested_Data\W11-Vik_USER\2025-02-20_00-41-47\log_2025-02-11_463294b3.txt
2025-02-20 00:41:47,980 - INFO - Copied and removed: E:\backup\files\Users\USER\AppData\Local\Microsoft\PowerToys\CropAndLock\ModuleInterface\Logs\v0.88.0\log_2025-02-12.txt -> C:\Users\USER/Documents/Harvested_Data\W11-Vik_USER\2025-02-20_00-41-47\log_2025-02-12_d25a5e1d.txt
2025-02-20 00:41:47,996 - INFO - Copied and removed: E:\backup\files\Users\USER\AppData\Local\Microsoft\PowerToys\CropAndLock\ModuleInterface\Logs\v0.88.0\log_2025-02-14.txt -> C:\Users\USER/Documents/Harvested_Data\W11-Vik_USER\2025-02-20_00-41-47\log_2025-02-14_2b095ab8.txt
2025-02-20 00:41:48,013 - INFO - Copied and removed: E:\backup\files\Users\USER\AppData\Local\Microsoft\PowerToys\EnvironmentVariables\ModuleInterface\Logs\v0.88.0\log_2025-02-11.txt -> C:\Users\USER/Documents/Harvested_Data\W11-Vik_USER\2025-02-20_00-41-48\log_2025-02-11_9b5bd9cb.txt
2025-02-20 00:41:48,030 - INFO - Copied and removed: E:\backup\files\Users\USER\AppData\Local\Microsoft\PowerToys\EnvironmentVariables\ModuleInterface\Logs\v0.88.0\log_2025-02-12.txt -> C:\Users\USER/Documents/Harvested_Data\W11-Vik_USER\2025-02-20_00-41-48\log_2025-02-12_137f101d.txt
2025-02-20 00:41:48,049 - INFO - Copied and removed: E:\backup\files\Users\USER\AppData\Local\Microsoft\PowerToys\FancyZones\Logs\v0.88.0\log_2025-02-09.txt -> C:\Users\USER/Documents/Harvested_Data\W11-Vik_USER\2025-02-20_00-41-48\log_2025-02-09_c005a855.txt
2025-02-20 00:41:48,068 - INFO - Copied and removed: E:\backup\files\Users\USER\AppData\Local\Microsoft\PowerToys\FancyZones\Logs\v0.88.0\log_2025-02-10.txt -> C:\Users\USER/Documents/Harvested_Data\W11-Vik_USER\2025-02-20_00-41-48\log_2025-02-10_c80eafca.txt
2025-02-20 00:41:48,090 - INFO - Copied and removed: E:\backup\files\Users\USER\AppData\Local\Microsoft\PowerToys\FancyZones\Logs\v0.88.0\log_2025-02-11.txt -> C:\Users\USER/Documents/Harvested_Data\W11-Vik_USER\2025-02-20_00-41-48\log_2025-02-11_049b0861.txt
2025-02-20 00:41:48,111 - INFO - Copied and removed: E:\backup\files\Users\USER\AppData\Local\Microsoft\PowerToys\FancyZones\Logs\v0.88.0\log_2025-02-12.txt -> C:\Users\USER/Documents/Harvested_Data\W11-Vik_USER\2025-02-20_00-41-48\log_2025-02-12_176e87d8.txt
2025-02-20 00:41:48,131 - INFO - Copied and removed: E:\backup\files\Users\USER\AppData\Local\Microsoft\PowerToys\FancyZones\Logs\v0.88.0\log_2025-02-13.txt -> C:\Users\USER/Documents/Harvested_Data\W11-Vik_USER\2025-02-20_00-41-48\log_2025-02-13_24a118f5.txt
2025-02-20 00:41:48,152 - INFO - Copied and removed: E:\backup\files\Users\USER\AppData\Local\Microsoft\PowerToys\FancyZones\Logs\v0.88.0\log_2025-02-14.txt -> C:\Users\USER/Documents/Harvested_Data\W11-Vik_USER\2025-02-20_00-41-48\log_2025-02-14_b91425b0.txt
2025-02-20 00:41:48,175 - INFO - Copied and removed: E:\backup\files\Users\USER\AppData\Local\Microsoft\PowerToys\FancyZones\Logs\v0.88.0\log_2025-02-16.txt -> C:\Users\USER/Documents/Harvested_Data\W11-Vik_USER\2025-02-20_00-41-48\log_2025-02-16_f04bf227.txt
2025-02-20 00:41:48,194 - INFO - Copied and removed: E:\backup\files\Users\USER\AppData\Local\Microsoft\PowerToys\FancyZones\Logs\v0.88.0\log_2025-02-17.txt -> C:\Users\USER/Documents/Harvested_Data\W11-Vik_USER\2025-02-20_00-41-48\log_2025-02-17_dbe19c66.txt
2025-02-20 00:41:48,214 - INFO - Copied and removed: E:\backup\files\Users\USER\AppData\Local\Microsoft\PowerToys\FancyZones\Logs\v0.88.0\log_2025-02-18.txt -> C:\Users\USER/Documents/Harvested_Data\W11-Vik_USER\2025-02-20_00-41-48\log_2025-02-18_f53a4a46.txt
2025-02-20 00:41:48,232 - INFO - Copied and removed: E:\backup\files\Users\USER\AppData\Local\Microsoft\PowerToys\File Explorer\Logs\file-explorer-log_2025-02-12.txt -> C:\Users\USER/Documents/Harvested_Data\W11-Vik_USER\2025-02-20_00-41-48\file-explorer-log_2025-02-12_e1722ead.txt
2025-02-20 00:41:48,248 - INFO - Copied and removed: E:\backup\files\Users\USER\AppData\Local\Microsoft\PowerToys\File Locksmith\ModuleInterface\Logs\v0.88.0\log_2025-02-12.txt -> C:\Users\USER/Documents/Harvested_Data\W11-Vik_USER\2025-02-20_00-41-48\log_2025-02-12_7a4363ae.txt
2025-02-20 00:41:48,265 - INFO - Copied and removed: E:\backup\files\Users\USER\AppData\Local\Microsoft\PowerToys\FindMyMouse\ModuleInterface\Logs\v0.88.0\log_2025-02-10.txt -> C:\Users\USER/Documents/Harvested_Data\W11-Vik_USER\2025-02-20_00-41-48\log_2025-02-10_6a5b6b19.txt
2025-02-20 00:41:48,283 - INFO - Copied and removed: E:\backup\files\Users\USER\AppData\Local\Microsoft\PowerToys\FindMyMouse\ModuleInterface\Logs\v0.88.0\log_2025-02-11.txt -> C:\Users\USER/Documents/Harvested_Data\W11-Vik_USER\2025-02-20_00-41-48\log_2025-02-11_b5b4dbe3.txt
2025-02-20 00:41:48,301 - INFO - Copied and removed: E:\backup\files\Users\USER\AppData\Local\Microsoft\PowerToys\FindMyMouse\ModuleInterface\Logs\v0.88.0\log_2025-02-12.txt -> C:\Users\USER/Documents/Harvested_Data\W11-Vik_USER\2025-02-20_00-41-48\log_2025-02-12_0540dc02.txt
2025-02-20 00:41:48,318 - INFO - Copied and removed: E:\backup\files\Users\USER\AppData\Local\Microsoft\PowerToys\FindMyMouse\ModuleInterface\Logs\v0.88.0\log_2025-02-13.txt -> C:\Users\USER/Documents/Harvested_Data\W11-Vik_USER\2025-02-20_00-41-48\log_2025-02-13_5b6c42f1.txt
2025-02-20 00:41:48,333 - INFO - Copied and removed: E:\backup\files\Users\USER\AppData\Local\Microsoft\PowerToys\FindMyMouse\ModuleInterface\Logs\v0.88.0\log_2025-02-14.txt -> C:\Users\USER/Documents/Harvested_Data\W11-Vik_USER\2025-02-20_00-41-48\log_2025-02-14_c02d871a.txt
2025-02-20 00:41:48,350 - INFO - Copied and removed: E:\backup\files\Users\USER\AppData\Local\Microsoft\PowerToys\FindMyMouse\ModuleInterface\Logs\v0.88.0\log_2025-02-17.txt -> C:\Users\USER/Documents/Harvested_Data\W11-Vik_USER\2025-02-20_00-41-48\log_2025-02-17_debb5536.txt
2025-02-20 00:41:48,365 - INFO - Copied and removed: E:\backup\files\Users\USER\AppData\Local\Microsoft\PowerToys\FindMyMouse\ModuleInterface\Logs\v0.88.0\log_2025-02-18.txt -> C:\Users\USER/Documents/Harvested_Data\W11-Vik_USER\2025-02-20_00-41-48\log_2025-02-18_4c57f3ac.txt
2025-02-20 00:41:48,383 - INFO - Copied and removed: E:\backup\files\Users\USER\AppData\Local\Microsoft\PowerToys\Hosts\ModuleInterface\Logs\v0.88.0\log_2025-02-12.txt -> C:\Users\USER/Documents/Harvested_Data\W11-Vik_USER\2025-02-20_00-41-48\log_2025-02-12_377b3919.txt
2025-02-20 00:41:48,398 - INFO - Copied and removed: E:\backup\files\Users\USER\AppData\Local\Microsoft\PowerToys\Keyboard Manager\ModuleInterface\Logs\v0.88.0\log_2025-02-12.txt -> C:\Users\USER/Documents/Harvested_Data\W11-Vik_USER\2025-02-20_00-41-48\log_2025-02-12_fa9b9a31.txt
2025-02-20 00:41:48,414 - INFO - Copied and removed: E:\backup\files\Users\USER\AppData\Local\Microsoft\PowerToys\Measure Tool\ModuleInterface\Logs\v0.88.0\log_2025-02-11.txt -> C:\Users\USER/Documents/Harvested_Data\W11-Vik_USER\2025-02-20_00-41-48\log_2025-02-11_c2a4b1aa.txt
2025-02-20 00:41:48,429 - INFO - Copied and removed: E:\backup\files\Users\USER\AppData\Local\Microsoft\PowerToys\Measure Tool\ModuleInterface\Logs\v0.88.0\log_2025-02-12.txt -> C:\Users\USER/Documents/Harvested_Data\W11-Vik_USER\2025-02-20_00-41-48\log_2025-02-12_09655eb9.txt
2025-02-20 00:41:48,445 - INFO - Copied and removed: E:\backup\files\Users\USER\AppData\Local\Microsoft\PowerToys\MouseHighlighter\ModuleInterface\Logs\v0.88.0\log_2025-02-11.txt -> C:\Users\USER/Documents/Harvested_Data\W11-Vik_USER\2025-02-20_00-41-48\log_2025-02-11_20f9d7cc.txt
2025-02-20 00:41:48,462 - INFO - Copied and removed: E:\backup\files\Users\USER\AppData\Local\Microsoft\PowerToys\MouseHighlighter\ModuleInterface\Logs\v0.88.0\log_2025-02-12.txt -> C:\Users\USER/Documents/Harvested_Data\W11-Vik_USER\2025-02-20_00-41-48\log_2025-02-12_30fe1a9d.txt
2025-02-20 00:41:48,480 - INFO - Copied and removed: E:\backup\files\Users\USER\AppData\Local\Microsoft\PowerToys\MouseHighlighter\ModuleInterface\Logs\v0.88.0\log_2025-02-13.txt -> C:\Users\USER/Documents/Harvested_Data\W11-Vik_USER\2025-02-20_00-41-48\log_2025-02-13_194ba8e7.txt
2025-02-20 00:41:48,494 - INFO - Copied and removed: E:\backup\files\Users\USER\AppData\Local\Microsoft\PowerToys\MouseHighlighter\ModuleInterface\Logs\v0.88.0\log_2025-02-14.txt -> C:\Users\USER/Documents/Harvested_Data\W11-Vik_USER\2025-02-20_00-41-48\log_2025-02-14_f671d3ce.txt
2025-02-20 00:41:48,511 - INFO - Copied and removed: E:\backup\files\Users\USER\AppData\Local\Microsoft\PowerToys\MouseJump\ModuleInterface\Logs\v0.88.0\log_2025-02-11.txt -> C:\Users\USER/Documents/Harvested_Data\W11-Vik_USER\2025-02-20_00-41-48\log_2025-02-11_44103875.txt
2025-02-20 00:41:48,526 - INFO - Copied and removed: E:\backup\files\Users\USER\AppData\Local\Microsoft\PowerToys\MouseJump\ModuleInterface\Logs\v0.88.0\log_2025-02-12.txt -> C:\Users\USER/Documents/Harvested_Data\W11-Vik_USER\2025-02-20_00-41-48\log_2025-02-12_5613ef52.txt
2025-02-20 00:41:48,589 - INFO - Copied and removed: E:\backup\files\Users\USER\AppData\Local\Microsoft\PowerToys\MouseJump\ModuleInterface\Logs\v0.88.0\log_2025-02-14.txt -> C:\Users\USER/Documents/Harvested_Data\W11-Vik_USER\2025-02-20_00-41-48\log_2025-02-14_0f540d29.txt
2025-02-20 00:41:48,607 - INFO - Copied and removed: E:\backup\files\Users\USER\AppData\Local\Microsoft\PowerToys\MousePointerCrosshairs\ModuleInterface\Logs\v0.88.0\log_2025-02-11.txt -> C:\Users\USER/Documents/Harvested_Data\W11-Vik_USER\2025-02-20_00-41-48\log_2025-02-11_94e666b9.txt
2025-02-20 00:41:48,627 - INFO - Copied and removed: E:\backup\files\Users\USER\AppData\Local\Microsoft\PowerToys\MousePointerCrosshairs\ModuleInterface\Logs\v0.88.0\log_2025-02-12.txt -> C:\Users\USER/Documents/Harvested_Data\W11-Vik_USER\2025-02-20_00-41-48\log_2025-02-12_35a6d73f.txt
2025-02-20 00:41:48,643 - INFO - Copied and removed: E:\backup\files\Users\USER\AppData\Local\Microsoft\PowerToys\MousePointerCrosshairs\ModuleInterface\Logs\v0.88.0\log_2025-02-14.txt -> C:\Users\USER/Documents/Harvested_Data\W11-Vik_USER\2025-02-20_00-41-48\log_2025-02-14_e0efdbf7.txt
2025-02-20 00:41:48,661 - INFO - Copied and removed: E:\backup\files\Users\USER\AppData\Local\Microsoft\PowerToys\MouseWithoutBorders\LogsModuleInterface\mouseWithoutBorders-log_2025-02-12.txt -> C:\Users\USER/Documents/Harvested_Data\W11-Vik_USER\2025-02-20_00-41-48\mouseWithoutBorders-log_2025-02-12_4de3c9c2.txt
2025-02-20 00:41:48,683 - INFO - Copied and removed: E:\backup\files\Users\USER\AppData\Local\Microsoft\PowerToys\NewPlus\NewPlus.ShellExtension\Logs\v0.88.0\log_2025-02-10.txt -> C:\Users\USER/Documents/Harvested_Data\W11-Vik_USER\2025-02-20_00-41-48\log_2025-02-10_17269369.txt
2025-02-20 00:41:48,700 - INFO - Copied and removed: E:\backup\files\Users\USER\AppData\Local\Microsoft\PowerToys\NewPlus\NewPlus.ShellExtension\Logs\v0.88.0\log_2025-02-12.txt -> C:\Users\USER/Documents/Harvested_Data\W11-Vik_USER\2025-02-20_00-41-48\log_2025-02-12_e463a27b.txt
2025-02-20 00:41:48,721 - INFO - Copied and removed: E:\backup\files\Users\USER\AppData\Local\Microsoft\PowerToys\NewPlus\NewPlus.ShellExtension\Logs\v0.88.0\log_2025-02-13.txt -> C:\Users\USER/Documents/Harvested_Data\W11-Vik_USER\2025-02-20_00-41-48\log_2025-02-13_72bdce24.txt
2025-02-20 00:41:48,738 - INFO - Copied and removed: E:\backup\files\Users\USER\AppData\Local\Microsoft\PowerToys\NewPlus\NewPlus.ShellExtension\Logs\v0.88.0\log_2025-02-16.txt -> C:\Users\USER/Documents/Harvested_Data\W11-Vik_USER\2025-02-20_00-41-48\log_2025-02-16_69f742d1.txt
2025-02-20 00:41:48,758 - INFO - Copied and removed: E:\backup\files\Users\USER\AppData\Local\Microsoft\PowerToys\NewPlus\NewPlus.ShellExtension\Logs\v0.88.0\log_2025-02-17.txt -> C:\Users\USER/Documents/Harvested_Data\W11-Vik_USER\2025-02-20_00-41-48\log_2025-02-17_ecaa097c.txt
2025-02-20 00:41:48,779 - INFO - Copied and removed: E:\backup\files\Users\USER\AppData\Local\Microsoft\PowerToys\PowerRename\ModuleInterface\Logs\v0.88.0\log_2025-02-12.txt -> C:\Users\USER/Documents/Harvested_Data\W11-Vik_USER\2025-02-20_00-41-48\log_2025-02-12_f55857df.txt
2025-02-20 00:41:48,805 - INFO - Copied and removed: E:\backup\files\Users\USER\AppData\Local\Microsoft\PowerToys\PowerToys Run\Logs\0.88.0.0\2025-02-09.txt -> C:\Users\USER/Documents/Harvested_Data\W11-Vik_USER\2025-02-20_00-41-48\2025-02-09_7882bb9a.txt
2025-02-20 00:41:48,829 - INFO - Copied and removed: E:\backup\files\Users\USER\AppData\Local\Microsoft\PowerToys\PowerToys Run\Logs\0.88.0.0\2025-02-10.txt -> C:\Users\USER/Documents/Harvested_Data\W11-Vik_USER\2025-02-20_00-41-48\2025-02-10_be0a5259.txt
2025-02-20 00:41:48,855 - INFO - Copied and removed: E:\backup\files\Users\USER\AppData\Local\Microsoft\PowerToys\PowerToys Run\Logs\0.88.0.0\2025-02-11.txt -> C:\Users\USER/Documents/Harvested_Data\W11-Vik_USER\2025-02-20_00-41-48\2025-02-11_1bc1e8e4.txt
2025-02-20 00:41:48,886 - INFO - Copied and removed: E:\backup\files\Users\USER\AppData\Local\Microsoft\PowerToys\PowerToys Run\Logs\0.88.0.0\2025-02-12.txt -> C:\Users\USER/Documents/Harvested_Data\W11-Vik_USER\2025-02-20_00-41-48\2025-02-12_8a7da098.txt
2025-02-20 00:41:48,911 - INFO - Copied and removed: E:\backup\files\Users\USER\AppData\Local\Microsoft\PowerToys\PowerToys Run\Logs\0.88.0.0\2025-02-13.txt -> C:\Users\USER/Documents/Harvested_Data\W11-Vik_USER\2025-02-20_00-41-48\2025-02-13_bed6ce15.txt
2025-02-20 00:41:48,935 - INFO - Copied and removed: E:\backup\files\Users\USER\AppData\Local\Microsoft\PowerToys\PowerToys Run\Logs\0.88.0.0\2025-02-14.txt -> C:\Users\USER/Documents/Harvested_Data\W11-Vik_USER\2025-02-20_00-41-48\2025-02-14_c4fa5891.txt
2025-02-20 00:41:48,960 - INFO - Copied and removed: E:\backup\files\Users\USER\AppData\Local\Microsoft\PowerToys\PowerToys Run\Logs\0.88.0.0\2025-02-16.txt -> C:\Users\USER/Documents/Harvested_Data\W11-Vik_USER\2025-02-20_00-41-48\2025-02-16_6d846dc1.txt
2025-02-20 00:41:48,983 - INFO - Copied and removed: E:\backup\files\Users\USER\AppData\Local\Microsoft\PowerToys\PowerToys Run\Logs\0.88.0.0\2025-02-17.txt -> C:\Users\USER/Documents/Harvested_Data\W11-Vik_USER\2025-02-20_00-41-48\2025-02-17_f2a92756.txt
2025-02-20 00:41:49,010 - INFO - Copied and removed: E:\backup\files\Users\USER\AppData\Local\Microsoft\PowerToys\PowerToys Run\Logs\0.88.0.0\2025-02-18.txt -> C:\Users\USER/Documents/Harvested_Data\W11-Vik_USER\2025-02-20_00-41-49\2025-02-18_10ecc443.txt
2025-02-20 00:41:49,030 - INFO - Copied and removed: E:\backup\files\Users\USER\AppData\Local\Microsoft\PowerToys\PowerToys Run\LogsModuleInterface\launcher-log_2025-02-10.txt -> C:\Users\USER/Documents/Harvested_Data\W11-Vik_USER\2025-02-20_00-41-49\launcher-log_2025-02-10_86071e3e.txt
2025-02-20 00:41:49,050 - INFO - Copied and removed: E:\backup\files\Users\USER\AppData\Local\Microsoft\PowerToys\PowerToys Run\LogsModuleInterface\launcher-log_2025-02-11.txt -> C:\Users\USER/Documents/Harvested_Data\W11-Vik_USER\2025-02-20_00-41-49\launcher-log_2025-02-11_3694f7d8.txt
2025-02-20 00:41:49,069 - INFO - Copied and removed: E:\backup\files\Users\USER\AppData\Local\Microsoft\PowerToys\PowerToys Run\LogsModuleInterface\launcher-log_2025-02-12.txt -> C:\Users\USER/Documents/Harvested_Data\W11-Vik_USER\2025-02-20_00-41-49\launcher-log_2025-02-12_99141bf4.txt
2025-02-20 00:41:49,087 - INFO - Copied and removed: E:\backup\files\Users\USER\AppData\Local\Microsoft\PowerToys\PowerToys Run\LogsModuleInterface\launcher-log_2025-02-13.txt -> C:\Users\USER/Documents/Harvested_Data\W11-Vik_USER\2025-02-20_00-41-49\launcher-log_2025-02-13_2957d06a.txt
2025-02-20 00:41:49,103 - INFO - Copied and removed: E:\backup\files\Users\USER\AppData\Local\Microsoft\PowerToys\PowerToys Run\LogsModuleInterface\launcher-log_2025-02-14.txt -> C:\Users\USER/Documents/Harvested_Data\W11-Vik_USER\2025-02-20_00-41-49\launcher-log_2025-02-14_fff0d8fe.txt
2025-02-20 00:41:49,120 - INFO - Copied and removed: E:\backup\files\Users\USER\AppData\Local\Microsoft\PowerToys\PowerToys Run\LogsModuleInterface\launcher-log_2025-02-18.txt -> C:\Users\USER/Documents/Harvested_Data\W11-Vik_USER\2025-02-20_00-41-49\launcher-log_2025-02-18_16182cf6.txt
2025-02-20 00:41:49,138 - INFO - Copied and removed: E:\backup\files\Users\USER\AppData\Local\Microsoft\PowerToys\QuickAccent\ModuleInterface\Logs\v0.88.0\log_2025-02-12.txt -> C:\Users\USER/Documents/Harvested_Data\W11-Vik_USER\2025-02-20_00-41-49\log_2025-02-12_2c504869.txt
2025-02-20 00:41:49,155 - INFO - Copied and removed: E:\backup\files\Users\USER\AppData\Local\Microsoft\PowerToys\RegistryPreview\ModuleInterface\Logs\v0.88.0\log_2025-02-11.txt -> C:\Users\USER/Documents/Harvested_Data\W11-Vik_USER\2025-02-20_00-41-49\log_2025-02-11_02c14684.txt
2025-02-20 00:41:49,174 - INFO - Copied and removed: E:\backup\files\Users\USER\AppData\Local\Microsoft\PowerToys\RegistryPreview\ModuleInterface\Logs\v0.88.0\log_2025-02-12.txt -> C:\Users\USER/Documents/Harvested_Data\W11-Vik_USER\2025-02-20_00-41-49\log_2025-02-12_d0085b01.txt
2025-02-20 00:41:49,190 - INFO - Copied and removed: E:\backup\files\Users\USER\AppData\Local\Microsoft\PowerToys\RegistryPreview\ModuleInterface\Logs\v0.88.0\log_2025-02-14.txt -> C:\Users\USER/Documents/Harvested_Data\W11-Vik_USER\2025-02-20_00-41-49\log_2025-02-14_0df472cb.txt
2025-02-20 00:41:49,208 - INFO - Copied and removed: E:\backup\files\Users\USER\AppData\Local\Microsoft\PowerToys\RunnerLogs\runner-log_2025-02-09.txt -> C:\Users\USER/Documents/Harvested_Data\W11-Vik_USER\2025-02-20_00-41-49\runner-log_2025-02-09_0a6be1dc.txt
2025-02-20 00:41:49,230 - INFO - Copied and removed: E:\backup\files\Users\USER\AppData\Local\Microsoft\PowerToys\RunnerLogs\runner-log_2025-02-10.txt -> C:\Users\USER/Documents/Harvested_Data\W11-Vik_USER\2025-02-20_00-41-49\runner-log_2025-02-10_a8c86661.txt
2025-02-20 00:41:49,245 - INFO - Copied and removed: E:\backup\files\Users\USER\AppData\Local\Microsoft\PowerToys\RunnerLogs\runner-log_2025-02-11.txt -> C:\Users\USER/Documents/Harvested_Data\W11-Vik_USER\2025-02-20_00-41-49\runner-log_2025-02-11_55923a78.txt
2025-02-20 00:41:49,271 - INFO - Copied and removed: E:\backup\files\Users\USER\AppData\Local\Microsoft\PowerToys\RunnerLogs\runner-log_2025-02-12.txt -> C:\Users\USER/Documents/Harvested_Data\W11-Vik_USER\2025-02-20_00-41-49\runner-log_2025-02-12_ad959652.txt
2025-02-20 00:41:49,291 - INFO - Copied and removed: E:\backup\files\Users\USER\AppData\Local\Microsoft\PowerToys\RunnerLogs\runner-log_2025-02-13.txt -> C:\Users\USER/Documents/Harvested_Data\W11-Vik_USER\2025-02-20_00-41-49\runner-log_2025-02-13_079e2fd8.txt
2025-02-20 00:41:49,313 - INFO - Copied and removed: E:\backup\files\Users\USER\AppData\Local\Microsoft\PowerToys\RunnerLogs\runner-log_2025-02-14.txt -> C:\Users\USER/Documents/Harvested_Data\W11-Vik_USER\2025-02-20_00-41-49\runner-log_2025-02-14_c587cff0.txt
2025-02-20 00:41:49,330 - INFO - Copied and removed: E:\backup\files\Users\USER\AppData\Local\Microsoft\PowerToys\RunnerLogs\runner-log_2025-02-16.txt -> C:\Users\USER/Documents/Harvested_Data\W11-Vik_USER\2025-02-20_00-41-49\runner-log_2025-02-16_32b24b86.txt
2025-02-20 00:41:49,351 - INFO - Copied and removed: E:\backup\files\Users\USER\AppData\Local\Microsoft\PowerToys\RunnerLogs\runner-log_2025-02-17.txt -> C:\Users\USER/Documents/Harvested_Data\W11-Vik_USER\2025-02-20_00-41-49\runner-log_2025-02-17_972a83c4.txt
2025-02-20 00:41:49,370 - INFO - Copied and removed: E:\backup\files\Users\USER\AppData\Local\Microsoft\PowerToys\RunnerLogs\runner-log_2025-02-18.txt -> C:\Users\USER/Documents/Harvested_Data\W11-Vik_USER\2025-02-20_00-41-49\runner-log_2025-02-18_730a7dfd.txt
2025-02-20 00:41:49,386 - INFO - Copied and removed: E:\backup\files\Users\USER\AppData\Local\Microsoft\PowerToys\Shortcut Guide\ModuleInterface\Logs\v0.88.0\log_2025-02-10.txt -> C:\Users\USER/Documents/Harvested_Data\W11-Vik_USER\2025-02-20_00-41-49\log_2025-02-10_e53016bf.txt
2025-02-20 00:41:49,404 - INFO - Copied and removed: E:\backup\files\Users\USER\AppData\Local\Microsoft\PowerToys\Shortcut Guide\ModuleInterface\Logs\v0.88.0\log_2025-02-11.txt -> C:\Users\USER/Documents/Harvested_Data\W11-Vik_USER\2025-02-20_00-41-49\log_2025-02-11_cbdc348a.txt
2025-02-20 00:41:49,421 - INFO - Copied and removed: E:\backup\files\Users\USER\AppData\Local\Microsoft\PowerToys\Shortcut Guide\ModuleInterface\Logs\v0.88.0\log_2025-02-12.txt -> C:\Users\USER/Documents/Harvested_Data\W11-Vik_USER\2025-02-20_00-41-49\log_2025-02-12_06fb1eca.txt
2025-02-20 00:41:49,436 - INFO - Copied and removed: E:\backup\files\Users\USER\AppData\Local\Microsoft\PowerToys\Shortcut Guide\ModuleInterface\Logs\v0.88.0\log_2025-02-13.txt -> C:\Users\USER/Documents/Harvested_Data\W11-Vik_USER\2025-02-20_00-41-49\log_2025-02-13_9e7ea533.txt
2025-02-20 00:41:49,451 - INFO - Copied and removed: E:\backup\files\Users\USER\AppData\Local\Microsoft\PowerToys\Shortcut Guide\ModuleInterface\Logs\v0.88.0\log_2025-02-14.txt -> C:\Users\USER/Documents/Harvested_Data\W11-Vik_USER\2025-02-20_00-41-49\log_2025-02-14_3d4ec9ef.txt
2025-02-20 00:41:49,467 - INFO - Copied and removed: E:\backup\files\Users\USER\AppData\Local\Microsoft\PowerToys\TextExtractor\ModuleInterface\Logs\v0.88.0\log_2025-02-11.txt -> C:\Users\USER/Documents/Harvested_Data\W11-Vik_USER\2025-02-20_00-41-49\log_2025-02-11_2109b64e.txt
2025-02-20 00:41:49,483 - INFO - Copied and removed: E:\backup\files\Users\USER\AppData\Local\Microsoft\PowerToys\TextExtractor\ModuleInterface\Logs\v0.88.0\log_2025-02-12.txt -> C:\Users\USER/Documents/Harvested_Data\W11-Vik_USER\2025-02-20_00-41-49\log_2025-02-12_8f2b94be.txt
2025-02-20 00:41:49,499 - INFO - Copied and removed: E:\backup\files\Users\USER\AppData\Local\Microsoft\PowerToys\Workspaces\ModuleInterface\Logs\v0.88.0\log_2025-02-10.txt -> C:\Users\USER/Documents/Harvested_Data\W11-Vik_USER\2025-02-20_00-41-49\log_2025-02-10_9646e9aa.txt
2025-02-20 00:41:49,515 - INFO - Copied and removed: E:\backup\files\Users\USER\AppData\Local\Microsoft\PowerToys\Workspaces\ModuleInterface\Logs\v0.88.0\log_2025-02-11.txt -> C:\Users\USER/Documents/Harvested_Data\W11-Vik_USER\2025-02-20_00-41-49\log_2025-02-11_073c91da.txt
2025-02-20 00:41:49,534 - INFO - Copied and removed: E:\backup\files\Users\USER\AppData\Local\Microsoft\PowerToys\Workspaces\ModuleInterface\Logs\v0.88.0\log_2025-02-12.txt -> C:\Users\USER/Documents/Harvested_Data\W11-Vik_USER\2025-02-20_00-41-49\log_2025-02-12_b2e12330.txt
2025-02-20 00:41:49,549 - INFO - Copied and removed: E:\backup\files\Users\USER\AppData\Local\Microsoft\PowerToys\Workspaces\ModuleInterface\Logs\v0.88.0\log_2025-02-13.txt -> C:\Users\USER/Documents/Harvested_Data\W11-Vik_USER\2025-02-20_00-41-49\log_2025-02-13_621388fe.txt
2025-02-20 00:41:49,565 - INFO - Copied and removed: E:\backup\files\Users\USER\AppData\Local\Microsoft\PowerToys\Workspaces\ModuleInterface\Logs\v0.88.0\log_2025-02-14.txt -> C:\Users\USER/Documents/Harvested_Data\W11-Vik_USER\2025-02-20_00-41-49\log_2025-02-14_00343591.txt
2025-02-20 00:41:49,581 - INFO - Copied and removed: E:\backup\files\Users\USER\AppData\Local\Microsoft\PowerToys\Workspaces\ModuleInterface\Logs\v0.88.0\log_2025-02-18.txt -> C:\Users\USER/Documents/Harvested_Data\W11-Vik_USER\2025-02-20_00-41-49\log_2025-02-18_16011650.txt
2025-02-20 00:41:49,616 - INFO - Copied and removed: E:\backup\files\Users\USER\AppData\Local\Microsoft\Windows\WebCache\V010008D.log -> C:\Users\USER/Documents/Harvested_Data\W11-Vik_USER\2025-02-20_00-41-49\V010008D_bf5fbe96.log
2025-02-20 00:41:49,647 - INFO - Copied and removed: E:\backup\files\Users\USER\AppData\Local\Microsoft\Windows\WebCache\V010008E.log -> C:\Users\USER/Documents/Harvested_Data\W11-Vik_USER\2025-02-20_00-41-49\V010008E_b05c913c.log
2025-02-20 00:41:49,678 - INFO - Copied and removed: E:\backup\files\Users\USER\AppData\Local\Microsoft\Windows\WebCache\V010008F.log -> C:\Users\USER/Documents/Harvested_Data\W11-Vik_USER\2025-02-20_00-41-49\V010008F_b5c4ebdb.log
2025-02-20 00:41:49,696 - INFO - Copied and removed: E:\backup\files\Users\USER\AppData\Local\NVIDIA Corporation\GfnRuntimeSdk\GfnRuntimeSdk.1.log -> C:\Users\USER/Documents/Harvested_Data\W11-Vik_USER\2025-02-20_00-41-49\GfnRuntimeSdk.1_96541d38.log
2025-02-20 00:41:49,775 - INFO - Copied and removed: E:\backup\files\Users\USER\AppData\Local\NVIDIA Corporation\NVIDIA app\console.log -> C:\Users\USER/Documents/Harvested_Data\W11-Vik_USER\2025-02-20_00-41-49\console_f282245f.log
2025-02-20 00:41:49,813 - INFO - Copied and removed: E:\backup\files\Users\USER\AppData\Local\NVIDIA Corporation\NVIDIA app\CxNative_LocalUser.1.log -> C:\Users\USER/Documents/Harvested_Data\W11-Vik_USER\2025-02-20_00-41-49\CxNative_LocalUser.1_c9890a48.log
2025-02-20 00:41:49,841 - INFO - Copied and removed: E:\backup\files\Users\USER\AppData\Local\NVIDIA Corporation\NVIDIA app\CxNative_LocalUser.log -> C:\Users\USER/Documents/Harvested_Data\W11-Vik_USER\2025-02-20_00-41-49\CxNative_LocalUser_b8f416d7.log
2025-02-20 00:41:49,867 - INFO - Copied and removed: E:\backup\files\Users\USER\AppData\Local\NVIDIA Corporation\NVIDIA app\CxNative_NVIDIA app.1.log -> C:\Users\USER/Documents/Harvested_Data\W11-Vik_USER\2025-02-20_00-41-49\CxNative_NVIDIA app.1_9e46ddb2.log
2025-02-20 00:41:49,892 - INFO - Copied and removed: E:\backup\files\Users\USER\AppData\Local\NVIDIA Corporation\NVIDIA app\CxNative_NVIDIA app.log -> C:\Users\USER/Documents/Harvested_Data\W11-Vik_USER\2025-02-20_00-41-49\CxNative_NVIDIA app_0b95fcf9.log
2025-02-20 00:41:49,914 - INFO - Copied and removed: E:\backup\files\Users\USER\AppData\Local\NVIDIA Corporation\NVIDIA app\debug.log -> C:\Users\USER/Documents/Harvested_Data\W11-Vik_USER\2025-02-20_00-41-49\debug_4d136ac4.log
2025-02-20 00:41:49,950 - INFO - Copied and removed: E:\backup\files\Users\USER\AppData\Local\NVIDIA Corporation\NVIDIA app\CefCache\IndexedDB\https_nvfile_0.indexeddb.leveldb\000004.log -> C:\Users\USER/Documents/Harvested_Data\W11-Vik_USER\2025-02-20_00-41-49\000004_a0d32524.log
2025-02-20 00:41:49,967 - INFO - Copied and removed: E:\backup\files\Users\USER\AppData\Local\NVIDIA Corporation\NVIDIA app\CefCache\Service Worker\Database\000003.log -> C:\Users\USER/Documents/Harvested_Data\W11-Vik_USER\2025-02-20_00-41-49\000003_7b7e80ad.log
2025-02-20 00:41:50,002 - INFO - Copied and removed: E:\backup\files\Users\USER\AppData\Local\NVIDIA Corporation\NVIDIA app\NvBackend\backend.log -> C:\Users\USER/Documents/Harvested_Data\W11-Vik_USER\2025-02-20_00-41-49\backend_83c8f031.log
2025-02-20 00:41:50,034 - INFO - Copied and removed: E:\backup\files\Users\USER\AppData\Local\NVIDIA Corporation\NVIDIA app\UXD\Log.NVIDIA app.exe.log -> C:\Users\USER/Documents/Harvested_Data\W11-Vik_USER\2025-02-20_00-41-50\Log.NVIDIA app.exe_d08b4a8d.log
2025-02-20 00:41:50,059 - INFO - Copied and removed: E:\backup\files\Users\USER\AppData\Local\NVIDIA Corporation\NVIDIA Overlay\console.log -> C:\Users\USER/Documents/Harvested_Data\W11-Vik_USER\2025-02-20_00-41-50\console_9d48dbe5.log
2025-02-20 00:41:50,087 - INFO - Copied and removed: E:\backup\files\Users\USER\AppData\Local\NVIDIA Corporation\NVIDIA Overlay\CxNative_NVIDIA Overlay.1.log -> C:\Users\USER/Documents/Harvested_Data\W11-Vik_USER\2025-02-20_00-41-50\CxNative_NVIDIA Overlay.1_91ea50a7.log
2025-02-20 00:41:50,118 - INFO - Copied and removed: E:\backup\files\Users\USER\AppData\Local\NVIDIA Corporation\NVIDIA Overlay\CxNative_NVIDIA Overlay.log -> C:\Users\USER/Documents/Harvested_Data\W11-Vik_USER\2025-02-20_00-41-50\CxNative_NVIDIA Overlay_779ab53e.log
2025-02-20 00:41:50,142 - INFO - Copied and removed: E:\backup\files\Users\USER\AppData\Local\NVIDIA Corporation\NVIDIA Overlay\debug.log -> C:\Users\USER/Documents/Harvested_Data\W11-Vik_USER\2025-02-20_00-41-50\debug_08805f2c.log
2025-02-20 00:41:50,173 - INFO - Copied and removed: E:\backup\files\Users\USER\AppData\Local\NVIDIA Corporation\NVIDIA Overlay\CefCache\IndexedDB\https_nvfile_0.indexeddb.leveldb\000003.log -> C:\Users\USER/Documents/Harvested_Data\W11-Vik_USER\2025-02-20_00-41-50\000003_c421aabe.log
2025-02-20 00:41:50,191 - INFO - Copied and removed: E:\backup\files\Users\USER\AppData\Local\NVIDIA Corporation\NVIDIA Overlay\CefCache\Session Storage\000003.log -> C:\Users\USER/Documents/Harvested_Data\W11-Vik_USER\2025-02-20_00-41-50\000003_60640e21.log
2025-02-20 00:41:50,212 - INFO - Copied and removed: E:\backup\files\Users\USER\AppData\Local\OGH\OmenInstallMonitor_20250211.log -> C:\Users\USER/Documents/Harvested_Data\W11-Vik_USER\2025-02-20_00-41-50\OmenInstallMonitor_20250211_e92df39e.log
2025-02-20 00:41:50,233 - INFO - Copied and removed: E:\backup\files\Users\USER\AppData\Local\OGH\OmenInstallMonitor_20250212.log -> C:\Users\USER/Documents/Harvested_Data\W11-Vik_USER\2025-02-20_00-41-50\OmenInstallMonitor_20250212_e5380b4e.log
2025-02-20 00:41:50,253 - INFO - Copied and removed: E:\backup\files\Users\USER\AppData\Local\OGH\OmenInstallMonitor_20250213.log -> C:\Users\USER/Documents/Harvested_Data\W11-Vik_USER\2025-02-20_00-41-50\OmenInstallMonitor_20250213_68c56c05.log
2025-02-20 00:41:50,275 - INFO - Copied and removed: E:\backup\files\Users\USER\AppData\Local\OGH\OmenInstallMonitor_20250214.log -> C:\Users\USER/Documents/Harvested_Data\W11-Vik_USER\2025-02-20_00-41-50\OmenInstallMonitor_20250214_74cfb60d.log
2025-02-20 00:41:50,295 - INFO - Copied and removed: E:\backup\files\Users\USER\AppData\Local\OGH\OmenInstallMonitor_20250216.log -> C:\Users\USER/Documents/Harvested_Data\W11-Vik_USER\2025-02-20_00-41-50\OmenInstallMonitor_20250216_5bfd1080.log
2025-02-20 00:41:50,314 - INFO - Copied and removed: E:\backup\files\Users\USER\AppData\Local\OGH\OmenInstallMonitor_20250217.log -> C:\Users\USER/Documents/Harvested_Data\W11-Vik_USER\2025-02-20_00-41-50\OmenInstallMonitor_20250217_ed1974a2.log
2025-02-20 00:41:50,334 - INFO - Copied and removed: E:\backup\files\Users\USER\AppData\Local\OGH\OmenInstallMonitor_20250218.log -> C:\Users\USER/Documents/Harvested_Data\W11-Vik_USER\2025-02-20_00-41-50\OmenInstallMonitor_20250218_4b68eeb6.log
2025-02-20 00:41:50,356 - INFO - Copied and removed: E:\backup\files\Users\USER\AppData\Local\OGH\Optimizer_20250214.log -> C:\Users\USER/Documents/Harvested_Data\W11-Vik_USER\2025-02-20_00-41-50\Optimizer_20250214_7729ea1d.log
2025-02-20 00:41:50,377 - INFO - Copied and removed: E:\backup\files\Users\USER\AppData\Local\OGH\Optimizer_20250216.log -> C:\Users\USER/Documents/Harvested_Data\W11-Vik_USER\2025-02-20_00-41-50\Optimizer_20250216_c450282b.log
2025-02-20 00:41:50,397 - INFO - Copied and removed: E:\backup\files\Users\USER\AppData\Local\OGH\Optimizer_20250217.log -> C:\Users\USER/Documents/Harvested_Data\W11-Vik_USER\2025-02-20_00-41-50\Optimizer_20250217_6bba4396.log
2025-02-20 00:41:50,417 - INFO - Copied and removed: E:\backup\files\Users\USER\AppData\Local\OGH\Optimizer_20250218.log -> C:\Users\USER/Documents/Harvested_Data\W11-Vik_USER\2025-02-20_00-41-50\Optimizer_20250218_e25ee668.log
2025-02-20 00:41:50,486 - INFO - Copied and removed: E:\backup\files\Users\USER\AppData\Local\OGH\OverlayHelper_20250211.log -> C:\Users\USER/Documents/Harvested_Data\W11-Vik_USER\2025-02-20_00-41-50\OverlayHelper_20250211_60bffe58.log
2025-02-20 00:41:50,510 - INFO - Copied and removed: E:\backup\files\Users\USER\AppData\Local\OGH\OverlayHelper_20250212.log -> C:\Users\USER/Documents/Harvested_Data\W11-Vik_USER\2025-02-20_00-41-50\OverlayHelper_20250212_b62a1b99.log
2025-02-20 00:41:50,533 - INFO - Copied and removed: E:\backup\files\Users\USER\AppData\Local\OGH\OverlayHelper_20250213.log -> C:\Users\USER/Documents/Harvested_Data\W11-Vik_USER\2025-02-20_00-41-50\OverlayHelper_20250213_cae09a7d.log
2025-02-20 00:41:50,553 - INFO - Copied and removed: E:\backup\files\Users\USER\AppData\Local\OGH\OverlayHelper_20250214.log -> C:\Users\USER/Documents/Harvested_Data\W11-Vik_USER\2025-02-20_00-41-50\OverlayHelper_20250214_b07e7839.log
2025-02-20 00:41:50,573 - INFO - Copied and removed: E:\backup\files\Users\USER\AppData\Local\OGH\OverlayHelper_20250216.log -> C:\Users\USER/Documents/Harvested_Data\W11-Vik_USER\2025-02-20_00-41-50\OverlayHelper_20250216_5ca753f2.log
2025-02-20 00:41:50,592 - INFO - Copied and removed: E:\backup\files\Users\USER\AppData\Local\OGH\OverlayHelper_20250217.log -> C:\Users\USER/Documents/Harvested_Data\W11-Vik_USER\2025-02-20_00-41-50\OverlayHelper_20250217_94577c9f.log
2025-02-20 00:41:50,612 - INFO - Copied and removed: E:\backup\files\Users\USER\AppData\Local\OGH\OverlayHelper_20250218.log -> C:\Users\USER/Documents/Harvested_Data\W11-Vik_USER\2025-02-20_00-41-50\OverlayHelper_20250218_66ce193d.log
2025-02-20 00:41:50,638 - INFO - Copied and removed: E:\backup\files\Users\USER\AppData\Local\Packages\5319275A.WhatsAppDesktop_cv1g1gvanyjgm\LocalState\wa_stats_v2.log -> C:\Users\USER/Documents/Harvested_Data\W11-Vik_USER\2025-02-20_00-41-50\wa_stats_v2_7e53fb77.log
2025-02-20 00:41:50,655 - INFO - Copied and removed: E:\backup\files\Users\USER\AppData\Local\Packages\5319275A.WhatsAppDesktop_cv1g1gvanyjgm\LocalState\shared\transfers\2025_7\DOC-20250218-WA0001.docx -> C:\Users\USER/Documents/Harvested_Data\W11-Vik_USER\2025-02-20_00-41-50\DOC-20250218-WA0001_e1877796.docx
2025-02-20 00:41:50,669 - INFO - Copied and removed: E:\backup\files\Users\USER\AppData\Local\Packages\5319275A.WhatsAppDesktop_cv1g1gvanyjgm\LocalState\shared\transfers\2025_7\DOC-20250218-WA0002.docx -> C:\Users\USER/Documents/Harvested_Data\W11-Vik_USER\2025-02-20_00-41-50\DOC-20250218-WA0002_9054b905.docx
2025-02-20 00:41:50,685 - INFO - Copied and removed: E:\backup\files\Users\USER\AppData\Local\Packages\5319275A.WhatsAppDesktop_cv1g1gvanyjgm\LocalState\shared\transfers\2025_7\DOC-20250218-WA0003.docx -> C:\Users\USER/Documents/Harvested_Data\W11-Vik_USER\2025-02-20_00-41-50\DOC-20250218-WA0003_594c1b25.docx
2025-02-20 00:41:50,706 - INFO - Copied and removed: E:\backup\files\Users\USER\AppData\Local\Packages\7EE7776C.LinkedInforWindows_w1wdnht996qgy\LocalState\EBWebView\Default\IndexedDB\https_www.linkedin.com_0.indexeddb.leveldb\000003.log -> C:\Users\USER/Documents/Harvested_Data\W11-Vik_USER\2025-02-20_00-41-50\000003_ed5ba6cb.log
2025-02-20 00:41:50,726 - INFO - Copied and removed: E:\backup\files\Users\USER\AppData\Local\Packages\7EE7776C.LinkedInforWindows_w1wdnht996qgy\LocalState\EBWebView\Default\Local Storage\leveldb\000003.log -> C:\Users\USER/Documents/Harvested_Data\W11-Vik_USER\2025-02-20_00-41-50\000003_8946595d.log
2025-02-20 00:41:50,743 - INFO - Copied and removed: E:\backup\files\Users\USER\AppData\Local\Packages\7EE7776C.LinkedInforWindows_w1wdnht996qgy\LocalState\EBWebView\Default\shared_proto_db\000003.log -> C:\Users\USER/Documents/Harvested_Data\W11-Vik_USER\2025-02-20_00-41-50\000003_f2cf4ac5.log
2025-02-20 00:41:50,761 - INFO - Copied and removed: E:\backup\files\Users\USER\AppData\Local\Packages\AD2F1837.OMENCommandCenter_v10z8vjag6ke6\LocalCache\Local\HPOMEN\FanSpeed_20250212.log -> C:\Users\USER/Documents/Harvested_Data\W11-Vik_USER\2025-02-20_00-41-50\FanSpeed_20250212_0aafaaf1.log
2025-02-20 00:41:50,780 - INFO - Copied and removed: E:\backup\files\Users\USER\AppData\Local\Packages\AD2F1837.OMENCommandCenter_v10z8vjag6ke6\LocalCache\Local\HPOMEN\GA4_AnalyticsBG_20250211.log -> C:\Users\USER/Documents/Harvested_Data\W11-Vik_USER\2025-02-20_00-41-50\GA4_AnalyticsBG_20250211_5cbb1208.log
2025-02-20 00:41:50,803 - INFO - Copied and removed: E:\backup\files\Users\USER\AppData\Local\Packages\AD2F1837.OMENCommandCenter_v10z8vjag6ke6\LocalCache\Local\HPOMEN\GA4_AnalyticsBG_20250212.log -> C:\Users\USER/Documents/Harvested_Data\W11-Vik_USER\2025-02-20_00-41-50\GA4_AnalyticsBG_20250212_4a4a2f6d.log
2025-02-20 00:41:50,823 - INFO - Copied and removed: E:\backup\files\Users\USER\AppData\Local\Packages\AD2F1837.OMENCommandCenter_v10z8vjag6ke6\LocalCache\Local\HPOMEN\GA4_AnalyticsBG_20250213.log -> C:\Users\USER/Documents/Harvested_Data\W11-Vik_USER\2025-02-20_00-41-50\GA4_AnalyticsBG_20250213_1a0d0148.log
2025-02-20 00:41:50,872 - INFO - Copied and removed: E:\backup\files\Users\USER\AppData\Local\Packages\AD2F1837.OMENCommandCenter_v10z8vjag6ke6\LocalCache\Local\HPOMEN\GA4_AnalyticsBG_20250214.log -> C:\Users\USER/Documents/Harvested_Data\W11-Vik_USER\2025-02-20_00-41-50\GA4_AnalyticsBG_20250214_465f99ad.log
2025-02-20 00:41:50,890 - INFO - Copied and removed: E:\backup\files\Users\USER\AppData\Local\Packages\AD2F1837.OMENCommandCenter_v10z8vjag6ke6\LocalCache\Local\HPOMEN\GA4_AnalyticsBG_20250216.log -> C:\Users\USER/Documents/Harvested_Data\W11-Vik_USER\2025-02-20_00-41-50\GA4_AnalyticsBG_20250216_01e2496a.log
2025-02-20 00:41:50,908 - INFO - Copied and removed: E:\backup\files\Users\USER\AppData\Local\Packages\AD2F1837.OMENCommandCenter_v10z8vjag6ke6\LocalCache\Local\HPOMEN\GA4_AnalyticsBG_20250217.log -> C:\Users\USER/Documents/Harvested_Data\W11-Vik_USER\2025-02-20_00-41-50\GA4_AnalyticsBG_20250217_db727bd4.log
2025-02-20 00:41:50,929 - INFO - Copied and removed: E:\backup\files\Users\USER\AppData\Local\Packages\AD2F1837.OMENCommandCenter_v10z8vjag6ke6\LocalCache\Local\HPOMEN\GA4_AnalyticsBG_20250218.log -> C:\Users\USER/Documents/Harvested_Data\W11-Vik_USER\2025-02-20_00-41-50\GA4_AnalyticsBG_20250218_25a243f3.log
2025-02-20 00:41:50,951 - INFO - Copied and removed: E:\backup\files\Users\USER\AppData\Local\Packages\AD2F1837.OMENCommandCenter_v10z8vjag6ke6\LocalCache\Local\HPOMEN\GA4_Analytics_20250211.log -> C:\Users\USER/Documents/Harvested_Data\W11-Vik_USER\2025-02-20_00-41-50\GA4_Analytics_20250211_f04351d4.log
2025-02-20 00:41:50,977 - INFO - Copied and removed: E:\backup\files\Users\USER\AppData\Local\Packages\AD2F1837.OMENCommandCenter_v10z8vjag6ke6\LocalCache\Local\HPOMEN\GA4_Analytics_20250212.log -> C:\Users\USER/Documents/Harvested_Data\W11-Vik_USER\2025-02-20_00-41-50\GA4_Analytics_20250212_d759ce14.log
2025-02-20 00:41:50,999 - INFO - Copied and removed: E:\backup\files\Users\USER\AppData\Local\Packages\AD2F1837.OMENCommandCenter_v10z8vjag6ke6\LocalCache\Local\HPOMEN\GA4_Analytics_20250213.log -> C:\Users\USER/Documents/Harvested_Data\W11-Vik_USER\2025-02-20_00-41-50\GA4_Analytics_20250213_5b45ff64.log
2025-02-20 00:41:51,023 - INFO - Copied and removed: E:\backup\files\Users\USER\AppData\Local\Packages\AD2F1837.OMENCommandCenter_v10z8vjag6ke6\LocalCache\Local\HPOMEN\GA4_Analytics_20250214.log -> C:\Users\USER/Documents/Harvested_Data\W11-Vik_USER\2025-02-20_00-41-51\GA4_Analytics_20250214_1882ebe2.log
2025-02-20 00:41:51,047 - INFO - Copied and removed: E:\backup\files\Users\USER\AppData\Local\Packages\AD2F1837.OMENCommandCenter_v10z8vjag6ke6\LocalCache\Local\HPOMEN\GA4_Analytics_20250216.log -> C:\Users\USER/Documents/Harvested_Data\W11-Vik_USER\2025-02-20_00-41-51\GA4_Analytics_20250216_0511d883.log
2025-02-20 00:41:51,066 - INFO - Copied and removed: E:\backup\files\Users\USER\AppData\Local\Packages\AD2F1837.OMENCommandCenter_v10z8vjag6ke6\LocalCache\Local\HPOMEN\GA4_Analytics_20250217.log -> C:\Users\USER/Documents/Harvested_Data\W11-Vik_USER\2025-02-20_00-41-51\GA4_Analytics_20250217_72876208.log
2025-02-20 00:41:51,089 - INFO - Copied and removed: E:\backup\files\Users\USER\AppData\Local\Packages\AD2F1837.OMENCommandCenter_v10z8vjag6ke6\LocalCache\Local\HPOMEN\GA4_Analytics_20250218.log -> C:\Users\USER/Documents/Harvested_Data\W11-Vik_USER\2025-02-20_00-41-51\GA4_Analytics_20250218_f522666f.log
2025-02-20 00:41:51,111 - INFO - Copied and removed: E:\backup\files\Users\USER\AppData\Local\Packages\AD2F1837.OMENCommandCenter_v10z8vjag6ke6\LocalCache\Local\HPOMEN\GA4_AnonymousAnalyticsBG_20250211.log -> C:\Users\USER/Documents/Harvested_Data\W11-Vik_USER\2025-02-20_00-41-51\GA4_AnonymousAnalyticsBG_20250211_99b1fee7.log
2025-02-20 00:41:51,137 - INFO - Copied and removed: E:\backup\files\Users\USER\AppData\Local\Packages\AD2F1837.OMENCommandCenter_v10z8vjag6ke6\LocalCache\Local\HPOMEN\GA4_AnonymousAnalyticsBG_20250212.log -> C:\Users\USER/Documents/Harvested_Data\W11-Vik_USER\2025-02-20_00-41-51\GA4_AnonymousAnalyticsBG_20250212_2ea70f4f.log
2025-02-20 00:41:51,164 - INFO - Copied and removed: E:\backup\files\Users\USER\AppData\Local\Packages\AD2F1837.OMENCommandCenter_v10z8vjag6ke6\LocalCache\Local\HPOMEN\GA4_AnonymousAnalyticsBG_20250213.log -> C:\Users\USER/Documents/Harvested_Data\W11-Vik_USER\2025-02-20_00-41-51\GA4_AnonymousAnalyticsBG_20250213_95f40f0d.log
2025-02-20 00:41:51,188 - INFO - Copied and removed: E:\backup\files\Users\USER\AppData\Local\Packages\AD2F1837.OMENCommandCenter_v10z8vjag6ke6\LocalCache\Local\HPOMEN\GA4_AnonymousAnalyticsBG_20250214.log -> C:\Users\USER/Documents/Harvested_Data\W11-Vik_USER\2025-02-20_00-41-51\GA4_AnonymousAnalyticsBG_20250214_3a1515c4.log
2025-02-20 00:41:51,206 - INFO - Copied and removed: E:\backup\files\Users\USER\AppData\Local\Packages\AD2F1837.OMENCommandCenter_v10z8vjag6ke6\LocalCache\Local\HPOMEN\GA4_AnonymousAnalyticsBG_20250216.log -> C:\Users\USER/Documents/Harvested_Data\W11-Vik_USER\2025-02-20_00-41-51\GA4_AnonymousAnalyticsBG_20250216_48c978fe.log
2025-02-20 00:41:51,225 - INFO - Copied and removed: E:\backup\files\Users\USER\AppData\Local\Packages\AD2F1837.OMENCommandCenter_v10z8vjag6ke6\LocalCache\Local\HPOMEN\GA4_AnonymousAnalyticsBG_20250217.log -> C:\Users\USER/Documents/Harvested_Data\W11-Vik_USER\2025-02-20_00-41-51\GA4_AnonymousAnalyticsBG_20250217_5650102b.log
2025-02-20 00:41:51,246 - INFO - Copied and removed: E:\backup\files\Users\USER\AppData\Local\Packages\AD2F1837.OMENCommandCenter_v10z8vjag6ke6\LocalCache\Local\HPOMEN\GA4_AnonymousAnalyticsBG_20250218.log -> C:\Users\USER/Documents/Harvested_Data\W11-Vik_USER\2025-02-20_00-41-51\GA4_AnonymousAnalyticsBG_20250218_09fa529f.log
2025-02-20 00:41:51,311 - INFO - Copied and removed: E:\backup\files\Users\USER\AppData\Local\Packages\AD2F1837.OMENCommandCenter_v10z8vjag6ke6\LocalCache\Local\HPOMEN\HPOMENBG_20250211.log -> C:\Users\USER/Documents/Harvested_Data\W11-Vik_USER\2025-02-20_00-41-51\HPOMENBG_20250211_871bc738.log
2025-02-20 00:41:51,409 - INFO - Copied and removed: E:\backup\files\Users\USER\AppData\Local\Packages\AD2F1837.OMENCommandCenter_v10z8vjag6ke6\LocalCache\Local\HPOMEN\HPOMENBG_20250212.log -> C:\Users\USER/Documents/Harvested_Data\W11-Vik_USER\2025-02-20_00-41-51\HPOMENBG_20250212_b09e8e3f.log
2025-02-20 00:41:51,558 - INFO - Copied and removed: E:\backup\files\Users\USER\AppData\Local\Packages\AD2F1837.OMENCommandCenter_v10z8vjag6ke6\LocalCache\Local\HPOMEN\HPOMENBG_20250213.log -> C:\Users\USER/Documents/Harvested_Data\W11-Vik_USER\2025-02-20_00-41-51\HPOMENBG_20250213_dc526897.log
2025-02-20 00:41:51,653 - INFO - Copied and removed: E:\backup\files\Users\USER\AppData\Local\Packages\AD2F1837.OMENCommandCenter_v10z8vjag6ke6\LocalCache\Local\HPOMEN\HPOMENBG_20250214.log -> C:\Users\USER/Documents/Harvested_Data\W11-Vik_USER\2025-02-20_00-41-51\HPOMENBG_20250214_2072df47.log
2025-02-20 00:41:51,714 - INFO - Copied and removed: E:\backup\files\Users\USER\AppData\Local\Packages\AD2F1837.OMENCommandCenter_v10z8vjag6ke6\LocalCache\Local\HPOMEN\HPOMENBG_20250216.log -> C:\Users\USER/Documents/Harvested_Data\W11-Vik_USER\2025-02-20_00-41-51\HPOMENBG_20250216_6a97ed70.log
2025-02-20 00:41:51,914 - INFO - Copied and removed: E:\backup\files\Users\USER\AppData\Local\Packages\AD2F1837.OMENCommandCenter_v10z8vjag6ke6\LocalCache\Local\HPOMEN\HPOMENBG_20250217.log -> C:\Users\USER/Documents/Harvested_Data\W11-Vik_USER\2025-02-20_00-41-51\HPOMENBG_20250217_c978d791.log
2025-02-20 00:41:52,055 - INFO - Copied and removed: E:\backup\files\Users\USER\AppData\Local\Packages\AD2F1837.OMENCommandCenter_v10z8vjag6ke6\LocalCache\Local\HPOMEN\HPOMENBG_20250218.log -> C:\Users\USER/Documents/Harvested_Data\W11-Vik_USER\2025-02-20_00-41-52\HPOMENBG_20250218_12ed2274.log
2025-02-20 00:41:52,084 - INFO - Copied and removed: E:\backup\files\Users\USER\AppData\Local\Packages\AD2F1837.OMENCommandCenter_v10z8vjag6ke6\LocalCache\Local\HPOMEN\HPOMEN_20250211.log -> C:\Users\USER/Documents/Harvested_Data\W11-Vik_USER\2025-02-20_00-41-52\HPOMEN_20250211_5cd09693.log
2025-02-20 00:41:52,111 - INFO - Copied and removed: E:\backup\files\Users\USER\AppData\Local\Packages\AD2F1837.OMENCommandCenter_v10z8vjag6ke6\LocalCache\Local\HPOMEN\HPOMEN_20250212.log -> C:\Users\USER/Documents/Harvested_Data\W11-Vik_USER\2025-02-20_00-41-52\HPOMEN_20250212_62b9bf9c.log
2025-02-20 00:41:52,136 - INFO - Copied and removed: E:\backup\files\Users\USER\AppData\Local\Packages\AD2F1837.OMENCommandCenter_v10z8vjag6ke6\LocalCache\Local\HPOMEN\HPOMEN_20250213.log -> C:\Users\USER/Documents/Harvested_Data\W11-Vik_USER\2025-02-20_00-41-52\HPOMEN_20250213_dd796b28.log
2025-02-20 00:41:52,160 - INFO - Copied and removed: E:\backup\files\Users\USER\AppData\Local\Packages\AD2F1837.OMENCommandCenter_v10z8vjag6ke6\LocalCache\Local\HPOMEN\HPOMEN_20250214.log -> C:\Users\USER/Documents/Harvested_Data\W11-Vik_USER\2025-02-20_00-41-52\HPOMEN_20250214_838cb434.log
2025-02-20 00:41:52,184 - INFO - Copied and removed: E:\backup\files\Users\USER\AppData\Local\Packages\AD2F1837.OMENCommandCenter_v10z8vjag6ke6\LocalCache\Local\HPOMEN\HPOMEN_20250214_001.log -> C:\Users\USER/Documents/Harvested_Data\W11-Vik_USER\2025-02-20_00-41-52\HPOMEN_20250214_001_630538bf.log
2025-02-20 00:41:52,215 - INFO - Copied and removed: E:\backup\files\Users\USER\AppData\Local\Packages\AD2F1837.OMENCommandCenter_v10z8vjag6ke6\LocalCache\Local\HPOMEN\HPOMEN_20250216.log -> C:\Users\USER/Documents/Harvested_Data\W11-Vik_USER\2025-02-20_00-41-52\HPOMEN_20250216_5481f014.log
2025-02-20 00:41:52,236 - INFO - Copied and removed: E:\backup\files\Users\USER\AppData\Local\Packages\AD2F1837.OMENCommandCenter_v10z8vjag6ke6\LocalCache\Local\HPOMEN\HPOMEN_20250217.log -> C:\Users\USER/Documents/Harvested_Data\W11-Vik_USER\2025-02-20_00-41-52\HPOMEN_20250217_927a1f10.log
2025-02-20 00:41:52,399 - INFO - Copied and removed: E:\backup\files\Users\USER\AppData\Local\Packages\AD2F1837.OMENCommandCenter_v10z8vjag6ke6\LocalCache\Local\HPOMEN\HPOMEN_20250218.log -> C:\Users\USER/Documents/Harvested_Data\W11-Vik_USER\2025-02-20_00-41-52\HPOMEN_20250218_b7bfd7e3.log
2025-02-20 00:41:52,413 - INFO - Copied and removed: E:\backup\files\Users\USER\AppData\Local\Packages\AD2F1837.OMENCommandCenter_v10z8vjag6ke6\LocalCache\Local\HPOMEN\HPSHAREDSETTINGS_20250213.log -> C:\Users\USER/Documents/Harvested_Data\W11-Vik_USER\2025-02-20_00-41-52\HPSHAREDSETTINGS_20250213_06e49b20.log
2025-02-20 00:41:52,434 - INFO - Copied and removed: E:\backup\files\Users\USER\AppData\Local\Packages\AD2F1837.OMENCommandCenter_v10z8vjag6ke6\LocalCache\Local\HPOMEN\HPUNIFIED_20250211.log -> C:\Users\USER/Documents/Harvested_Data\W11-Vik_USER\2025-02-20_00-41-52\HPUNIFIED_20250211_0c51c146.log
2025-02-20 00:41:52,452 - INFO - Copied and removed: E:\backup\files\Users\USER\AppData\Local\Packages\AD2F1837.OMENCommandCenter_v10z8vjag6ke6\LocalCache\Local\HPOMEN\HPUNIFIED_20250212.log -> C:\Users\USER/Documents/Harvested_Data\W11-Vik_USER\2025-02-20_00-41-52\HPUNIFIED_20250212_515c632d.log
2025-02-20 00:41:52,472 - INFO - Copied and removed: E:\backup\files\Users\USER\AppData\Local\Packages\AD2F1837.OMENCommandCenter_v10z8vjag6ke6\LocalCache\Local\HPOMEN\HPUNIFIED_20250213.log -> C:\Users\USER/Documents/Harvested_Data\W11-Vik_USER\2025-02-20_00-41-52\HPUNIFIED_20250213_94bab739.log
2025-02-20 00:41:52,493 - INFO - Copied and removed: E:\backup\files\Users\USER\AppData\Local\Packages\AD2F1837.OMENCommandCenter_v10z8vjag6ke6\LocalCache\Local\HPOMEN\HPUNIFIED_20250214.log -> C:\Users\USER/Documents/Harvested_Data\W11-Vik_USER\2025-02-20_00-41-52\HPUNIFIED_20250214_206ddf53.log
2025-02-20 00:41:52,512 - INFO - Copied and removed: E:\backup\files\Users\USER\AppData\Local\Packages\AD2F1837.OMENCommandCenter_v10z8vjag6ke6\LocalCache\Local\HPOMEN\HPUNIFIED_20250216.log -> C:\Users\USER/Documents/Harvested_Data\W11-Vik_USER\2025-02-20_00-41-52\HPUNIFIED_20250216_2b1e3187.log
2025-02-20 00:41:52,530 - INFO - Copied and removed: E:\backup\files\Users\USER\AppData\Local\Packages\AD2F1837.OMENCommandCenter_v10z8vjag6ke6\LocalCache\Local\HPOMEN\HPUNIFIED_20250217.log -> C:\Users\USER/Documents/Harvested_Data\W11-Vik_USER\2025-02-20_00-41-52\HPUNIFIED_20250217_91d04308.log
2025-02-20 00:41:52,548 - INFO - Copied and removed: E:\backup\files\Users\USER\AppData\Local\Packages\AD2F1837.OMENCommandCenter_v10z8vjag6ke6\LocalCache\Local\HPOMEN\HPUNIFIED_20250218.log -> C:\Users\USER/Documents/Harvested_Data\W11-Vik_USER\2025-02-20_00-41-52\HPUNIFIED_20250218_06701c34.log
2025-02-20 00:41:52,568 - INFO - Copied and removed: E:\backup\files\Users\USER\AppData\Local\Packages\AD2F1837.OMENCommandCenter_v10z8vjag6ke6\LocalCache\Local\HPOMEN\HP_UNIFIEDBG_20250211.log -> C:\Users\USER/Documents/Harvested_Data\W11-Vik_USER\2025-02-20_00-41-52\HP_UNIFIEDBG_20250211_584b9ff6.log
2025-02-20 00:41:52,586 - INFO - Copied and removed: E:\backup\files\Users\USER\AppData\Local\Packages\AD2F1837.OMENCommandCenter_v10z8vjag6ke6\LocalCache\Local\HPOMEN\HP_UNIFIEDBG_20250212.log -> C:\Users\USER/Documents/Harvested_Data\W11-Vik_USER\2025-02-20_00-41-52\HP_UNIFIEDBG_20250212_9a29400f.log
2025-02-20 00:41:52,606 - INFO - Copied and removed: E:\backup\files\Users\USER\AppData\Local\Packages\AD2F1837.OMENCommandCenter_v10z8vjag6ke6\LocalCache\Local\HPOMEN\HP_UNIFIEDBG_20250213.log -> C:\Users\USER/Documents/Harvested_Data\W11-Vik_USER\2025-02-20_00-41-52\HP_UNIFIEDBG_20250213_905407d2.log
2025-02-20 00:41:52,624 - INFO - Copied and removed: E:\backup\files\Users\USER\AppData\Local\Packages\AD2F1837.OMENCommandCenter_v10z8vjag6ke6\LocalCache\Local\HPOMEN\HP_UNIFIEDBG_20250214.log -> C:\Users\USER/Documents/Harvested_Data\W11-Vik_USER\2025-02-20_00-41-52\HP_UNIFIEDBG_20250214_4b949a03.log
2025-02-20 00:41:52,695 - INFO - Copied and removed: E:\backup\files\Users\USER\AppData\Local\Packages\AD2F1837.OMENCommandCenter_v10z8vjag6ke6\LocalCache\Local\HPOMEN\HP_UNIFIEDBG_20250216.log -> C:\Users\USER/Documents/Harvested_Data\W11-Vik_USER\2025-02-20_00-41-52\HP_UNIFIEDBG_20250216_b59be6e6.log
2025-02-20 00:41:52,713 - INFO - Copied and removed: E:\backup\files\Users\USER\AppData\Local\Packages\AD2F1837.OMENCommandCenter_v10z8vjag6ke6\LocalCache\Local\HPOMEN\HP_UNIFIEDBG_20250217.log -> C:\Users\USER/Documents/Harvested_Data\W11-Vik_USER\2025-02-20_00-41-52\HP_UNIFIEDBG_20250217_f251e651.log
2025-02-20 00:41:52,732 - INFO - Copied and removed: E:\backup\files\Users\USER\AppData\Local\Packages\AD2F1837.OMENCommandCenter_v10z8vjag6ke6\LocalCache\Local\HPOMEN\HP_UNIFIEDBG_20250218.log -> C:\Users\USER/Documents/Harvested_Data\W11-Vik_USER\2025-02-20_00-41-52\HP_UNIFIEDBG_20250218_5f2b611e.log
2025-02-20 00:41:52,746 - INFO - Copied and removed: E:\backup\files\Users\USER\AppData\Local\Packages\AD2F1837.OMENCommandCenter_v10z8vjag6ke6\LocalCache\Local\HPOMEN\Pl1Clip_20250212.log -> C:\Users\USER/Documents/Harvested_Data\W11-Vik_USER\2025-02-20_00-41-52\Pl1Clip_20250212_cdb48d57.log
2025-02-20 00:41:52,773 - INFO - Copied and removed: E:\backup\files\Users\USER\AppData\Local\Packages\AD2F1837.OMENCommandCenter_v10z8vjag6ke6\LocalCache\Local\HPOMEN\Pl1Clip_20250214.log -> C:\Users\USER/Documents/Harvested_Data\W11-Vik_USER\2025-02-20_00-41-52\Pl1Clip_20250214_407d5a37.log
2025-02-20 00:41:52,790 - INFO - Copied and removed: E:\backup\files\Users\USER\AppData\Local\Packages\AD2F1837.OMENCommandCenter_v10z8vjag6ke6\LocalState\EBWebView\Default\shared_proto_db\000003.log -> C:\Users\USER/Documents/Harvested_Data\W11-Vik_USER\2025-02-20_00-41-52\000003_162e8915.log
2025-02-20 00:41:52,809 - INFO - Copied and removed: E:\backup\files\Users\USER\AppData\Local\Packages\Microsoft.4297127D64EC6_8wekyb3d8bbwe\LocalCache\Local\runtime\java-runtime-delta\windows-x64\java-runtime-delta\conf\security\policy\README.txt -> C:\Users\USER/Documents/Harvested_Data\W11-Vik_USER\2025-02-20_00-41-52\README_6da07473.txt
2025-02-20 00:41:52,818 - INFO - Copied and removed: E:\backup\files\Users\USER\AppData\Local\Packages\Microsoft.4297127D64EC6_8wekyb3d8bbwe\LocalCache\Local\runtime\java-runtime-gamma\windows-x64\java-runtime-gamma\conf\security\policy\README.txt -> C:\Users\USER/Documents/Harvested_Data\W11-Vik_USER\2025-02-20_00-41-52\README_6da07473.txt
2025-02-20 00:41:52,836 - INFO - Copied and removed: E:\backup\files\Users\USER\AppData\Local\Packages\Microsoft.DesktopAppInstaller_8wekyb3d8bbwe\LocalState\DiagOutputDir\WinGetCOM-2025-02-11-22-04-28.854.log -> C:\Users\USER/Documents/Harvested_Data\W11-Vik_USER\2025-02-20_00-41-52\WinGetCOM-2025-02-11-22-04-28.854_3d6ef653.log
2025-02-20 00:41:52,854 - INFO - Copied and removed: E:\backup\files\Users\USER\AppData\Local\Packages\Microsoft.DesktopAppInstaller_8wekyb3d8bbwe\LocalState\DiagOutputDir\WinGetCOM-2025-02-11-22-07-13.928.log -> C:\Users\USER/Documents/Harvested_Data\W11-Vik_USER\2025-02-20_00-41-52\WinGetCOM-2025-02-11-22-07-13.928_8067d994.log
2025-02-20 00:41:52,869 - INFO - Copied and removed: E:\backup\files\Users\USER\AppData\Local\Packages\Microsoft.DesktopAppInstaller_8wekyb3d8bbwe\LocalState\DiagOutputDir\WinGetCOM-2025-02-11-22-07-15.652.log -> C:\Users\USER/Documents/Harvested_Data\W11-Vik_USER\2025-02-20_00-41-52\WinGetCOM-2025-02-11-22-07-15.652_bf2dafca.log
2025-02-20 00:41:52,888 - INFO - Copied and removed: E:\backup\files\Users\USER\AppData\Local\Packages\Microsoft.DesktopAppInstaller_8wekyb3d8bbwe\LocalState\DiagOutputDir\WinGetCOM-2025-02-11-22-07-54.557.log -> C:\Users\USER/Documents/Harvested_Data\W11-Vik_USER\2025-02-20_00-41-52\WinGetCOM-2025-02-11-22-07-54.557_2ac17d01.log
2025-02-20 00:41:52,905 - INFO - Copied and removed: E:\backup\files\Users\USER\AppData\Local\Packages\Microsoft.DesktopAppInstaller_8wekyb3d8bbwe\LocalState\DiagOutputDir\WinGetCOM-2025-02-11-22-20-23.159.log -> C:\Users\USER/Documents/Harvested_Data\W11-Vik_USER\2025-02-20_00-41-52\WinGetCOM-2025-02-11-22-20-23.159_3eb8e8be.log
2025-02-20 00:41:52,925 - INFO - Copied and removed: E:\backup\files\Users\USER\AppData\Local\Packages\Microsoft.DesktopAppInstaller_8wekyb3d8bbwe\LocalState\DiagOutputDir\WinGetCOM-2025-02-12-01-56-29.697.log -> C:\Users\USER/Documents/Harvested_Data\W11-Vik_USER\2025-02-20_00-41-52\WinGetCOM-2025-02-12-01-56-29.697_629ae314.log
2025-02-20 00:41:52,943 - INFO - Copied and removed: E:\backup\files\Users\USER\AppData\Local\Packages\Microsoft.DesktopAppInstaller_8wekyb3d8bbwe\LocalState\DiagOutputDir\WinGetCOM-2025-02-12-01-56-30.680.log -> C:\Users\USER/Documents/Harvested_Data\W11-Vik_USER\2025-02-20_00-41-52\WinGetCOM-2025-02-12-01-56-30.680_9d7e9517.log
2025-02-20 00:41:52,960 - INFO - Copied and removed: E:\backup\files\Users\USER\AppData\Local\Packages\Microsoft.DesktopAppInstaller_8wekyb3d8bbwe\LocalState\DiagOutputDir\WinGetCOM-2025-02-12-02-26-17.162.log -> C:\Users\USER/Documents/Harvested_Data\W11-Vik_USER\2025-02-20_00-41-52\WinGetCOM-2025-02-12-02-26-17.162_78fbd7aa.log
2025-02-20 00:41:52,975 - INFO - Copied and removed: E:\backup\files\Users\USER\AppData\Local\Packages\Microsoft.DesktopAppInstaller_8wekyb3d8bbwe\LocalState\DiagOutputDir\WinGetCOM-2025-02-12-02-26-19.773.log -> C:\Users\USER/Documents/Harvested_Data\W11-Vik_USER\2025-02-20_00-41-52\WinGetCOM-2025-02-12-02-26-19.773_d8d4ece9.log
2025-02-20 00:41:52,992 - INFO - Copied and removed: E:\backup\files\Users\USER\AppData\Local\Packages\Microsoft.DesktopAppInstaller_8wekyb3d8bbwe\LocalState\DiagOutputDir\WinGetCOM-2025-02-12-09-12-07.822.log -> C:\Users\USER/Documents/Harvested_Data\W11-Vik_USER\2025-02-20_00-41-52\WinGetCOM-2025-02-12-09-12-07.822_062216d2.log
2025-02-20 00:41:53,008 - INFO - Copied and removed: E:\backup\files\Users\USER\AppData\Local\Packages\Microsoft.DesktopAppInstaller_8wekyb3d8bbwe\LocalState\DiagOutputDir\WinGetCOM-2025-02-12-09-12-09.536.log -> C:\Users\USER/Documents/Harvested_Data\W11-Vik_USER\2025-02-20_00-41-53\WinGetCOM-2025-02-12-09-12-09.536_e8b1c68c.log
2025-02-20 00:41:53,027 - INFO - Copied and removed: E:\backup\files\Users\USER\AppData\Local\Packages\Microsoft.DesktopAppInstaller_8wekyb3d8bbwe\LocalState\DiagOutputDir\WinGetCOM-2025-02-12-09-17-27.889.log -> C:\Users\USER/Documents/Harvested_Data\W11-Vik_USER\2025-02-20_00-41-53\WinGetCOM-2025-02-12-09-17-27.889_e7ad2428.log
2025-02-20 00:41:53,046 - INFO - Copied and removed: E:\backup\files\Users\USER\AppData\Local\Packages\Microsoft.DesktopAppInstaller_8wekyb3d8bbwe\LocalState\DiagOutputDir\WinGetCOM-2025-02-12-09-21-31.872.log -> C:\Users\USER/Documents/Harvested_Data\W11-Vik_USER\2025-02-20_00-41-53\WinGetCOM-2025-02-12-09-21-31.872_21c68511.log
2025-02-20 00:41:53,065 - INFO - Copied and removed: E:\backup\files\Users\USER\AppData\Local\Packages\Microsoft.DesktopAppInstaller_8wekyb3d8bbwe\LocalState\DiagOutputDir\WinGetCOM-2025-02-12-09-21-35.648.log -> C:\Users\USER/Documents/Harvested_Data\W11-Vik_USER\2025-02-20_00-41-53\WinGetCOM-2025-02-12-09-21-35.648_58eadc0f.log
2025-02-20 00:41:53,101 - INFO - Copied and removed: E:\backup\files\Users\USER\AppData\Local\Packages\Microsoft.DesktopAppInstaller_8wekyb3d8bbwe\LocalState\DiagOutputDir\WinGetCOM-2025-02-12-09-22-31.758.log -> C:\Users\USER/Documents/Harvested_Data\W11-Vik_USER\2025-02-20_00-41-53\WinGetCOM-2025-02-12-09-22-31.758_b3c97416.log
2025-02-20 00:41:53,128 - INFO - Copied and removed: E:\backup\files\Users\USER\AppData\Local\Packages\Microsoft.DesktopAppInstaller_8wekyb3d8bbwe\LocalState\DiagOutputDir\WinGetCOM-2025-02-12-09-25-05.590.log -> C:\Users\USER/Documents/Harvested_Data\W11-Vik_USER\2025-02-20_00-41-53\WinGetCOM-2025-02-12-09-25-05.590_b928959a.log
2025-02-20 00:41:53,156 - INFO - Copied and removed: E:\backup\files\Users\USER\AppData\Local\Packages\Microsoft.DesktopAppInstaller_8wekyb3d8bbwe\LocalState\DiagOutputDir\WinGetCOM-2025-02-12-09-27-31.784.log -> C:\Users\USER/Documents/Harvested_Data\W11-Vik_USER\2025-02-20_00-41-53\WinGetCOM-2025-02-12-09-27-31.784_468ada51.log
2025-02-20 00:41:53,174 - INFO - Copied and removed: E:\backup\files\Users\USER\AppData\Local\Packages\Microsoft.DesktopAppInstaller_8wekyb3d8bbwe\LocalState\DiagOutputDir\WinGetCOM-2025-02-12-13-49-13.425.log -> C:\Users\USER/Documents/Harvested_Data\W11-Vik_USER\2025-02-20_00-41-53\WinGetCOM-2025-02-12-13-49-13.425_c3fd9c8e.log
2025-02-20 00:41:53,199 - INFO - Copied and removed: E:\backup\files\Users\USER\AppData\Local\Packages\Microsoft.DesktopAppInstaller_8wekyb3d8bbwe\LocalState\DiagOutputDir\WinGetCOM-2025-02-12-13-49-14.577.log -> C:\Users\USER/Documents/Harvested_Data\W11-Vik_USER\2025-02-20_00-41-53\WinGetCOM-2025-02-12-13-49-14.577_21de7988.log
2025-02-20 00:41:53,220 - INFO - Copied and removed: E:\backup\files\Users\USER\AppData\Local\Packages\Microsoft.DesktopAppInstaller_8wekyb3d8bbwe\LocalState\DiagOutputDir\WinGetCOM-2025-02-12-14-53-47.222.log -> C:\Users\USER/Documents/Harvested_Data\W11-Vik_USER\2025-02-20_00-41-53\WinGetCOM-2025-02-12-14-53-47.222_280a5497.log
2025-02-20 00:41:53,240 - INFO - Copied and removed: E:\backup\files\Users\USER\AppData\Local\Packages\Microsoft.DesktopAppInstaller_8wekyb3d8bbwe\LocalState\DiagOutputDir\WinGetCOM-2025-02-12-14-53-49.950.log -> C:\Users\USER/Documents/Harvested_Data\W11-Vik_USER\2025-02-20_00-41-53\WinGetCOM-2025-02-12-14-53-49.950_316e241e.log
2025-02-20 00:41:53,260 - INFO - Copied and removed: E:\backup\files\Users\USER\AppData\Local\Packages\Microsoft.DesktopAppInstaller_8wekyb3d8bbwe\LocalState\DiagOutputDir\WinGetCOM-2025-02-12-14-55-28.047.log -> C:\Users\USER/Documents/Harvested_Data\W11-Vik_USER\2025-02-20_00-41-53\WinGetCOM-2025-02-12-14-55-28.047_90fd8a93.log
2025-02-20 00:41:53,281 - INFO - Copied and removed: E:\backup\files\Users\USER\AppData\Local\Packages\Microsoft.DesktopAppInstaller_8wekyb3d8bbwe\LocalState\DiagOutputDir\WinGetCOM-2025-02-12-14-56-28.052.log -> C:\Users\USER/Documents/Harvested_Data\W11-Vik_USER\2025-02-20_00-41-53\WinGetCOM-2025-02-12-14-56-28.052_9e1c866c.log
2025-02-20 00:41:53,301 - INFO - Copied and removed: E:\backup\files\Users\USER\AppData\Local\Packages\Microsoft.DesktopAppInstaller_8wekyb3d8bbwe\LocalState\DiagOutputDir\WinGetCOM-2025-02-12-14-56-50.884.log -> C:\Users\USER/Documents/Harvested_Data\W11-Vik_USER\2025-02-20_00-41-53\WinGetCOM-2025-02-12-14-56-50.884_315cac58.log
2025-02-20 00:41:53,321 - INFO - Copied and removed: E:\backup\files\Users\USER\AppData\Local\Packages\Microsoft.DesktopAppInstaller_8wekyb3d8bbwe\LocalState\DiagOutputDir\WinGetCOM-2025-02-12-15-01-28.098.log -> C:\Users\USER/Documents/Harvested_Data\W11-Vik_USER\2025-02-20_00-41-53\WinGetCOM-2025-02-12-15-01-28.098_008c5766.log
2025-02-20 00:41:53,340 - INFO - Copied and removed: E:\backup\files\Users\USER\AppData\Local\Packages\Microsoft.DesktopAppInstaller_8wekyb3d8bbwe\LocalState\DiagOutputDir\WinGetCOM-2025-02-12-15-01-50.926.log -> C:\Users\USER/Documents/Harvested_Data\W11-Vik_USER\2025-02-20_00-41-53\WinGetCOM-2025-02-12-15-01-50.926_94862643.log
2025-02-20 00:41:53,361 - INFO - Copied and removed: E:\backup\files\Users\USER\AppData\Local\Packages\Microsoft.DesktopAppInstaller_8wekyb3d8bbwe\LocalState\DiagOutputDir\WinGetCOM-2025-02-12-15-02-06.071.log -> C:\Users\USER/Documents/Harvested_Data\W11-Vik_USER\2025-02-20_00-41-53\WinGetCOM-2025-02-12-15-02-06.071_a36a316a.log
2025-02-20 00:41:53,381 - INFO - Copied and removed: E:\backup\files\Users\USER\AppData\Local\Packages\Microsoft.DesktopAppInstaller_8wekyb3d8bbwe\LocalState\DiagOutputDir\WinGetCOM-2025-02-12-15-03-06.130.log -> C:\Users\USER/Documents/Harvested_Data\W11-Vik_USER\2025-02-20_00-41-53\WinGetCOM-2025-02-12-15-03-06.130_f6a4a476.log
2025-02-20 00:41:53,401 - INFO - Copied and removed: E:\backup\files\Users\USER\AppData\Local\Packages\Microsoft.DesktopAppInstaller_8wekyb3d8bbwe\LocalState\DiagOutputDir\WinGetCOM-2025-02-12-15-08-06.118.log -> C:\Users\USER/Documents/Harvested_Data\W11-Vik_USER\2025-02-20_00-41-53\WinGetCOM-2025-02-12-15-08-06.118_e72e2757.log
2025-02-20 00:41:53,420 - INFO - Copied and removed: E:\backup\files\Users\USER\AppData\Local\Packages\Microsoft.DesktopAppInstaller_8wekyb3d8bbwe\LocalState\DiagOutputDir\WinGetCOM-2025-02-12-15-08-22.587.log -> C:\Users\USER/Documents/Harvested_Data\W11-Vik_USER\2025-02-20_00-41-53\WinGetCOM-2025-02-12-15-08-22.587_03f5fcde.log
2025-02-20 00:41:53,442 - INFO - Copied and removed: E:\backup\files\Users\USER\AppData\Local\Packages\Microsoft.DesktopAppInstaller_8wekyb3d8bbwe\LocalState\DiagOutputDir\WinGetCOM-2025-02-12-15-46-36.000.log -> C:\Users\USER/Documents/Harvested_Data\W11-Vik_USER\2025-02-20_00-41-53\WinGetCOM-2025-02-12-15-46-36.000_d50dffca.log
2025-02-20 00:41:53,460 - INFO - Copied and removed: E:\backup\files\Users\USER\AppData\Local\Packages\Microsoft.DesktopAppInstaller_8wekyb3d8bbwe\LocalState\DiagOutputDir\WinGetCOM-2025-02-12-15-47-35.977.log -> C:\Users\USER/Documents/Harvested_Data\W11-Vik_USER\2025-02-20_00-41-53\WinGetCOM-2025-02-12-15-47-35.977_3b443e76.log
2025-02-20 00:41:53,481 - INFO - Copied and removed: E:\backup\files\Users\USER\AppData\Local\Packages\Microsoft.DesktopAppInstaller_8wekyb3d8bbwe\LocalState\DiagOutputDir\WinGetCOM-2025-02-12-15-52-36.010.log -> C:\Users\USER/Documents/Harvested_Data\W11-Vik_USER\2025-02-20_00-41-53\WinGetCOM-2025-02-12-15-52-36.010_7895d82e.log
2025-02-20 00:41:53,500 - INFO - Copied and removed: E:\backup\files\Users\USER\AppData\Local\Packages\Microsoft.DesktopAppInstaller_8wekyb3d8bbwe\LocalState\DiagOutputDir\WinGetCOM-2025-02-12-15-59-40.424.log -> C:\Users\USER/Documents/Harvested_Data\W11-Vik_USER\2025-02-20_00-41-53\WinGetCOM-2025-02-12-15-59-40.424_ab6fb897.log
2025-02-20 00:41:53,525 - INFO - Copied and removed: E:\backup\files\Users\USER\AppData\Local\Packages\Microsoft.DesktopAppInstaller_8wekyb3d8bbwe\LocalState\DiagOutputDir\WinGetCOM-2025-02-12-15-59-46.318.log -> C:\Users\USER/Documents/Harvested_Data\W11-Vik_USER\2025-02-20_00-41-53\WinGetCOM-2025-02-12-15-59-46.318_f5eddeb2.log
2025-02-20 00:41:53,545 - INFO - Copied and removed: E:\backup\files\Users\USER\AppData\Local\Packages\Microsoft.DesktopAppInstaller_8wekyb3d8bbwe\LocalState\DiagOutputDir\WinGetCOM-2025-02-12-16-00-40.478.log -> C:\Users\USER/Documents/Harvested_Data\W11-Vik_USER\2025-02-20_00-41-53\WinGetCOM-2025-02-12-16-00-40.478_3c313381.log
2025-02-20 00:41:53,564 - INFO - Copied and removed: E:\backup\files\Users\USER\AppData\Local\Packages\Microsoft.DesktopAppInstaller_8wekyb3d8bbwe\LocalState\DiagOutputDir\WinGetCOM-2025-02-12-16-05-40.470.log -> C:\Users\USER/Documents/Harvested_Data\W11-Vik_USER\2025-02-20_00-41-53\WinGetCOM-2025-02-12-16-05-40.470_5249edb2.log
2025-02-20 00:41:53,582 - INFO - Copied and removed: E:\backup\files\Users\USER\AppData\Local\Packages\Microsoft.DesktopAppInstaller_8wekyb3d8bbwe\LocalState\DiagOutputDir\WinGetCOM-2025-02-12-16-44-16.889.log -> C:\Users\USER/Documents/Harvested_Data\W11-Vik_USER\2025-02-20_00-41-53\WinGetCOM-2025-02-12-16-44-16.889_7a6f9ee8.log
2025-02-20 00:41:53,599 - INFO - Copied and removed: E:\backup\files\Users\USER\AppData\Local\Packages\Microsoft.DesktopAppInstaller_8wekyb3d8bbwe\LocalState\DiagOutputDir\WinGetCOM-2025-02-12-16-44-19.109.log -> C:\Users\USER/Documents/Harvested_Data\W11-Vik_USER\2025-02-20_00-41-53\WinGetCOM-2025-02-12-16-44-19.109_f07c8b87.log
2025-02-20 00:41:53,618 - INFO - Copied and removed: E:\backup\files\Users\USER\AppData\Local\Packages\Microsoft.DesktopAppInstaller_8wekyb3d8bbwe\LocalState\DiagOutputDir\WinGetCOM-2025-02-12-16-45-16.881.log -> C:\Users\USER/Documents/Harvested_Data\W11-Vik_USER\2025-02-20_00-41-53\WinGetCOM-2025-02-12-16-45-16.881_a14b498f.log
2025-02-20 00:41:53,635 - INFO - Copied and removed: E:\backup\files\Users\USER\AppData\Local\Packages\Microsoft.DesktopAppInstaller_8wekyb3d8bbwe\LocalState\DiagOutputDir\WinGetCOM-2025-02-12-16-50-16.869.log -> C:\Users\USER/Documents/Harvested_Data\W11-Vik_USER\2025-02-20_00-41-53\WinGetCOM-2025-02-12-16-50-16.869_ee6c10ea.log
2025-02-20 00:41:53,652 - INFO - Copied and removed: E:\backup\files\Users\USER\AppData\Local\Packages\Microsoft.DesktopAppInstaller_8wekyb3d8bbwe\LocalState\DiagOutputDir\WinGetCOM-2025-02-12-21-52-05.370.log -> C:\Users\USER/Documents/Harvested_Data\W11-Vik_USER\2025-02-20_00-41-53\WinGetCOM-2025-02-12-21-52-05.370_e0a5bfaf.log
2025-02-20 00:41:53,670 - INFO - Copied and removed: E:\backup\files\Users\USER\AppData\Local\Packages\Microsoft.DesktopAppInstaller_8wekyb3d8bbwe\LocalState\DiagOutputDir\WinGetCOM-2025-02-12-21-52-13.030.log -> C:\Users\USER/Documents/Harvested_Data\W11-Vik_USER\2025-02-20_00-41-53\WinGetCOM-2025-02-12-21-52-13.030_889334f4.log
2025-02-20 00:41:53,689 - INFO - Copied and removed: E:\backup\files\Users\USER\AppData\Local\Packages\Microsoft.DesktopAppInstaller_8wekyb3d8bbwe\LocalState\DiagOutputDir\WinGetCOM-2025-02-12-21-59-30.272.log -> C:\Users\USER/Documents/Harvested_Data\W11-Vik_USER\2025-02-20_00-41-53\WinGetCOM-2025-02-12-21-59-30.272_42ecd756.log
2025-02-20 00:41:53,706 - INFO - Copied and removed: E:\backup\files\Users\USER\AppData\Local\Packages\Microsoft.DesktopAppInstaller_8wekyb3d8bbwe\LocalState\DiagOutputDir\WinGetCOM-2025-02-12-21-59-42.804.log -> C:\Users\USER/Documents/Harvested_Data\W11-Vik_USER\2025-02-20_00-41-53\WinGetCOM-2025-02-12-21-59-42.804_f82cd691.log
2025-02-20 00:41:53,724 - INFO - Copied and removed: E:\backup\files\Users\USER\AppData\Local\Packages\Microsoft.DesktopAppInstaller_8wekyb3d8bbwe\LocalState\DiagOutputDir\WinGetCOM-2025-02-12-22-00-30.275.log -> C:\Users\USER/Documents/Harvested_Data\W11-Vik_USER\2025-02-20_00-41-53\WinGetCOM-2025-02-12-22-00-30.275_075c67fd.log
2025-02-20 00:41:53,743 - INFO - Copied and removed: E:\backup\files\Users\USER\AppData\Local\Packages\Microsoft.DesktopAppInstaller_8wekyb3d8bbwe\LocalState\DiagOutputDir\WinGetCOM-2025-02-12-22-05-30.277.log -> C:\Users\USER/Documents/Harvested_Data\W11-Vik_USER\2025-02-20_00-41-53\WinGetCOM-2025-02-12-22-05-30.277_e23fbc56.log
2025-02-20 00:41:53,760 - INFO - Copied and removed: E:\backup\files\Users\USER\AppData\Local\Packages\Microsoft.DesktopAppInstaller_8wekyb3d8bbwe\LocalState\DiagOutputDir\WinGetCOM-2025-02-12-22-18-18.665.log -> C:\Users\USER/Documents/Harvested_Data\W11-Vik_USER\2025-02-20_00-41-53\WinGetCOM-2025-02-12-22-18-18.665_70d2954d.log
2025-02-20 00:41:53,778 - INFO - Copied and removed: E:\backup\files\Users\USER\AppData\Local\Packages\Microsoft.DesktopAppInstaller_8wekyb3d8bbwe\LocalState\DiagOutputDir\WinGetCOM-2025-02-12-22-18-29.121.log -> C:\Users\USER/Documents/Harvested_Data\W11-Vik_USER\2025-02-20_00-41-53\WinGetCOM-2025-02-12-22-18-29.121_18b7eea4.log
2025-02-20 00:41:53,796 - INFO - Copied and removed: E:\backup\files\Users\USER\AppData\Local\Packages\Microsoft.DesktopAppInstaller_8wekyb3d8bbwe\LocalState\DiagOutputDir\WinGetCOM-2025-02-12-22-19-18.655.log -> C:\Users\USER/Documents/Harvested_Data\W11-Vik_USER\2025-02-20_00-41-53\WinGetCOM-2025-02-12-22-19-18.655_b391ceff.log
2025-02-20 00:41:53,815 - INFO - Copied and removed: E:\backup\files\Users\USER\AppData\Local\Packages\Microsoft.DesktopAppInstaller_8wekyb3d8bbwe\LocalState\DiagOutputDir\WinGetCOM-2025-02-12-22-24-18.628.log -> C:\Users\USER/Documents/Harvested_Data\W11-Vik_USER\2025-02-20_00-41-53\WinGetCOM-2025-02-12-22-24-18.628_464deef4.log
2025-02-20 00:41:53,831 - INFO - Copied and removed: E:\backup\files\Users\USER\AppData\Local\Packages\Microsoft.DesktopAppInstaller_8wekyb3d8bbwe\LocalState\DiagOutputDir\WinGetCOM-2025-02-12-22-48-43.370.log -> C:\Users\USER/Documents/Harvested_Data\W11-Vik_USER\2025-02-20_00-41-53\WinGetCOM-2025-02-12-22-48-43.370_a4349d8e.log
2025-02-20 00:41:53,850 - INFO - Copied and removed: E:\backup\files\Users\USER\AppData\Local\Packages\Microsoft.DesktopAppInstaller_8wekyb3d8bbwe\LocalState\DiagOutputDir\WinGetCOM-2025-02-12-22-48-44.594.log -> C:\Users\USER/Documents/Harvested_Data\W11-Vik_USER\2025-02-20_00-41-53\WinGetCOM-2025-02-12-22-48-44.594_106be18e.log
2025-02-20 00:41:53,868 - INFO - Copied and removed: E:\backup\files\Users\USER\AppData\Local\Packages\Microsoft.DesktopAppInstaller_8wekyb3d8bbwe\LocalState\DiagOutputDir\WinGetCOM-2025-02-12-22-49-01.689.log -> C:\Users\USER/Documents/Harvested_Data\W11-Vik_USER\2025-02-20_00-41-53\WinGetCOM-2025-02-12-22-49-01.689_efe6a6c6.log
2025-02-20 00:41:53,885 - INFO - Copied and removed: E:\backup\files\Users\USER\AppData\Local\Packages\Microsoft.DesktopAppInstaller_8wekyb3d8bbwe\LocalState\DiagOutputDir\WinGetCOM-2025-02-12-22-49-43.398.log -> C:\Users\USER/Documents/Harvested_Data\W11-Vik_USER\2025-02-20_00-41-53\WinGetCOM-2025-02-12-22-49-43.398_474b65f6.log
2025-02-20 00:41:53,903 - INFO - Copied and removed: E:\backup\files\Users\USER\AppData\Local\Packages\Microsoft.DesktopAppInstaller_8wekyb3d8bbwe\LocalState\DiagOutputDir\WinGetCOM-2025-02-12-22-59-03.736.log -> C:\Users\USER/Documents/Harvested_Data\W11-Vik_USER\2025-02-20_00-41-53\WinGetCOM-2025-02-12-22-59-03.736_69ac3ab1.log
2025-02-20 00:41:53,923 - INFO - Copied and removed: E:\backup\files\Users\USER\AppData\Local\Packages\Microsoft.DesktopAppInstaller_8wekyb3d8bbwe\LocalState\DiagOutputDir\WinGetCOM-2025-02-12-22-59-54.989.log -> C:\Users\USER/Documents/Harvested_Data\W11-Vik_USER\2025-02-20_00-41-53\WinGetCOM-2025-02-12-22-59-54.989_c96780f2.log
2025-02-20 00:41:53,943 - INFO - Copied and removed: E:\backup\files\Users\USER\AppData\Local\Packages\Microsoft.DesktopAppInstaller_8wekyb3d8bbwe\LocalState\DiagOutputDir\WinGetCOM-2025-02-12-23-00-54.953.log -> C:\Users\USER/Documents/Harvested_Data\W11-Vik_USER\2025-02-20_00-41-53\WinGetCOM-2025-02-12-23-00-54.953_c191866e.log
2025-02-20 00:41:53,961 - INFO - Copied and removed: E:\backup\files\Users\USER\AppData\Local\Packages\Microsoft.DesktopAppInstaller_8wekyb3d8bbwe\LocalState\DiagOutputDir\WinGetCOM-2025-02-12-23-01-04.788.log -> C:\Users\USER/Documents/Harvested_Data\W11-Vik_USER\2025-02-20_00-41-53\WinGetCOM-2025-02-12-23-01-04.788_a3bae90d.log
2025-02-20 00:41:53,981 - INFO - Copied and removed: E:\backup\files\Users\USER\AppData\Local\Packages\Microsoft.DesktopAppInstaller_8wekyb3d8bbwe\LocalState\DiagOutputDir\WinGetCOM-2025-02-12-23-01-33.603.log -> C:\Users\USER/Documents/Harvested_Data\W11-Vik_USER\2025-02-20_00-41-53\WinGetCOM-2025-02-12-23-01-33.603_083b1cbf.log
2025-02-20 00:41:53,999 - INFO - Copied and removed: E:\backup\files\Users\USER\AppData\Local\Packages\Microsoft.DesktopAppInstaller_8wekyb3d8bbwe\LocalState\DiagOutputDir\WinGetCOM-2025-02-12-23-01-54.964.log -> C:\Users\USER/Documents/Harvested_Data\W11-Vik_USER\2025-02-20_00-41-53\WinGetCOM-2025-02-12-23-01-54.964_09adad21.log
2025-02-20 00:41:54,018 - INFO - Copied and removed: E:\backup\files\Users\USER\AppData\Local\Packages\Microsoft.DesktopAppInstaller_8wekyb3d8bbwe\LocalState\DiagOutputDir\WinGetCOM-2025-02-12-23-02-04.805.log -> C:\Users\USER/Documents/Harvested_Data\W11-Vik_USER\2025-02-20_00-41-54\WinGetCOM-2025-02-12-23-02-04.805_0d376a58.log
2025-02-20 00:41:54,036 - INFO - Copied and removed: E:\backup\files\Users\USER\AppData\Local\Packages\Microsoft.DesktopAppInstaller_8wekyb3d8bbwe\LocalState\DiagOutputDir\WinGetCOM-2025-02-12-23-02-33.349.log -> C:\Users\USER/Documents/Harvested_Data\W11-Vik_USER\2025-02-20_00-41-54\WinGetCOM-2025-02-12-23-02-33.349_59bb8dde.log
2025-02-20 00:41:54,056 - INFO - Copied and removed: E:\backup\files\Users\USER\AppData\Local\Packages\Microsoft.DesktopAppInstaller_8wekyb3d8bbwe\LocalState\DiagOutputDir\WinGetCOM-2025-02-12-23-05-03.554.log -> C:\Users\USER/Documents/Harvested_Data\W11-Vik_USER\2025-02-20_00-41-54\WinGetCOM-2025-02-12-23-05-03.554_7188059f.log
2025-02-20 00:41:54,075 - INFO - Copied and removed: E:\backup\files\Users\USER\AppData\Local\Packages\Microsoft.DesktopAppInstaller_8wekyb3d8bbwe\LocalState\DiagOutputDir\WinGetCOM-2025-02-12-23-05-54.955.log -> C:\Users\USER/Documents/Harvested_Data\W11-Vik_USER\2025-02-20_00-41-54\WinGetCOM-2025-02-12-23-05-54.955_de263bd0.log
2025-02-20 00:41:54,094 - INFO - Copied and removed: E:\backup\files\Users\USER\AppData\Local\Packages\Microsoft.DesktopAppInstaller_8wekyb3d8bbwe\LocalState\DiagOutputDir\WinGetCOM-2025-02-12-23-07-04.760.log -> C:\Users\USER/Documents/Harvested_Data\W11-Vik_USER\2025-02-20_00-41-54\WinGetCOM-2025-02-12-23-07-04.760_86bbe8aa.log
2025-02-20 00:41:54,114 - INFO - Copied and removed: E:\backup\files\Users\USER\AppData\Local\Packages\Microsoft.DesktopAppInstaller_8wekyb3d8bbwe\LocalState\DiagOutputDir\WinGetCOM-2025-02-12-23-07-33.322.log -> C:\Users\USER/Documents/Harvested_Data\W11-Vik_USER\2025-02-20_00-41-54\WinGetCOM-2025-02-12-23-07-33.322_3b5d4c15.log
2025-02-20 00:41:54,138 - INFO - Copied and removed: E:\backup\files\Users\USER\AppData\Local\Packages\Microsoft.DesktopAppInstaller_8wekyb3d8bbwe\LocalState\DiagOutputDir\WinGetCOM-2025-02-13-09-16-53.480.log -> C:\Users\USER/Documents/Harvested_Data\W11-Vik_USER\2025-02-20_00-41-54\WinGetCOM-2025-02-13-09-16-53.480_fb412909.log
2025-02-20 00:41:54,155 - INFO - Copied and removed: E:\backup\files\Users\USER\AppData\Local\Packages\Microsoft.DesktopAppInstaller_8wekyb3d8bbwe\LocalState\DiagOutputDir\WinGetCOM-2025-02-13-11-32-44.549.log -> C:\Users\USER/Documents/Harvested_Data\W11-Vik_USER\2025-02-20_00-41-54\WinGetCOM-2025-02-13-11-32-44.549_880fa062.log
2025-02-20 00:41:54,226 - INFO - Copied and removed: E:\backup\files\Users\USER\AppData\Local\Packages\Microsoft.DesktopAppInstaller_8wekyb3d8bbwe\LocalState\DiagOutputDir\WinGetCOM-2025-02-13-11-33-44.298.log -> C:\Users\USER/Documents/Harvested_Data\W11-Vik_USER\2025-02-20_00-41-54\WinGetCOM-2025-02-13-11-33-44.298_72e72961.log
2025-02-20 00:41:54,246 - INFO - Copied and removed: E:\backup\files\Users\USER\AppData\Local\Packages\Microsoft.DesktopAppInstaller_8wekyb3d8bbwe\LocalState\DiagOutputDir\WinGetCOM-2025-02-13-11-38-44.458.log -> C:\Users\USER/Documents/Harvested_Data\W11-Vik_USER\2025-02-20_00-41-54\WinGetCOM-2025-02-13-11-38-44.458_0d0cb159.log
2025-02-20 00:41:54,265 - INFO - Copied and removed: E:\backup\files\Users\USER\AppData\Local\Packages\Microsoft.DesktopAppInstaller_8wekyb3d8bbwe\LocalState\DiagOutputDir\WinGetCOM-2025-02-14-00-14-31.879.log -> C:\Users\USER/Documents/Harvested_Data\W11-Vik_USER\2025-02-20_00-41-54\WinGetCOM-2025-02-14-00-14-31.879_8f71b688.log
2025-02-20 00:41:54,284 - INFO - Copied and removed: E:\backup\files\Users\USER\AppData\Local\Packages\Microsoft.DesktopAppInstaller_8wekyb3d8bbwe\LocalState\DiagOutputDir\WinGetCOM-2025-02-14-00-14-52.513.log -> C:\Users\USER/Documents/Harvested_Data\W11-Vik_USER\2025-02-20_00-41-54\WinGetCOM-2025-02-14-00-14-52.513_9a5b3ffd.log
2025-02-20 00:41:54,301 - INFO - Copied and removed: E:\backup\files\Users\USER\AppData\Local\Packages\Microsoft.DesktopAppInstaller_8wekyb3d8bbwe\LocalState\DiagOutputDir\WinGetCOM-2025-02-14-00-15-01.578.log -> C:\Users\USER/Documents/Harvested_Data\W11-Vik_USER\2025-02-20_00-41-54\WinGetCOM-2025-02-14-00-15-01.578_e4c9276b.log
2025-02-20 00:41:54,320 - INFO - Copied and removed: E:\backup\files\Users\USER\AppData\Local\Packages\Microsoft.DesktopAppInstaller_8wekyb3d8bbwe\LocalState\DiagOutputDir\WinGetCOM-2025-02-14-00-16-03.461.log -> C:\Users\USER/Documents/Harvested_Data\W11-Vik_USER\2025-02-20_00-41-54\WinGetCOM-2025-02-14-00-16-03.461_badbffde.log
2025-02-20 00:41:54,337 - INFO - Copied and removed: E:\backup\files\Users\USER\AppData\Local\Packages\Microsoft.DesktopAppInstaller_8wekyb3d8bbwe\LocalState\DiagOutputDir\WinGetCOM-2025-02-14-00-21-01.586.log -> C:\Users\USER/Documents/Harvested_Data\W11-Vik_USER\2025-02-20_00-41-54\WinGetCOM-2025-02-14-00-21-01.586_46144d3d.log
2025-02-20 00:41:54,355 - INFO - Copied and removed: E:\backup\files\Users\USER\AppData\Local\Packages\Microsoft.DesktopAppInstaller_8wekyb3d8bbwe\LocalState\DiagOutputDir\WinGetCOM-2025-02-14-00-25-02.641.log -> C:\Users\USER/Documents/Harvested_Data\W11-Vik_USER\2025-02-20_00-41-54\WinGetCOM-2025-02-14-00-25-02.641_b540d0f3.log
2025-02-20 00:41:54,371 - INFO - Copied and removed: E:\backup\files\Users\USER\AppData\Local\Packages\Microsoft.DesktopAppInstaller_8wekyb3d8bbwe\LocalState\DiagOutputDir\WinGetCOM-2025-02-14-10-53-59.193.log -> C:\Users\USER/Documents/Harvested_Data\W11-Vik_USER\2025-02-20_00-41-54\WinGetCOM-2025-02-14-10-53-59.193_142389a2.log
2025-02-20 00:41:54,389 - INFO - Copied and removed: E:\backup\files\Users\USER\AppData\Local\Packages\Microsoft.DesktopAppInstaller_8wekyb3d8bbwe\LocalState\DiagOutputDir\WinGetCOM-2025-02-14-10-54-05.537.log -> C:\Users\USER/Documents/Harvested_Data\W11-Vik_USER\2025-02-20_00-41-54\WinGetCOM-2025-02-14-10-54-05.537_156fc932.log
2025-02-20 00:41:54,406 - INFO - Copied and removed: E:\backup\files\Users\USER\AppData\Local\Packages\Microsoft.DesktopAppInstaller_8wekyb3d8bbwe\LocalState\DiagOutputDir\WinGetCOM-2025-02-14-16-53-06.502.log -> C:\Users\USER/Documents/Harvested_Data\W11-Vik_USER\2025-02-20_00-41-54\WinGetCOM-2025-02-14-16-53-06.502_7b8fe339.log
2025-02-20 00:41:54,423 - INFO - Copied and removed: E:\backup\files\Users\USER\AppData\Local\Packages\Microsoft.DesktopAppInstaller_8wekyb3d8bbwe\LocalState\DiagOutputDir\WinGetCOM-2025-02-17-09-26-22.675.log -> C:\Users\USER/Documents/Harvested_Data\W11-Vik_USER\2025-02-20_00-41-54\WinGetCOM-2025-02-17-09-26-22.675_9c859743.log
2025-02-20 00:41:54,441 - INFO - Copied and removed: E:\backup\files\Users\USER\AppData\Local\Packages\Microsoft.DesktopAppInstaller_8wekyb3d8bbwe\LocalState\DiagOutputDir\WinGetCOM-2025-02-17-09-26-28.050.log -> C:\Users\USER/Documents/Harvested_Data\W11-Vik_USER\2025-02-20_00-41-54\WinGetCOM-2025-02-17-09-26-28.050_fa110fd7.log
2025-02-20 00:41:54,459 - INFO - Copied and removed: E:\backup\files\Users\USER\AppData\Local\Packages\Microsoft.DesktopAppInstaller_8wekyb3d8bbwe\LocalState\DiagOutputDir\WinGetCOM-2025-02-17-11-22-42.150.log -> C:\Users\USER/Documents/Harvested_Data\W11-Vik_USER\2025-02-20_00-41-54\WinGetCOM-2025-02-17-11-22-42.150_f63ba0b1.log
2025-02-20 00:41:54,478 - INFO - Copied and removed: E:\backup\files\Users\USER\AppData\Local\Packages\Microsoft.DesktopAppInstaller_8wekyb3d8bbwe\LocalState\DiagOutputDir\WinGetCOM-2025-02-17-21-50-33.715.log -> C:\Users\USER/Documents/Harvested_Data\W11-Vik_USER\2025-02-20_00-41-54\WinGetCOM-2025-02-17-21-50-33.715_47ff7c9e.log
2025-02-20 00:41:54,496 - INFO - Copied and removed: E:\backup\files\Users\USER\AppData\Local\Packages\Microsoft.DesktopAppInstaller_8wekyb3d8bbwe\LocalState\DiagOutputDir\WinGetCOM-2025-02-17-21-51-33.639.log -> C:\Users\USER/Documents/Harvested_Data\W11-Vik_USER\2025-02-20_00-41-54\WinGetCOM-2025-02-17-21-51-33.639_f0c011e3.log
2025-02-20 00:41:54,513 - INFO - Copied and removed: E:\backup\files\Users\USER\AppData\Local\Packages\Microsoft.DesktopAppInstaller_8wekyb3d8bbwe\LocalState\DiagOutputDir\WinGetCOM-2025-02-17-21-56-33.781.log -> C:\Users\USER/Documents/Harvested_Data\W11-Vik_USER\2025-02-20_00-41-54\WinGetCOM-2025-02-17-21-56-33.781_d2beb9bd.log
2025-02-20 00:41:54,532 - INFO - Copied and removed: E:\backup\files\Users\USER\AppData\Local\Packages\Microsoft.DesktopAppInstaller_8wekyb3d8bbwe\LocalState\DiagOutputDir\WinGetCOM-2025-02-18-16-51-44.069.log -> C:\Users\USER/Documents/Harvested_Data\W11-Vik_USER\2025-02-20_00-41-54\WinGetCOM-2025-02-18-16-51-44.069_43571206.log
2025-02-20 00:41:54,549 - INFO - Copied and removed: E:\backup\files\Users\USER\AppData\Local\Packages\Microsoft.DesktopAppInstaller_8wekyb3d8bbwe\LocalState\DiagOutputDir\WinGetCOM-2025-02-18-17-41-54.152.log -> C:\Users\USER/Documents/Harvested_Data\W11-Vik_USER\2025-02-20_00-41-54\WinGetCOM-2025-02-18-17-41-54.152_90626e55.log
2025-02-20 00:41:54,568 - INFO - Copied and removed: E:\backup\files\Users\USER\AppData\Local\Packages\Microsoft.DesktopAppInstaller_8wekyb3d8bbwe\LocalState\DiagOutputDir\WinGetCOM-2025-02-18-17-42-00.039.log -> C:\Users\USER/Documents/Harvested_Data\W11-Vik_USER\2025-02-20_00-41-54\WinGetCOM-2025-02-18-17-42-00.039_0c380239.log
2025-02-20 00:41:54,585 - INFO - Copied and removed: E:\backup\files\Users\USER\AppData\Local\Packages\Microsoft.DesktopAppInstaller_8wekyb3d8bbwe\LocalState\DiagOutputDir\WinGetCOM-2025-02-18-19-07-17.346.log -> C:\Users\USER/Documents/Harvested_Data\W11-Vik_USER\2025-02-20_00-41-54\WinGetCOM-2025-02-18-19-07-17.346_e8e1377e.log
2025-02-20 00:41:54,603 - INFO - Copied and removed: E:\backup\files\Users\USER\AppData\Local\Packages\Microsoft.DesktopAppInstaller_8wekyb3d8bbwe\LocalState\DiagOutputDir\WinGetCOM-2025-02-18-19-08-16.953.log -> C:\Users\USER/Documents/Harvested_Data\W11-Vik_USER\2025-02-20_00-41-54\WinGetCOM-2025-02-18-19-08-16.953_18aace10.log
2025-02-20 00:41:54,620 - INFO - Copied and removed: E:\backup\files\Users\USER\AppData\Local\Packages\Microsoft.DesktopAppInstaller_8wekyb3d8bbwe\LocalState\DiagOutputDir\WinGetCOM-2025-02-18-19-13-16.930.log -> C:\Users\USER/Documents/Harvested_Data\W11-Vik_USER\2025-02-20_00-41-54\WinGetCOM-2025-02-18-19-13-16.930_e36b2df1.log
2025-02-20 00:41:54,638 - INFO - Copied and removed: E:\backup\files\Users\USER\AppData\Local\Packages\Microsoft.DesktopAppInstaller_8wekyb3d8bbwe\LocalState\DiagOutputDir\WinGetCOM-2025-02-18-19-17-18.574.log -> C:\Users\USER/Documents/Harvested_Data\W11-Vik_USER\2025-02-20_00-41-54\WinGetCOM-2025-02-18-19-17-18.574_e6bd7c5d.log
2025-02-20 00:41:54,656 - INFO - Copied and removed: E:\backup\files\Users\USER\AppData\Local\Packages\Microsoft.DesktopAppInstaller_8wekyb3d8bbwe\LocalState\DiagOutputDir\WinGetCOM-2025-02-18-19-28-41.591.log -> C:\Users\USER/Documents/Harvested_Data\W11-Vik_USER\2025-02-20_00-41-54\WinGetCOM-2025-02-18-19-28-41.591_b5761430.log
2025-02-20 00:41:54,673 - INFO - Copied and removed: E:\backup\files\Users\USER\AppData\Local\Packages\Microsoft.DesktopAppInstaller_8wekyb3d8bbwe\LocalState\DiagOutputDir\WinGetCOM-2025-02-18-19-28-57.752.log -> C:\Users\USER/Documents/Harvested_Data\W11-Vik_USER\2025-02-20_00-41-54\WinGetCOM-2025-02-18-19-28-57.752_9d0409c0.log
2025-02-20 00:41:54,694 - INFO - Copied and removed: E:\backup\files\Users\USER\AppData\Local\Packages\Microsoft.DesktopAppInstaller_8wekyb3d8bbwe\LocalState\DiagOutputDir\WinGetCOM-2025-02-18-19-29-41.640.log -> C:\Users\USER/Documents/Harvested_Data\W11-Vik_USER\2025-02-20_00-41-54\WinGetCOM-2025-02-18-19-29-41.640_57922db8.log
2025-02-20 00:41:54,726 - INFO - Copied and removed: E:\backup\files\Users\USER\AppData\Local\Packages\Microsoft.DesktopAppInstaller_8wekyb3d8bbwe\LocalState\DiagOutputDir\WinGetCOM-2025-02-18-19-34-41.537.log -> C:\Users\USER/Documents/Harvested_Data\W11-Vik_USER\2025-02-20_00-41-54\WinGetCOM-2025-02-18-19-34-41.537_bd0ed8d3.log
2025-02-20 00:41:54,746 - INFO - Copied and removed: E:\backup\files\Users\USER\AppData\Local\Packages\Microsoft.GamingApp_8wekyb3d8bbwe\LocalState\gamestreaming_log_0.txt -> C:\Users\USER/Documents/Harvested_Data\W11-Vik_USER\2025-02-20_00-41-54\gamestreaming_log_0_0eff1c31.txt
2025-02-20 00:41:54,762 - INFO - Copied and removed: E:\backup\files\Users\USER\AppData\Local\Packages\Microsoft.GamingServices_8wekyb3d8bbwe\LocalState\EBWebView\Default\shared_proto_db\000003.log -> C:\Users\USER/Documents/Harvested_Data\W11-Vik_USER\2025-02-20_00-41-54\000003_f54090ba.log
2025-02-20 00:41:54,784 - INFO - Copied and removed: E:\backup\files\Users\USER\AppData\Local\Packages\Microsoft.GamingServices_8wekyb3d8bbwe\LocalState\Logs\GamingServicesUI\DiagOutputDir\GamingServicesUITraces_20250213214648.txt -> C:\Users\USER/Documents/Harvested_Data\W11-Vik_USER\2025-02-20_00-41-54\GamingServicesUITraces_20250213214648_e8dc6924.txt
2025-02-20 00:41:54,808 - INFO - Copied and removed: E:\backup\files\Users\USER\AppData\Local\Packages\Microsoft.GamingServices_8wekyb3d8bbwe\LocalState\Logs\GamingServicesUI\DiagOutputDir\GamingServicesUITraces_20250213215008.txt -> C:\Users\USER/Documents/Harvested_Data\W11-Vik_USER\2025-02-20_00-41-54\GamingServicesUITraces_20250213215008_760a41b4.txt
2025-02-20 00:41:54,834 - INFO - Copied and removed: E:\backup\files\Users\USER\AppData\Local\Packages\Microsoft.GamingServices_8wekyb3d8bbwe\LocalState\Logs\GamingServicesUI\DiagOutputDir\GamingServicesUITraces_20250213215013.txt -> C:\Users\USER/Documents/Harvested_Data\W11-Vik_USER\2025-02-20_00-41-54\GamingServicesUITraces_20250213215013_3a9d8fbf.txt
2025-02-20 00:41:54,852 - INFO - Copied and removed: E:\backup\files\Users\USER\AppData\Local\Packages\Microsoft.XboxGamingOverlay_8wekyb3d8bbwe\LocalState\profileDataSettings.txt -> C:\Users\USER/Documents/Harvested_Data\W11-Vik_USER\2025-02-20_00-41-54\profileDataSettings_5228ba1d.txt
2025-02-20 00:41:54,887 - INFO - Copied and removed: E:\backup\files\Users\USER\AppData\Local\Packages\Microsoft.XboxGamingOverlay_8wekyb3d8bbwe\LocalState\DiagOutputDir\XboxGamingOverlayTraces_FT_Server_20250214155723.txt -> C:\Users\USER/Documents/Harvested_Data\W11-Vik_USER\2025-02-20_00-41-54\XboxGamingOverlayTraces_FT_Server_20250214155723_a06a805e.txt
2025-02-20 00:41:54,905 - INFO - Copied and removed: E:\backup\files\Users\USER\AppData\Local\Packages\Microsoft.XboxGamingOverlay_8wekyb3d8bbwe\LocalState\DiagOutputDir\XboxGamingOverlayTraces_FT_Server_20250216173922.txt -> C:\Users\USER/Documents/Harvested_Data\W11-Vik_USER\2025-02-20_00-41-54\XboxGamingOverlayTraces_FT_Server_20250216173922_213b2fc7.txt
2025-02-20 00:41:54,941 - INFO - Copied and removed: E:\backup\files\Users\USER\AppData\Local\Packages\Microsoft.XboxGamingOverlay_8wekyb3d8bbwe\LocalState\DiagOutputDir\XboxGamingOverlayTraces_FT_Server_20250217205555.txt -> C:\Users\USER/Documents/Harvested_Data\W11-Vik_USER\2025-02-20_00-41-54\XboxGamingOverlayTraces_FT_Server_20250217205555_29ca4bff.txt
2025-02-20 00:41:54,976 - INFO - Copied and removed: E:\backup\files\Users\USER\AppData\Local\Packages\Microsoft.XboxGamingOverlay_8wekyb3d8bbwe\LocalState\DiagOutputDir\XboxGamingOverlayTraces_FT_Server_20250218091340.txt -> C:\Users\USER/Documents/Harvested_Data\W11-Vik_USER\2025-02-20_00-41-54\XboxGamingOverlayTraces_FT_Server_20250218091340_32e53032.txt
2025-02-20 00:41:55,005 - INFO - Copied and removed: E:\backup\files\Users\USER\AppData\Local\Packages\MicrosoftWindows.Client.CBS_cw5n1h2txyewy\AppData\Indexed DB\edb0000E.log -> C:\Users\USER/Documents/Harvested_Data\W11-Vik_USER\2025-02-20_00-41-55\edb0000E_f249bd0f.log
2025-02-20 00:41:55,074 - INFO - Copied and removed: E:\backup\files\Users\USER\AppData\Local\Packages\MicrosoftWindows.Client.CBS_cw5n1h2txyewy\LocalState\ConstraintIndex\Input_{92be9686-63f9-4611-be0e-fb5e60b1f4a7}\appsconversions.txt -> C:\Users\USER/Documents/Harvested_Data\W11-Vik_USER\2025-02-20_00-41-55\appsconversions_8b9fae5e.txt
2025-02-20 00:41:55,113 - INFO - Copied and removed: E:\backup\files\Users\USER\AppData\Local\Packages\MicrosoftWindows.Client.CBS_cw5n1h2txyewy\LocalState\ConstraintIndex\Input_{92be9686-63f9-4611-be0e-fb5e60b1f4a7}\appsglobals.txt -> C:\Users\USER/Documents/Harvested_Data\W11-Vik_USER\2025-02-20_00-41-55\appsglobals_bcb6ad60.txt
2025-02-20 00:41:55,151 - INFO - Copied and removed: E:\backup\files\Users\USER\AppData\Local\Packages\MicrosoftWindows.Client.CBS_cw5n1h2txyewy\LocalState\ConstraintIndex\Input_{92be9686-63f9-4611-be0e-fb5e60b1f4a7}\appssynonyms.txt -> C:\Users\USER/Documents/Harvested_Data\W11-Vik_USER\2025-02-20_00-41-55\appssynonyms_29374287.txt
2025-02-20 00:41:55,191 - INFO - Copied and removed: E:\backup\files\Users\USER\AppData\Local\Packages\MicrosoftWindows.Client.CBS_cw5n1h2txyewy\LocalState\ConstraintIndex\Input_{92be9686-63f9-4611-be0e-fb5e60b1f4a7}\settingsconversions.txt -> C:\Users\USER/Documents/Harvested_Data\W11-Vik_USER\2025-02-20_00-41-55\settingsconversions_2541db95.txt
2025-02-20 00:41:55,251 - INFO - Copied and removed: E:\backup\files\Users\USER\AppData\Local\Packages\MicrosoftWindows.Client.CBS_cw5n1h2txyewy\LocalState\ConstraintIndex\Input_{92be9686-63f9-4611-be0e-fb5e60b1f4a7}\settingsglobals.txt -> C:\Users\USER/Documents/Harvested_Data\W11-Vik_USER\2025-02-20_00-41-55\settingsglobals_980cf428.txt
2025-02-20 00:41:55,285 - INFO - Copied and removed: E:\backup\files\Users\USER\AppData\Local\Packages\MicrosoftWindows.Client.CBS_cw5n1h2txyewy\LocalState\ConstraintIndex\Input_{92be9686-63f9-4611-be0e-fb5e60b1f4a7}\settingssynonyms.txt -> C:\Users\USER/Documents/Harvested_Data\W11-Vik_USER\2025-02-20_00-41-55\settingssynonyms_adc89869.txt
2025-02-20 00:41:55,360 - INFO - Copied and removed: E:\backup\files\Users\USER\AppData\Local\Packages\MicrosoftWindows.Client.CBS_cw5n1h2txyewy\LocalState\ConstraintIndex\Input_{d5af7e69-f2be-4ecf-97de-8165749a79d7}\appsconversions.txt -> C:\Users\USER/Documents/Harvested_Data\W11-Vik_USER\2025-02-20_00-41-55\appsconversions_8b9fae5e.txt
2025-02-20 00:41:55,398 - INFO - Copied and removed: E:\backup\files\Users\USER\AppData\Local\Packages\MicrosoftWindows.Client.CBS_cw5n1h2txyewy\LocalState\ConstraintIndex\Input_{d5af7e69-f2be-4ecf-97de-8165749a79d7}\appsglobals.txt -> C:\Users\USER/Documents/Harvested_Data\W11-Vik_USER\2025-02-20_00-41-55\appsglobals_bcb6ad60.txt
2025-02-20 00:41:55,445 - INFO - Copied and removed: E:\backup\files\Users\USER\AppData\Local\Packages\MicrosoftWindows.Client.CBS_cw5n1h2txyewy\LocalState\ConstraintIndex\Input_{d5af7e69-f2be-4ecf-97de-8165749a79d7}\appssynonyms.txt -> C:\Users\USER/Documents/Harvested_Data\W11-Vik_USER\2025-02-20_00-41-55\appssynonyms_29374287.txt
2025-02-20 00:41:55,483 - INFO - Copied and removed: E:\backup\files\Users\USER\AppData\Local\Packages\MicrosoftWindows.Client.CBS_cw5n1h2txyewy\LocalState\ConstraintIndex\Input_{d5af7e69-f2be-4ecf-97de-8165749a79d7}\settingsconversions.txt -> C:\Users\USER/Documents/Harvested_Data\W11-Vik_USER\2025-02-20_00-41-55\settingsconversions_2541db95.txt
2025-02-20 00:41:55,536 - INFO - Copied and removed: E:\backup\files\Users\USER\AppData\Local\Packages\MicrosoftWindows.Client.CBS_cw5n1h2txyewy\LocalState\ConstraintIndex\Input_{d5af7e69-f2be-4ecf-97de-8165749a79d7}\settingsglobals.txt -> C:\Users\USER/Documents/Harvested_Data\W11-Vik_USER\2025-02-20_00-41-55\settingsglobals_980cf428.txt
2025-02-20 00:41:55,567 - INFO - Copied and removed: E:\backup\files\Users\USER\AppData\Local\Packages\MicrosoftWindows.Client.CBS_cw5n1h2txyewy\LocalState\ConstraintIndex\Input_{d5af7e69-f2be-4ecf-97de-8165749a79d7}\settingssynonyms.txt -> C:\Users\USER/Documents/Harvested_Data\W11-Vik_USER\2025-02-20_00-41-55\settingssynonyms_adc89869.txt
2025-02-20 00:41:55,608 - INFO - Copied and removed: E:\backup\files\Users\USER\AppData\Local\Packages\MicrosoftWindows.Client.CBS_cw5n1h2txyewy\TempState\SettingsCache.txt -> C:\Users\USER/Documents/Harvested_Data\W11-Vik_USER\2025-02-20_00-41-55\SettingsCache_ed6be24e.txt
2025-02-20 00:41:55,624 - INFO - Copied and removed: E:\backup\files\Users\USER\AppData\Local\Packages\MicrosoftWindows.Client.WebExperience_cw5n1h2txyewy\LocalState\EBWebView\Default\favorites_diagnostic.log -> C:\Users\USER/Documents/Harvested_Data\W11-Vik_USER\2025-02-20_00-41-55\favorites_diagnostic_46b3bbe1.log
2025-02-20 00:41:55,638 - INFO - Copied and removed: E:\backup\files\Users\USER\AppData\Local\Packages\MicrosoftWindows.Client.WebExperience_cw5n1h2txyewy\LocalState\EBWebView\Default\IndexedDB\https_windows.msn.com_0.indexeddb.leveldb\000003.log -> C:\Users\USER/Documents/Harvested_Data\W11-Vik_USER\2025-02-20_00-41-55\000003_f06796a8.log
2025-02-20 00:41:55,652 - INFO - Copied and removed: E:\backup\files\Users\USER\AppData\Local\Packages\MicrosoftWindows.Client.WebExperience_cw5n1h2txyewy\LocalState\EBWebView\Default\Session Storage\000016.log -> C:\Users\USER/Documents/Harvested_Data\W11-Vik_USER\2025-02-20_00-41-55\000016_d14f8955.log
2025-02-20 00:41:55,663 - INFO - Copied and removed: E:\backup\files\Users\USER\AppData\Local\Packages\MicrosoftWindows.Client.WebExperience_cw5n1h2txyewy\LocalState\EBWebView\Default\shared_proto_db\000003.log -> C:\Users\USER/Documents/Harvested_Data\W11-Vik_USER\2025-02-20_00-41-55\000003_ad102193.log
2025-02-20 00:41:55,677 - INFO - Copied and removed: E:\backup\files\Users\USER\AppData\Local\Packages\MicrosoftWindows.Client.WebExperience_cw5n1h2txyewy\LocalState\EBWebView\Default\shared_proto_db\metadata\000003.log -> C:\Users\USER/Documents/Harvested_Data\W11-Vik_USER\2025-02-20_00-41-55\000003_d3c0dc62.log
2025-02-20 00:41:55,689 - INFO - Copied and removed: E:\backup\files\Users\USER\AppData\Local\Packages\MicrosoftWindows.Client.WebExperience_cw5n1h2txyewy\LocalState\EBWebView\Default\Site Characteristics Database\000003.log -> C:\Users\USER/Documents/Harvested_Data\W11-Vik_USER\2025-02-20_00-41-55\000003_748597d3.log
2025-02-20 00:41:55,708 - INFO - Copied and removed: E:\backup\files\Users\USER\AppData\Local\Packages\OpenAI.ChatGPT-Desktop_2p2nqsd0c76g0\LocalCache\Roaming\ChatGPT\Local Storage\leveldb\000015.log -> C:\Users\USER/Documents/Harvested_Data\W11-Vik_USER\2025-02-20_00-41-55\000015_2e3a86d5.log
2025-02-20 00:41:55,745 - INFO - Copied and removed: E:\backup\files\Users\USER\AppData\Local\Packages\SpotifyAB.SpotifyMusic_zpdnekdrzrea0\LocalCache\Spotify\Default\IndexedDB\https_xpui.app.spotify.com_0.indexeddb.leveldb\000048.log -> C:\Users\USER/Documents/Harvested_Data\W11-Vik_USER\2025-02-20_00-41-55\000048_96108cbd.log
2025-02-20 00:41:55,760 - INFO - Copied and removed: E:\backup\files\Users\USER\AppData\Local\Packages\SpotifyAB.SpotifyMusic_zpdnekdrzrea0\LocalCache\Spotify\Default\Local Storage\leveldb\000053.log -> C:\Users\USER/Documents/Harvested_Data\W11-Vik_USER\2025-02-20_00-41-55\000053_7e9cee84.log
2025-02-20 00:41:55,778 - INFO - Copied and removed: E:\backup\files\Users\USER\AppData\Local\Packages\SpotifyAB.SpotifyMusic_zpdnekdrzrea0\LocalCache\Spotify\Default\Session Storage\000003.log -> C:\Users\USER/Documents/Harvested_Data\W11-Vik_USER\2025-02-20_00-41-55\000003_9866f506.log
2025-02-20 00:41:55,793 - INFO - Copied and removed: E:\backup\files\Users\USER\AppData\Local\Packages\SpotifyAB.SpotifyMusic_zpdnekdrzrea0\LocalCache\Spotify\Default\shared_proto_db\000003.log -> C:\Users\USER/Documents/Harvested_Data\W11-Vik_USER\2025-02-20_00-41-55\000003_312ec2f1.log
2025-02-20 00:41:55,809 - INFO - Copied and removed: E:\backup\files\Users\USER\AppData\Local\Packages\SpotifyAB.SpotifyMusic_zpdnekdrzrea0\LocalCache\Spotify\Default\shared_proto_db\metadata\000003.log -> C:\Users\USER/Documents/Harvested_Data\W11-Vik_USER\2025-02-20_00-41-55\000003_ad719211.log
2025-02-20 00:41:55,821 - INFO - Copied and removed: E:\backup\files\Users\USER\AppData\Local\Packages\SpotifyAB.SpotifyMusic_zpdnekdrzrea0\LocalCache\Spotify\Default\Site Characteristics Database\000003.log -> C:\Users\USER/Documents/Harvested_Data\W11-Vik_USER\2025-02-20_00-41-55\000003_510a6fb4.log
2025-02-20 00:41:55,844 - INFO - Copied and removed: E:\backup\files\Users\USER\AppData\Local\Packages\SpotifyAB.SpotifyMusic_zpdnekdrzrea0\LocalCache\Spotify\Subresource Filter\Unindexed Rules\9.54.0\LICENSE.txt -> C:\Users\USER/Documents/Harvested_Data\W11-Vik_USER\2025-02-20_00-41-55\LICENSE_1d4ff95c.txt
2025-02-20 00:41:55,885 - INFO - Copied and removed: E:\backup\files\Users\USER\AppData\Local\Packages\SpotifyAB.SpotifyMusic_zpdnekdrzrea0\LocalCache\Spotify\ZxcvbnData\3\english_wikipedia.txt -> C:\Users\USER/Documents/Harvested_Data\W11-Vik_USER\2025-02-20_00-41-55\english_wikipedia_b29af10c.txt
2025-02-20 00:41:55,907 - INFO - Copied and removed: E:\backup\files\Users\USER\AppData\Local\Packages\SpotifyAB.SpotifyMusic_zpdnekdrzrea0\LocalCache\Spotify\ZxcvbnData\3\female_names.txt -> C:\Users\USER/Documents/Harvested_Data\W11-Vik_USER\2025-02-20_00-41-55\female_names_08346ad8.txt
2025-02-20 00:41:55,918 - INFO - Copied and removed: E:\backup\files\Users\USER\AppData\Local\Packages\SpotifyAB.SpotifyMusic_zpdnekdrzrea0\LocalCache\Spotify\ZxcvbnData\3\male_names.txt -> C:\Users\USER/Documents/Harvested_Data\W11-Vik_USER\2025-02-20_00-41-55\male_names_34519e42.txt
2025-02-20 00:41:56,384 - INFO - Copied and removed: E:\backup\files\Users\USER\AppData\Local\Packages\SpotifyAB.SpotifyMusic_zpdnekdrzrea0\LocalCache\Spotify\ZxcvbnData\3\passwords.txt -> C:\Users\USER/Documents/Harvested_Data\W11-Vik_USER\2025-02-20_00-41-55\passwords_f65b1679.txt
2025-02-20 00:41:56,407 - INFO - Copied and removed: E:\backup\files\Users\USER\AppData\Local\Packages\SpotifyAB.SpotifyMusic_zpdnekdrzrea0\LocalCache\Spotify\ZxcvbnData\3\surnames.txt -> C:\Users\USER/Documents/Harvested_Data\W11-Vik_USER\2025-02-20_00-41-56\surnames_3362648c.txt
2025-02-20 00:41:56,434 - INFO - Copied and removed: E:\backup\files\Users\USER\AppData\Local\Packages\SpotifyAB.SpotifyMusic_zpdnekdrzrea0\LocalCache\Spotify\ZxcvbnData\3\us_tv_and_film.txt -> C:\Users\USER/Documents/Harvested_Data\W11-Vik_USER\2025-02-20_00-41-56\us_tv_and_film_f146e15e.txt
2025-02-20 00:41:56,467 - INFO - Copied and removed: E:\backup\files\Users\USER\AppData\Local\Packages\SpotifyAB.SpotifyMusic_zpdnekdrzrea0\LocalState\Spotify\public.ldb\000081.log -> C:\Users\USER/Documents/Harvested_Data\W11-Vik_USER\2025-02-20_00-41-56\000081_4172a840.log
2025-02-20 00:41:56,546 - INFO - Copied and removed: E:\backup\files\Users\USER\AppData\Local\Packages\SpotifyAB.SpotifyMusic_zpdnekdrzrea0\LocalState\Spotify\Users\s1qpczczvgzhjkhsggsbuyfa2-user\primary.ldb\000196.log -> C:\Users\USER/Documents/Harvested_Data\W11-Vik_USER\2025-02-20_00-41-56\000196_a77bea7e.log
2025-02-20 00:41:56,560 - INFO - Copied and removed: E:\backup\files\Users\USER\AppData\Local\Packages\TheBrowserCompany.Arc_ttt1ap7aakyb4\LocalCache\Local\Arc\User Data\Default\Extension State\000003.log -> C:\Users\USER/Documents/Harvested_Data\W11-Vik_USER\2025-02-20_00-41-56\000003_a8888e5d.log
2025-02-20 00:41:56,575 - INFO - Copied and removed: E:\backup\files\Users\USER\AppData\Local\Packages\TheBrowserCompany.Arc_ttt1ap7aakyb4\LocalCache\Local\Arc\User Data\Default\IndexedDB\https_www.youtube.com_0.indexeddb.leveldb\000003.log -> C:\Users\USER/Documents/Harvested_Data\W11-Vik_USER\2025-02-20_00-41-56\000003_622f5e97.log
2025-02-20 00:41:56,700 - INFO - Copied and removed: E:\backup\files\Users\USER\AppData\Local\Packages\TheBrowserCompany.Arc_ttt1ap7aakyb4\LocalCache\Local\Arc\User Data\Default\Local Extension Settings\ghmbeldphafepmbegfdlkpapadhbakde\000015.log -> C:\Users\USER/Documents/Harvested_Data\W11-Vik_USER\2025-02-20_00-41-56\000015_ad621dc8.log
2025-02-20 00:41:56,717 - INFO - Copied and removed: E:\backup\files\Users\USER\AppData\Local\Packages\TheBrowserCompany.Arc_ttt1ap7aakyb4\LocalCache\Local\Arc\User Data\Default\Local Storage\leveldb\000003.log -> C:\Users\USER/Documents/Harvested_Data\W11-Vik_USER\2025-02-20_00-41-56\000003_a485344f.log
2025-02-20 00:41:56,730 - INFO - Copied and removed: E:\backup\files\Users\USER\AppData\Local\Packages\TheBrowserCompany.Arc_ttt1ap7aakyb4\LocalCache\Local\Arc\User Data\Default\Service Worker\Database\000003.log -> C:\Users\USER/Documents/Harvested_Data\W11-Vik_USER\2025-02-20_00-41-56\000003_94ff70ee.log
2025-02-20 00:41:56,745 - INFO - Copied and removed: E:\backup\files\Users\USER\AppData\Local\Packages\TheBrowserCompany.Arc_ttt1ap7aakyb4\LocalCache\Local\Arc\User Data\Default\Session Storage\000003.log -> C:\Users\USER/Documents/Harvested_Data\W11-Vik_USER\2025-02-20_00-41-56\000003_88db53eb.log
2025-02-20 00:41:56,761 - INFO - Copied and removed: E:\backup\files\Users\USER\AppData\Local\Packages\TheBrowserCompany.Arc_ttt1ap7aakyb4\LocalCache\Local\Arc\User Data\Default\shared_proto_db\000003.log -> C:\Users\USER/Documents/Harvested_Data\W11-Vik_USER\2025-02-20_00-41-56\000003_9786870d.log
2025-02-20 00:41:56,774 - INFO - Copied and removed: E:\backup\files\Users\USER\AppData\Local\Packages\TheBrowserCompany.Arc_ttt1ap7aakyb4\LocalCache\Local\Arc\User Data\Default\shared_proto_db\metadata\000003.log -> C:\Users\USER/Documents/Harvested_Data\W11-Vik_USER\2025-02-20_00-41-56\000003_67aff0cd.log
2025-02-20 00:41:56,788 - INFO - Copied and removed: E:\backup\files\Users\USER\AppData\Local\Packages\TheBrowserCompany.Arc_ttt1ap7aakyb4\LocalCache\Local\Arc\User Data\Default\Site Characteristics Database\000003.log -> C:\Users\USER/Documents/Harvested_Data\W11-Vik_USER\2025-02-20_00-41-56\000003_9f4ec0ac.log
2025-02-20 00:41:56,811 - INFO - Copied and removed: E:\backup\files\Users\USER\AppData\Local\Packages\TheBrowserCompany.Arc_ttt1ap7aakyb4\LocalCache\Local\Arc\User Data\Subresource Filter\Unindexed Rules\9.54.0\LICENSE.txt -> C:\Users\USER/Documents/Harvested_Data\W11-Vik_USER\2025-02-20_00-41-56\LICENSE_1d4ff95c.txt
2025-02-20 00:41:56,848 - INFO - Copied and removed: E:\backup\files\Users\USER\AppData\Local\Packages\TheBrowserCompany.Arc_ttt1ap7aakyb4\LocalCache\Local\Arc\User Data\ZxcvbnData\3\english_wikipedia.txt -> C:\Users\USER/Documents/Harvested_Data\W11-Vik_USER\2025-02-20_00-41-56\english_wikipedia_b29af10c.txt
2025-02-20 00:41:56,871 - INFO - Copied and removed: E:\backup\files\Users\USER\AppData\Local\Packages\TheBrowserCompany.Arc_ttt1ap7aakyb4\LocalCache\Local\Arc\User Data\ZxcvbnData\3\female_names.txt -> C:\Users\USER/Documents/Harvested_Data\W11-Vik_USER\2025-02-20_00-41-56\female_names_08346ad8.txt
2025-02-20 00:41:56,883 - INFO - Copied and removed: E:\backup\files\Users\USER\AppData\Local\Packages\TheBrowserCompany.Arc_ttt1ap7aakyb4\LocalCache\Local\Arc\User Data\ZxcvbnData\3\male_names.txt -> C:\Users\USER/Documents/Harvested_Data\W11-Vik_USER\2025-02-20_00-41-56\male_names_34519e42.txt
2025-02-20 00:41:56,913 - INFO - Copied and removed: E:\backup\files\Users\USER\AppData\Local\Packages\TheBrowserCompany.Arc_ttt1ap7aakyb4\LocalCache\Local\Arc\User Data\ZxcvbnData\3\passwords.txt -> C:\Users\USER/Documents/Harvested_Data\W11-Vik_USER\2025-02-20_00-41-56\passwords_f65b1679.txt
2025-02-20 00:41:56,938 - INFO - Copied and removed: E:\backup\files\Users\USER\AppData\Local\Packages\TheBrowserCompany.Arc_ttt1ap7aakyb4\LocalCache\Local\Arc\User Data\ZxcvbnData\3\surnames.txt -> C:\Users\USER/Documents/Harvested_Data\W11-Vik_USER\2025-02-20_00-41-56\surnames_3362648c.txt
2025-02-20 00:41:56,966 - INFO - Copied and removed: E:\backup\files\Users\USER\AppData\Local\Packages\TheBrowserCompany.Arc_ttt1ap7aakyb4\LocalCache\Local\Arc\User Data\ZxcvbnData\3\us_tv_and_film.txt -> C:\Users\USER/Documents/Harvested_Data\W11-Vik_USER\2025-02-20_00-41-56\us_tv_and_film_f146e15e.txt
2025-02-20 00:41:56,986 - INFO - Copied and removed: E:\backup\files\Users\USER\AppData\Local\Packages\TheBrowserCompany.Arc_ttt1ap7aakyb4\LocalCache\Local\firestore\Arc\bcny-arc-server\main\000040.log -> C:\Users\USER/Documents/Harvested_Data\W11-Vik_USER\2025-02-20_00-41-56\000040_05c7509b.log
2025-02-20 00:41:57,034 - INFO - Copied and removed: E:\backup\files\Users\USER\AppData\Local\Packages\windows.immersivecontrolpanel_cw5n1h2txyewy\LocalState\DeviceSearchCache\SettingsCache.txt -> C:\Users\USER/Documents/Harvested_Data\W11-Vik_USER\2025-02-20_00-41-57\SettingsCache_af7f9ac3.txt
2025-02-20 00:41:57,078 - INFO - Copied and removed: E:\backup\files\Users\USER\AppData\Local\Packages\windows.immersivecontrolpanel_cw5n1h2txyewy\TempState\SettingsCache.txt -> C:\Users\USER/Documents/Harvested_Data\W11-Vik_USER\2025-02-20_00-41-57\SettingsCache_ed6be24e.txt
2025-02-20 00:41:57,089 - INFO - Copied and removed: E:\backup\files\Users\USER\AppData\Local\Programs\arduino-ide\LICENSE.electron.txt -> C:\Users\USER/Documents/Harvested_Data\W11-Vik_USER\2025-02-20_00-41-57\LICENSE.electron_5154e165.txt
2025-02-20 00:41:57,110 - INFO - Copied and removed: E:\backup\files\Users\USER\AppData\Local\Programs\arduino-ide\resources\app\lib\backend\electron-main.js.LICENSE.txt -> C:\Users\USER/Documents/Harvested_Data\W11-Vik_USER\2025-02-20_00-41-57\electron-main.js.LICENSE_028dfee7.txt
2025-02-20 00:41:57,138 - INFO - Copied and removed: E:\backup\files\Users\USER\AppData\Local\Programs\arduino-ide\resources\app\lib\backend\main.js.LICENSE.txt -> C:\Users\USER/Documents/Harvested_Data\W11-Vik_USER\2025-02-20_00-41-57\main.js.LICENSE_7283d9f7.txt
2025-02-20 00:41:57,162 - INFO - Copied and removed: E:\backup\files\Users\USER\AppData\Local\Programs\arduino-ide\resources\app\lib\backend\plugin-host.js.LICENSE.txt -> C:\Users\USER/Documents/Harvested_Data\W11-Vik_USER\2025-02-20_00-41-57\plugin-host.js.LICENSE_187d00dc.txt
2025-02-20 00:41:57,184 - INFO - Copied and removed: E:\backup\files\Users\USER\AppData\Local\Programs\arduino-ide\resources\app\lib\backend\resources\arduino-serial-plotter-webapp\static\js\2.2f67f9ba.chunk.js.LICENSE.txt -> C:\Users\USER/Documents/Harvested_Data\W11-Vik_USER\2025-02-20_00-41-57\2.2f67f9ba.chunk.js.LICENSE_d2559f1f.txt
2025-02-20 00:41:57,200 - INFO - Copied and removed: E:\backup\files\Users\USER\AppData\Local\Programs\arduino-ide\resources\app\lib\frontend\769.js.LICENSE.txt -> C:\Users\USER/Documents/Harvested_Data\W11-Vik_USER\2025-02-20_00-41-57\769.js.LICENSE_433d7746.txt
2025-02-20 00:41:57,224 - INFO - Copied and removed: E:\backup\files\Users\USER\AppData\Local\Programs\arduino-ide\resources\app\lib\frontend\bundle.js.LICENSE.txt -> C:\Users\USER/Documents/Harvested_Data\W11-Vik_USER\2025-02-20_00-41-57\bundle.js.LICENSE_221de3cb.txt
2025-02-20 00:41:57,240 - INFO - Copied and removed: E:\backup\files\Users\USER\AppData\Local\Programs\arduino-ide\resources\app\plugins\cortex-debug\extension\LICENSE.txt -> C:\Users\USER/Documents/Harvested_Data\W11-Vik_USER\2025-02-20_00-41-57\LICENSE_ee768198.txt
2025-02-20 00:41:57,249 - INFO - Copied and removed: E:\backup\files\Users\USER\AppData\Local\Programs\arduino-ide\resources\app\plugins\cortex-debug\extension\binary_modules\v12.14.1\darwin\x64\node_modules\prebuild-install\help.txt -> C:\Users\USER/Documents/Harvested_Data\W11-Vik_USER\2025-02-20_00-41-57\help_e8e4b86f.txt
2025-02-20 00:41:57,258 - INFO - Copied and removed: E:\backup\files\Users\USER\AppData\Local\Programs\arduino-ide\resources\app\plugins\cortex-debug\extension\binary_modules\v12.14.1\linux\arm\node_modules\prebuild-install\help.txt -> C:\Users\USER/Documents/Harvested_Data\W11-Vik_USER\2025-02-20_00-41-57\help_e8e4b86f.txt
2025-02-20 00:41:57,268 - INFO - Copied and removed: E:\backup\files\Users\USER\AppData\Local\Programs\arduino-ide\resources\app\plugins\cortex-debug\extension\binary_modules\v12.14.1\linux\arm64\node_modules\prebuild-install\help.txt -> C:\Users\USER/Documents/Harvested_Data\W11-Vik_USER\2025-02-20_00-41-57\help_e8e4b86f.txt
2025-02-20 00:41:57,278 - INFO - Copied and removed: E:\backup\files\Users\USER\AppData\Local\Programs\arduino-ide\resources\app\plugins\cortex-debug\extension\binary_modules\v12.14.1\linux\x64\node_modules\prebuild-install\help.txt -> C:\Users\USER/Documents/Harvested_Data\W11-Vik_USER\2025-02-20_00-41-57\help_e8e4b86f.txt
2025-02-20 00:41:57,289 - INFO - Copied and removed: E:\backup\files\Users\USER\AppData\Local\Programs\arduino-ide\resources\app\plugins\cortex-debug\extension\binary_modules\v12.14.1\win32\ia32\node_modules\prebuild-install\help.txt -> C:\Users\USER/Documents/Harvested_Data\W11-Vik_USER\2025-02-20_00-41-57\help_e8e4b86f.txt
2025-02-20 00:41:57,299 - INFO - Copied and removed: E:\backup\files\Users\USER\AppData\Local\Programs\arduino-ide\resources\app\plugins\cortex-debug\extension\binary_modules\v12.14.1\win32\x64\node_modules\prebuild-install\help.txt -> C:\Users\USER/Documents/Harvested_Data\W11-Vik_USER\2025-02-20_00-41-57\help_e8e4b86f.txt
2025-02-20 00:41:57,308 - INFO - Copied and removed: E:\backup\files\Users\USER\AppData\Local\Programs\arduino-ide\resources\app\plugins\cortex-debug\extension\binary_modules\v12.18.3\darwin\x64\node_modules\prebuild-install\help.txt -> C:\Users\USER/Documents/Harvested_Data\W11-Vik_USER\2025-02-20_00-41-57\help_e8e4b86f.txt
2025-02-20 00:41:57,325 - INFO - Copied and removed: E:\backup\files\Users\USER\AppData\Local\Programs\arduino-ide\resources\app\plugins\vscode-arduino-api\extension\LICENSE.txt -> C:\Users\USER/Documents/Harvested_Data\W11-Vik_USER\2025-02-20_00-41-57\LICENSE_c2442730.txt
2025-02-20 00:41:57,347 - INFO - Copied and removed: E:\backup\files\Users\USER\AppData\Local\Programs\arduino-ide\resources\app\plugins\vscode-arduino-tools\extension\LICENSE.txt -> C:\Users\USER/Documents/Harvested_Data\W11-Vik_USER\2025-02-20_00-41-57\LICENSE_cfc7749b.txt
2025-02-20 00:41:57,366 - INFO - Copied and removed: E:\backup\files\Users\USER\AppData\Local\Programs\arduino-ide\resources\app\plugins\vscode-arduino-tools\extension\dist\extension.js.LICENSE.txt -> C:\Users\USER/Documents/Harvested_Data\W11-Vik_USER\2025-02-20_00-41-57\extension.js.LICENSE_cf6b01a4.txt
2025-02-20 00:41:57,382 - INFO - Copied and removed: E:\backup\files\Users\USER\AppData\Local\Programs\arduino-ide\resources\app\plugins\vscode-builtin-cpp\extension\LICENSE-vscode.txt -> C:\Users\USER/Documents/Harvested_Data\W11-Vik_USER\2025-02-20_00-41-57\LICENSE-vscode_cce33203.txt
2025-02-20 00:41:57,392 - INFO - Copied and removed: E:\backup\files\Users\USER\AppData\Local\Programs\arduino-ide\resources\app\plugins\vscode-builtin-json\extension\LICENSE-vscode.txt -> C:\Users\USER/Documents/Harvested_Data\W11-Vik_USER\2025-02-20_00-41-57\LICENSE-vscode_cce33203.txt
2025-02-20 00:41:57,401 - INFO - Copied and removed: E:\backup\files\Users\USER\AppData\Local\Programs\arduino-ide\resources\app\plugins\vscode-builtin-json-language-features\extension\LICENSE-vscode.txt -> C:\Users\USER/Documents/Harvested_Data\W11-Vik_USER\2025-02-20_00-41-57\LICENSE-vscode_cce33203.txt
2025-02-20 00:41:57,411 - INFO - Copied and removed: E:\backup\files\Users\USER\AppData\Local\Programs\cursor\LICENSE.electron.txt -> C:\Users\USER/Documents/Harvested_Data\W11-Vik_USER\2025-02-20_00-41-57\LICENSE.electron_5154e165.txt
2025-02-20 00:41:57,418 - INFO - Copied and removed: E:\backup\files\Users\USER\AppData\Local\Programs\cursor\resources\app\LICENSE.txt -> C:\Users\USER/Documents/Harvested_Data\W11-Vik_USER\2025-02-20_00-41-57\LICENSE_cce33203.txt
2025-02-20 00:41:57,458 - INFO - Copied and removed: E:\backup\files\Users\USER\AppData\Local\Programs\cursor\resources\app\ThirdPartyNotices.txt -> C:\Users\USER/Documents/Harvested_Data\W11-Vik_USER\2025-02-20_00-41-57\ThirdPartyNotices_9c0db40d.txt
2025-02-20 00:41:57,487 - INFO - Copied and removed: E:\backup\files\Users\USER\AppData\Local\Programs\cursor\resources\app\extensions\cursor-always-local\dist\main.js.LICENSE.txt -> C:\Users\USER/Documents/Harvested_Data\W11-Vik_USER\2025-02-20_00-41-57\main.js.LICENSE_43ed3538.txt
2025-02-20 00:41:57,505 - INFO - Copied and removed: E:\backup\files\Users\USER\AppData\Local\Programs\cursor\resources\app\extensions\latex\cpp-bailout-license.txt -> C:\Users\USER/Documents/Harvested_Data\W11-Vik_USER\2025-02-20_00-41-57\cpp-bailout-license_b5d4ec86.txt
2025-02-20 00:41:57,522 - INFO - Copied and removed: E:\backup\files\Users\USER\AppData\Local\Programs\cursor\resources\app\extensions\latex\markdown-latex-combined-license.txt -> C:\Users\USER/Documents/Harvested_Data\W11-Vik_USER\2025-02-20_00-41-57\markdown-latex-combined-license_604b7fc5.txt
2025-02-20 00:41:57,531 - INFO - Copied and removed: E:\backup\files\Users\USER\AppData\Local\Programs\cursor\resources\app\extensions\ms-vscode.js-debug\LICENSE.txt -> C:\Users\USER/Documents/Harvested_Data\W11-Vik_USER\2025-02-20_00-41-57\LICENSE_dea92653.txt
2025-02-20 00:41:57,572 - INFO - Copied and removed: E:\backup\files\Users\USER\AppData\Local\Programs\cursor\resources\app\extensions\ms-vscode.js-debug\ThirdPartyNotices.txt -> C:\Users\USER/Documents/Harvested_Data\W11-Vik_USER\2025-02-20_00-41-57\ThirdPartyNotices_93342f98.txt
2025-02-20 00:41:57,582 - INFO - Copied and removed: E:\backup\files\Users\USER\AppData\Local\Programs\cursor\resources\app\extensions\ms-vscode.js-debug-companion\LICENSE.txt -> C:\Users\USER/Documents/Harvested_Data\W11-Vik_USER\2025-02-20_00-41-57\LICENSE_c2cfccb8.txt
2025-02-20 00:41:57,606 - INFO - Copied and removed: E:\backup\files\Users\USER\AppData\Local\Programs\cursor\resources\app\extensions\ms-vscode.js-debug-companion\ThirdPartyNotices.txt -> C:\Users\USER/Documents/Harvested_Data\W11-Vik_USER\2025-02-20_00-41-57\ThirdPartyNotices_2272ec04.txt
2025-02-20 00:41:57,687 - INFO - Copied and removed: E:\backup\files\Users\USER\AppData\Local\Programs\cursor\resources\app\extensions\ms-vscode.vscode-js-profile-table\ThirdPartyNotices.txt -> C:\Users\USER/Documents/Harvested_Data\W11-Vik_USER\2025-02-20_00-41-57\ThirdPartyNotices_8a3ce19c.txt
2025-02-20 00:41:57,707 - INFO - Copied and removed: E:\backup\files\Users\USER\AppData\Local\Programs\cursor\resources\app\extensions\terminal-suggest\ThirdPartyNotices.txt -> C:\Users\USER/Documents/Harvested_Data\W11-Vik_USER\2025-02-20_00-41-57\ThirdPartyNotices_eedab843.txt
2025-02-20 00:41:57,726 - INFO - Copied and removed: E:\backup\files\Users\USER\AppData\Local\Programs\cursor\resources\app\extensions\theme-seti\ThirdPartyNotices.txt -> C:\Users\USER/Documents/Harvested_Data\W11-Vik_USER\2025-02-20_00-41-57\ThirdPartyNotices_be25a8e2.txt
2025-02-20 00:41:57,737 - INFO - Copied and removed: E:\backup\files\Users\USER\AppData\Local\Programs\cursor\resources\app\node_modules\@microsoft\1ds-core-js\LICENSE.TXT -> C:\Users\USER/Documents/Harvested_Data\W11-Vik_USER\2025-02-20_00-41-57\LICENSE_4eef6bf0.TXT
2025-02-20 00:41:57,744 - INFO - Copied and removed: E:\backup\files\Users\USER\AppData\Local\Programs\cursor\resources\app\node_modules\@microsoft\1ds-post-js\LICENSE.TXT -> C:\Users\USER/Documents/Harvested_Data\W11-Vik_USER\2025-02-20_00-41-57\LICENSE_4eef6bf0.TXT
2025-02-20 00:41:57,760 - INFO - Copied and removed: E:\backup\files\Users\USER\AppData\Local\Programs\cursor\resources\app\node_modules\@vscode\deviceid\LICENSE.txt -> C:\Users\USER/Documents/Harvested_Data\W11-Vik_USER\2025-02-20_00-41-57\LICENSE_2fade851.txt
2025-02-20 00:41:57,781 - INFO - Copied and removed: E:\backup\files\Users\USER\AppData\Local\Programs\cursor\resources\app\node_modules\@vscode\spdlog\deps\spdlog\CMakeLists.txt -> C:\Users\USER/Documents/Harvested_Data\W11-Vik_USER\2025-02-20_00-41-57\CMakeLists_68da3b1f.txt
2025-02-20 00:41:57,801 - INFO - Copied and removed: E:\backup\files\Users\USER\AppData\Local\Programs\cursor\resources\app\node_modules\@vscode\spdlog\deps\spdlog\bench\CMakeLists.txt -> C:\Users\USER/Documents/Harvested_Data\W11-Vik_USER\2025-02-20_00-41-57\CMakeLists_712b8013.txt
2025-02-20 00:41:57,821 - INFO - Copied and removed: E:\backup\files\Users\USER\AppData\Local\Programs\cursor\resources\app\node_modules\@vscode\spdlog\deps\spdlog\tests\CMakeLists.txt -> C:\Users\USER/Documents/Harvested_Data\W11-Vik_USER\2025-02-20_00-41-57\CMakeLists_05eb130f.txt
2025-02-20 00:41:57,841 - INFO - Copied and removed: E:\backup\files\Users\USER\AppData\Local\Programs\cursor\resources\app\node_modules\@vscode\sqlite3\build\Release\obj\global_intermediate\sqlite-autoconf-3390400\README.txt -> C:\Users\USER/Documents/Harvested_Data\W11-Vik_USER\2025-02-20_00-41-57\README_409765ac.txt
2025-02-20 00:41:57,870 - INFO - Copied and removed: E:\backup\files\Users\USER\AppData\Local\Programs\cursor\resources\app\node_modules\@vscode\vscode-languagedetection\dist\lib\index.js.LICENSE.txt -> C:\Users\USER/Documents/Harvested_Data\W11-Vik_USER\2025-02-20_00-41-57\index.js.LICENSE_cc9a540b.txt
2025-02-20 00:41:57,890 - INFO - Copied and removed: E:\backup\files\Users\USER\AppData\Local\Programs\cursor\resources\app\node_modules\@vscode\windows-registry\License.txt -> C:\Users\USER/Documents/Harvested_Data\W11-Vik_USER\2025-02-20_00-41-57\License_5e1954b8.txt
2025-02-20 00:41:57,906 - INFO - Copied and removed: E:\backup\files\Users\USER\AppData\Local\Programs\cursor\resources\app\node_modules\deepmerge\license.txt -> C:\Users\USER/Documents/Harvested_Data\W11-Vik_USER\2025-02-20_00-41-57\license_6cfc4687.txt
2025-02-20 00:41:57,924 - INFO - Copied and removed: E:\backup\files\Users\USER\AppData\Local\Programs\cursor\resources\app\node_modules\eventemitter2\LICENSE.txt -> C:\Users\USER/Documents/Harvested_Data\W11-Vik_USER\2025-02-20_00-41-57\LICENSE_64b1ec6e.txt
2025-02-20 00:41:57,932 - INFO - Copied and removed: E:\backup\files\Users\USER\AppData\Local\Programs\cursor\resources\app\node_modules\native-keymap\License.txt -> C:\Users\USER/Documents/Harvested_Data\W11-Vik_USER\2025-02-20_00-41-57\License_31bec773.txt
2025-02-20 00:41:57,952 - INFO - Copied and removed: E:\backup\files\Users\USER\AppData\Local\Programs\cursor\resources\app\node_modules\native-keymap\ThirdPartyNotices.txt -> C:\Users\USER/Documents/Harvested_Data\W11-Vik_USER\2025-02-20_00-41-57\ThirdPartyNotices_fd50d261.txt
2025-02-20 00:41:57,970 - INFO - Copied and removed: E:\backup\files\Users\USER\AppData\Local\Programs\cursor\resources\app\node_modules\node-pty\deps\winpty\misc\EnableExtendedFlags.txt -> C:\Users\USER/Documents/Harvested_Data\W11-Vik_USER\2025-02-20_00-41-57\EnableExtendedFlags_c134b0f6.txt
2025-02-20 00:41:57,991 - INFO - Copied and removed: E:\backup\files\Users\USER\AppData\Local\Programs\cursor\resources\app\node_modules\node-pty\deps\winpty\misc\font-notes.txt -> C:\Users\USER/Documents/Harvested_Data\W11-Vik_USER\2025-02-20_00-41-57\font-notes_be8777d6.txt
2025-02-20 00:41:58,011 - INFO - Copied and removed: E:\backup\files\Users\USER\AppData\Local\Programs\cursor\resources\app\node_modules\node-pty\deps\winpty\misc\MouseInputNotes.txt -> C:\Users\USER/Documents/Harvested_Data\W11-Vik_USER\2025-02-20_00-41-58\MouseInputNotes_36f02e64.txt
2025-02-20 00:41:58,034 - INFO - Copied and removed: E:\backup\files\Users\USER\AppData\Local\Programs\cursor\resources\app\node_modules\node-pty\deps\winpty\misc\Notes.txt -> C:\Users\USER/Documents/Harvested_Data\W11-Vik_USER\2025-02-20_00-41-58\Notes_ff7e5c16.txt
2025-02-20 00:41:58,055 - INFO - Copied and removed: E:\backup\files\Users\USER\AppData\Local\Programs\cursor\resources\app\node_modules\node-pty\deps\winpty\misc\Font-Report-June2016\CP437-Consolas.txt -> C:\Users\USER/Documents/Harvested_Data\W11-Vik_USER\2025-02-20_00-41-58\CP437-Consolas_2c2bfe69.txt
2025-02-20 00:41:58,129 - INFO - Copied and removed: E:\backup\files\Users\USER\AppData\Local\Programs\cursor\resources\app\node_modules\node-pty\deps\winpty\misc\Font-Report-June2016\CP437-Lucida.txt -> C:\Users\USER/Documents/Harvested_Data\W11-Vik_USER\2025-02-20_00-41-58\CP437-Lucida_e813ff36.txt
2025-02-20 00:41:58,151 - INFO - Copied and removed: E:\backup\files\Users\USER\AppData\Local\Programs\cursor\resources\app\node_modules\node-pty\deps\winpty\misc\Font-Report-June2016\CP932.txt -> C:\Users\USER/Documents/Harvested_Data\W11-Vik_USER\2025-02-20_00-41-58\CP932_1ad540ea.txt
2025-02-20 00:41:58,175 - INFO - Copied and removed: E:\backup\files\Users\USER\AppData\Local\Programs\cursor\resources\app\node_modules\node-pty\deps\winpty\misc\Font-Report-June2016\CP936.txt -> C:\Users\USER/Documents/Harvested_Data\W11-Vik_USER\2025-02-20_00-41-58\CP936_97b149bd.txt
2025-02-20 00:41:58,200 - INFO - Copied and removed: E:\backup\files\Users\USER\AppData\Local\Programs\cursor\resources\app\node_modules\node-pty\deps\winpty\misc\Font-Report-June2016\CP949.txt -> C:\Users\USER/Documents/Harvested_Data\W11-Vik_USER\2025-02-20_00-41-58\CP949_755f7b0a.txt
2025-02-20 00:41:58,220 - INFO - Copied and removed: E:\backup\files\Users\USER\AppData\Local\Programs\cursor\resources\app\node_modules\node-pty\deps\winpty\misc\Font-Report-June2016\CP950.txt -> C:\Users\USER/Documents/Harvested_Data\W11-Vik_USER\2025-02-20_00-41-58\CP950_98277fc0.txt
2025-02-20 00:41:58,244 - INFO - Copied and removed: E:\backup\files\Users\USER\AppData\Local\Programs\cursor\resources\app\node_modules\node-pty\deps\winpty\misc\Font-Report-June2016\Windows10SetFontBugginess.txt -> C:\Users\USER/Documents/Harvested_Data\W11-Vik_USER\2025-02-20_00-41-58\Windows10SetFontBugginess_4403693d.txt
2025-02-20 00:41:58,250 - INFO - Copied and removed: E:\backup\files\Users\USER\AppData\Local\Programs\cursor\resources\app\node_modules\prebuild-install\help.txt -> C:\Users\USER/Documents/Harvested_Data\W11-Vik_USER\2025-02-20_00-41-58\help_e8e4b86f.txt
2025-02-20 00:41:58,269 - INFO - Copied and removed: E:\backup\files\Users\USER\AppData\Local\Programs\cursor\resources\app\node_modules\v8-inspect-profiler\LICENSE.txt -> C:\Users\USER/Documents/Harvested_Data\W11-Vik_USER\2025-02-20_00-41-58\LICENSE_f177ff41.txt
2025-02-20 00:41:58,284 - INFO - Copied and removed: E:\backup\files\Users\USER\AppData\Local\Programs\cursor\resources\app\node_modules\vscode-oniguruma\LICENSE.txt -> C:\Users\USER/Documents/Harvested_Data\W11-Vik_USER\2025-02-20_00-41-58\LICENSE_ddde8aba.txt
2025-02-20 00:41:58,312 - INFO - Copied and removed: E:\backup\files\Users\USER\AppData\Local\Programs\cursor\resources\app\node_modules\vscode-oniguruma\NOTICES.txt -> C:\Users\USER/Documents/Harvested_Data\W11-Vik_USER\2025-02-20_00-41-58\NOTICES_615d94d8.txt
2025-02-20 00:41:58,322 - INFO - Copied and removed: E:\backup\files\Users\USER\AppData\Local\Programs\cursor\resources\app\node_modules\whatwg-url\LICENSE.txt -> C:\Users\USER/Documents/Harvested_Data\W11-Vik_USER\2025-02-20_00-41-58\LICENSE_6b7a1792.txt
2025-02-20 00:41:58,397 - INFO - Copied and removed: E:\backup\files\Users\USER\AppData\Local\Programs\Microsoft VS Code Insiders\resources\app\ThirdPartyNotices.txt -> C:\Users\USER/Documents/Harvested_Data\W11-Vik_USER\2025-02-20_00-41-58\ThirdPartyNotices_33e11842.txt
2025-02-20 00:41:58,406 - INFO - Copied and removed: E:\backup\files\Users\USER\AppData\Local\Programs\Microsoft VS Code Insiders\resources\app\extensions\latex\cpp-bailout-license.txt -> C:\Users\USER/Documents/Harvested_Data\W11-Vik_USER\2025-02-20_00-41-58\cpp-bailout-license_b5d4ec86.txt
2025-02-20 00:41:58,415 - INFO - Copied and removed: E:\backup\files\Users\USER\AppData\Local\Programs\Microsoft VS Code Insiders\resources\app\extensions\latex\markdown-latex-combined-license.txt -> C:\Users\USER/Documents/Harvested_Data\W11-Vik_USER\2025-02-20_00-41-58\markdown-latex-combined-license_604b7fc5.txt
2025-02-20 00:41:58,422 - INFO - Copied and removed: E:\backup\files\Users\USER\AppData\Local\Programs\Microsoft VS Code Insiders\resources\app\extensions\ms-vscode.js-debug\LICENSE.txt -> C:\Users\USER/Documents/Harvested_Data\W11-Vik_USER\2025-02-20_00-41-58\LICENSE_dea92653.txt
2025-02-20 00:41:58,463 - INFO - Copied and removed: E:\backup\files\Users\USER\AppData\Local\Programs\Microsoft VS Code Insiders\resources\app\extensions\ms-vscode.js-debug\ThirdPartyNotices.txt -> C:\Users\USER/Documents/Harvested_Data\W11-Vik_USER\2025-02-20_00-41-58\ThirdPartyNotices_93cf6dde.txt
2025-02-20 00:41:58,471 - INFO - Copied and removed: E:\backup\files\Users\USER\AppData\Local\Programs\Microsoft VS Code Insiders\resources\app\extensions\ms-vscode.js-debug-companion\LICENSE.txt -> C:\Users\USER/Documents/Harvested_Data\W11-Vik_USER\2025-02-20_00-41-58\LICENSE_c2cfccb8.txt
2025-02-20 00:41:58,499 - INFO - Copied and removed: E:\backup\files\Users\USER\AppData\Local\Programs\Microsoft VS Code Insiders\resources\app\extensions\ms-vscode.js-debug-companion\ThirdPartyNotices.txt -> C:\Users\USER/Documents/Harvested_Data\W11-Vik_USER\2025-02-20_00-41-58\ThirdPartyNotices_2272ec04.txt
2025-02-20 00:41:58,589 - INFO - Copied and removed: E:\backup\files\Users\USER\AppData\Local\Programs\Microsoft VS Code Insiders\resources\app\extensions\ms-vscode.vscode-js-profile-table\ThirdPartyNotices.txt -> C:\Users\USER/Documents/Harvested_Data\W11-Vik_USER\2025-02-20_00-41-58\ThirdPartyNotices_3256cf15.txt
2025-02-20 00:41:58,598 - INFO - Copied and removed: E:\backup\files\Users\USER\AppData\Local\Programs\Microsoft VS Code Insiders\resources\app\extensions\terminal-suggest\ThirdPartyNotices.txt -> C:\Users\USER/Documents/Harvested_Data\W11-Vik_USER\2025-02-20_00-41-58\ThirdPartyNotices_eedab843.txt
2025-02-20 00:41:58,624 - INFO - Copied and removed: E:\backup\files\Users\USER\AppData\Local\Programs\Microsoft VS Code Insiders\resources\app\extensions\terminal-suggest\fixtures\shell-parser\basic\output.txt -> C:\Users\USER/Documents/Harvested_Data\W11-Vik_USER\2025-02-20_00-41-58\output_0764865e.txt
2025-02-20 00:41:58,654 - INFO - Copied and removed: E:\backup\files\Users\USER\AppData\Local\Programs\Microsoft VS Code Insiders\resources\app\extensions\terminal-suggest\fixtures\shell-parser\multipleStatements\output.txt -> C:\Users\USER/Documents/Harvested_Data\W11-Vik_USER\2025-02-20_00-41-58\output_e9ba2628.txt
2025-02-20 00:41:58,679 - INFO - Copied and removed: E:\backup\files\Users\USER\AppData\Local\Programs\Microsoft VS Code Insiders\resources\app\extensions\terminal-suggest\fixtures\shell-parser\primaryExpressions\output.txt -> C:\Users\USER/Documents/Harvested_Data\W11-Vik_USER\2025-02-20_00-41-58\output_a166e310.txt
2025-02-20 00:41:58,707 - INFO - Copied and removed: E:\backup\files\Users\USER\AppData\Local\Programs\Microsoft VS Code Insiders\resources\app\extensions\terminal-suggest\fixtures\shell-parser\variables\output.txt -> C:\Users\USER/Documents/Harvested_Data\W11-Vik_USER\2025-02-20_00-41-58\output_370e8e1d.txt
2025-02-20 00:41:58,716 - INFO - Copied and removed: E:\backup\files\Users\USER\AppData\Local\Programs\Microsoft VS Code Insiders\resources\app\extensions\theme-seti\ThirdPartyNotices.txt -> C:\Users\USER/Documents/Harvested_Data\W11-Vik_USER\2025-02-20_00-41-58\ThirdPartyNotices_be25a8e2.txt
2025-02-20 00:41:58,725 - INFO - Copied and removed: E:\backup\files\Users\USER\AppData\Local\Programs\Microsoft VS Code Insiders\resources\app\node_modules\@microsoft\1ds-core-js\LICENSE.TXT -> C:\Users\USER/Documents/Harvested_Data\W11-Vik_USER\2025-02-20_00-41-58\LICENSE_4eef6bf0.TXT
2025-02-20 00:41:58,733 - INFO - Copied and removed: E:\backup\files\Users\USER\AppData\Local\Programs\Microsoft VS Code Insiders\resources\app\node_modules\@microsoft\1ds-post-js\LICENSE.TXT -> C:\Users\USER/Documents/Harvested_Data\W11-Vik_USER\2025-02-20_00-41-58\LICENSE_4eef6bf0.TXT
2025-02-20 00:41:58,741 - INFO - Copied and removed: E:\backup\files\Users\USER\AppData\Local\Programs\Microsoft VS Code Insiders\resources\app\node_modules\@vscode\deviceid\LICENSE.txt -> C:\Users\USER/Documents/Harvested_Data\W11-Vik_USER\2025-02-20_00-41-58\LICENSE_2fade851.txt
2025-02-20 00:41:58,753 - INFO - Copied and removed: E:\backup\files\Users\USER\AppData\Local\Programs\Microsoft VS Code Insiders\resources\app\node_modules\@vscode\vscode-languagedetection\dist\lib\index.js.LICENSE.txt -> C:\Users\USER/Documents/Harvested_Data\W11-Vik_USER\2025-02-20_00-41-58\index.js.LICENSE_cc9a540b.txt
2025-02-20 00:41:58,760 - INFO - Copied and removed: E:\backup\files\Users\USER\AppData\Local\Programs\Microsoft VS Code Insiders\resources\app\node_modules\@vscode\windows-registry\License.txt -> C:\Users\USER/Documents/Harvested_Data\W11-Vik_USER\2025-02-20_00-41-58\License_5e1954b8.txt
2025-02-20 00:41:58,769 - INFO - Copied and removed: E:\backup\files\Users\USER\AppData\Local\Programs\Microsoft VS Code Insiders\resources\app\node_modules\native-keymap\License.txt -> C:\Users\USER/Documents/Harvested_Data\W11-Vik_USER\2025-02-20_00-41-58\License_31bec773.txt
2025-02-20 00:41:58,778 - INFO - Copied and removed: E:\backup\files\Users\USER\AppData\Local\Programs\Microsoft VS Code Insiders\resources\app\node_modules\native-keymap\ThirdPartyNotices.txt -> C:\Users\USER/Documents/Harvested_Data\W11-Vik_USER\2025-02-20_00-41-58\ThirdPartyNotices_fd50d261.txt
2025-02-20 00:41:58,787 - INFO - Copied and removed: E:\backup\files\Users\USER\AppData\Local\Programs\Microsoft VS Code Insiders\resources\app\node_modules\v8-inspect-profiler\LICENSE.txt -> C:\Users\USER/Documents/Harvested_Data\W11-Vik_USER\2025-02-20_00-41-58\LICENSE_f177ff41.txt
2025-02-20 00:41:58,795 - INFO - Copied and removed: E:\backup\files\Users\USER\AppData\Local\Programs\Microsoft VS Code Insiders\resources\app\node_modules\vscode-oniguruma\LICENSE.txt -> C:\Users\USER/Documents/Harvested_Data\W11-Vik_USER\2025-02-20_00-41-58\LICENSE_ddde8aba.txt
2025-02-20 00:41:58,805 - INFO - Copied and removed: E:\backup\files\Users\USER\AppData\Local\Programs\Microsoft VS Code Insiders\resources\app\node_modules\vscode-oniguruma\NOTICES.txt -> C:\Users\USER/Documents/Harvested_Data\W11-Vik_USER\2025-02-20_00-41-58\NOTICES_615d94d8.txt
2025-02-20 00:41:58,816 - INFO - Copied and removed: E:\backup\files\Users\USER\AppData\Local\Programs\waveterm\LICENSE.electron.txt -> C:\Users\USER/Documents/Harvested_Data\W11-Vik_USER\2025-02-20_00-41-58\LICENSE.electron_5154e165.txt
2025-02-20 00:41:58,836 - INFO - Copied and removed: E:\backup\files\Users\USER\AppData\Local\Programs\waveterm\resources\app.asar.unpacked\dist\docsite\assets\js\main.095c6005.js.LICENSE.txt -> C:\Users\USER/Documents/Harvested_Data\W11-Vik_USER\2025-02-20_00-41-58\main.095c6005.js.LICENSE_2eec6e31.txt
2025-02-20 00:41:58,859 - INFO - Copied and removed: E:\backup\files\Users\USER\AppData\Local\ProtonPass\Squirrel-Shortcut.log -> C:\Users\USER/Documents/Harvested_Data\W11-Vik_USER\2025-02-20_00-41-58\Squirrel-Shortcut_fcde8ce3.log
2025-02-20 00:41:58,909 - INFO - Copied and removed: E:\backup\files\Users\USER\AppData\Local\ProtonVPN\Logs\app-logs.txt -> C:\Users\USER/Documents/Harvested_Data\W11-Vik_USER\2025-02-20_00-41-58\app-logs_2437fbc2.txt
2025-02-20 00:41:58,927 - INFO - Copied and removed: E:\backup\files\Users\USER\AppData\Local\ReadyOrNot\Saved\Logs\Modio.log -> C:\Users\USER/Documents/Harvested_Data\W11-Vik_USER\2025-02-20_00-41-58\Modio_40bb5d5f.log
2025-02-20 00:41:58,948 - INFO - Copied and removed: E:\backup\files\Users\USER\AppData\Local\Riot Games\Install VALORANT (1)\Logs\Agent\2025-02-06T03-20-52_19424_Agent.log -> C:\Users\USER/Documents/Harvested_Data\W11-Vik_USER\2025-02-20_00-41-58\2025-02-06T03-20-52_19424_Agent_9ac91e0d.log
2025-02-20 00:41:58,966 - INFO - Copied and removed: E:\backup\files\Users\USER\AppData\Local\Riot Games\Install VALORANT (1)\Logs\Agent\2025-02-06T03-21-45_18992_Agent.log -> C:\Users\USER/Documents/Harvested_Data\W11-Vik_USER\2025-02-20_00-41-58\2025-02-06T03-21-45_18992_Agent_96a35385.log
2025-02-20 00:41:58,999 - INFO - Copied and removed: E:\backup\files\Users\USER\AppData\Local\Riot Games\Install VALORANT (1)\Logs\Launcher\2025-02-06T03-20-48_17044_Launcher.log -> C:\Users\USER/Documents/Harvested_Data\W11-Vik_USER\2025-02-20_00-41-58\2025-02-06T03-20-48_17044_Launcher_a4caef15.log
2025-02-20 00:41:59,016 - INFO - Copied and removed: E:\backup\files\Users\USER\AppData\Local\Riot Games\Riot Client\Logs\Agent\2025-02-06T03-21-49_6180_Agent.log -> C:\Users\USER/Documents/Harvested_Data\W11-Vik_USER\2025-02-20_00-41-59\2025-02-06T03-21-49_6180_Agent_ebaebcd9.log
2025-02-20 00:41:59,036 - INFO - Copied and removed: E:\backup\files\Users\USER\AppData\Local\Riot Games\Riot Client\Logs\Agent\2025-02-06T03-23-03_21328_Agent.log -> C:\Users\USER/Documents/Harvested_Data\W11-Vik_USER\2025-02-20_00-41-59\2025-02-06T03-23-03_21328_Agent_a9b5e556.log
2025-02-20 00:41:59,056 - INFO - Copied and removed: E:\backup\files\Users\USER\AppData\Local\Riot Games\Riot Client\Logs\Launcher\2025-02-11T22-07-51_22380_Launcher.log -> C:\Users\USER/Documents/Harvested_Data\W11-Vik_USER\2025-02-20_00-41-59\2025-02-11T22-07-51_22380_Launcher_e000d2cd.log
2025-02-20 00:41:59,074 - INFO - Copied and removed: E:\backup\files\Users\USER\AppData\Local\Riot Games\Riot Client\Logs\Launcher\2025-02-11T22-59-54_30708_Launcher.log -> C:\Users\USER/Documents/Harvested_Data\W11-Vik_USER\2025-02-20_00-41-59\2025-02-11T22-59-54_30708_Launcher_617e84fa.log
2025-02-20 00:41:59,093 - INFO - Copied and removed: E:\backup\files\Users\USER\AppData\Local\Riot Games\Riot Client\Logs\Launcher\2025-02-12T01-56-53_7192_Launcher.log -> C:\Users\USER/Documents/Harvested_Data\W11-Vik_USER\2025-02-20_00-41-59\2025-02-12T01-56-53_7192_Launcher_ef890741.log
2025-02-20 00:41:59,113 - INFO - Copied and removed: E:\backup\files\Users\USER\AppData\Local\Riot Games\Riot Client\Logs\Launcher\2025-02-12T02-26-20_7696_Launcher.log -> C:\Users\USER/Documents/Harvested_Data\W11-Vik_USER\2025-02-20_00-41-59\2025-02-12T02-26-20_7696_Launcher_9e80fd9d.log
2025-02-20 00:41:59,132 - INFO - Copied and removed: E:\backup\files\Users\USER\AppData\Local\Riot Games\Riot Client\Logs\Launcher\2025-02-12T09-12-12_2908_Launcher.log -> C:\Users\USER/Documents/Harvested_Data\W11-Vik_USER\2025-02-20_00-41-59\2025-02-12T09-12-12_2908_Launcher_9d5838b9.log
2025-02-20 00:41:59,150 - INFO - Copied and removed: E:\backup\files\Users\USER\AppData\Local\Riot Games\Riot Client\Logs\Launcher\2025-02-12T11-02-56_16512_Launcher.log -> C:\Users\USER/Documents/Harvested_Data\W11-Vik_USER\2025-02-20_00-41-59\2025-02-12T11-02-56_16512_Launcher_b7b04286.log
2025-02-20 00:41:59,171 - INFO - Copied and removed: E:\backup\files\Users\USER\AppData\Local\Riot Games\Riot Client\Logs\Launcher\2025-02-12T11-12-14_19280_Launcher.log -> C:\Users\USER/Documents/Harvested_Data\W11-Vik_USER\2025-02-20_00-41-59\2025-02-12T11-12-14_19280_Launcher_ec24c9ef.log
2025-02-20 00:41:59,192 - INFO - Copied and removed: E:\backup\files\Users\USER\AppData\Local\Riot Games\Riot Client\Logs\Launcher\2025-02-12T11-44-19_19440_Launcher.log -> C:\Users\USER/Documents/Harvested_Data\W11-Vik_USER\2025-02-20_00-41-59\2025-02-12T11-44-19_19440_Launcher_f42012b3.log
2025-02-20 00:41:59,213 - INFO - Copied and removed: E:\backup\files\Users\USER\AppData\Local\Riot Games\Riot Client\Logs\Launcher\2025-02-17T21-53-50_29096_Launcher.log -> C:\Users\USER/Documents/Harvested_Data\W11-Vik_USER\2025-02-20_00-41-59\2025-02-17T21-53-50_29096_Launcher_ce1b9175.log
2025-02-20 00:41:59,232 - INFO - Copied and removed: E:\backup\files\Users\USER\AppData\Local\Riot Games\Riot Client\Logs\Riot Client Electron Logs\2025-1-6T22-3-55_834_RiotClientElectron.log -> C:\Users\USER/Documents/Harvested_Data\W11-Vik_USER\2025-02-20_00-41-59\2025-1-6T22-3-55_834_RiotClientElectron_98132ef4.log
2025-02-20 00:41:59,256 - INFO - Copied and removed: E:\backup\files\Users\USER\AppData\Local\Riot Games\Riot Client\Logs\Riot Client Electron Logs\2025-1-6T23-19-14_666_RiotClientElectron.log -> C:\Users\USER/Documents/Harvested_Data\W11-Vik_USER\2025-02-20_00-41-59\2025-1-6T23-19-14_666_RiotClientElectron_071f539e.log
2025-02-20 00:41:59,277 - INFO - Copied and removed: E:\backup\files\Users\USER\AppData\Local\Riot Games\Riot Client\Logs\Riot Client Electron Logs\2025-1-6T3-21-56_834_RiotClientElectron.log -> C:\Users\USER/Documents/Harvested_Data\W11-Vik_USER\2025-02-20_00-41-59\2025-1-6T3-21-56_834_RiotClientElectron_62a32e6e.log
2025-02-20 00:41:59,297 - INFO - Copied and removed: E:\backup\files\Users\USER\AppData\Local\Riot Games\Riot Client\Logs\Riot Client Electron Logs\2025-1-6T3-26-43_274_RiotClientElectron.log -> C:\Users\USER/Documents/Harvested_Data\W11-Vik_USER\2025-02-20_00-41-59\2025-1-6T3-26-43_274_RiotClientElectron_9d10c833.log
2025-02-20 00:41:59,316 - INFO - Copied and removed: E:\backup\files\Users\USER\AppData\Local\Riot Games\Riot Client\Logs\Riot Client Electron Logs\2025-1-6T3-35-42_759_RiotClientElectron.log -> C:\Users\USER/Documents/Harvested_Data\W11-Vik_USER\2025-02-20_00-41-59\2025-1-6T3-35-42_759_RiotClientElectron_10d4e951.log
2025-02-20 00:41:59,336 - INFO - Copied and removed: E:\backup\files\Users\USER\AppData\Local\Riot Games\Riot Client\Logs\Riot Client Electron Logs\2025-1-7T10-35-31_291_RiotClientElectron.log -> C:\Users\USER/Documents/Harvested_Data\W11-Vik_USER\2025-02-20_00-41-59\2025-1-7T10-35-31_291_RiotClientElectron_50a4f40d.log
2025-02-20 00:41:59,373 - INFO - Copied and removed: E:\backup\files\Users\USER\AppData\Local\Riot Games\Riot Client\Logs\Riot Client Logs\2025-02-07T10-35-19_3336_Riot Client.log -> C:\Users\USER/Documents/Harvested_Data\W11-Vik_USER\2025-02-20_00-41-59\2025-02-07T10-35-19_3336_Riot Client_0533f92c.log
2025-02-20 00:41:59,395 - INFO - Copied and removed: E:\backup\files\Users\USER\AppData\Local\Riot Games\Riot Client\Logs\Riot Client Logs\2025-02-07T10-38-44_18024_Riot Client.log -> C:\Users\USER/Documents/Harvested_Data\W11-Vik_USER\2025-02-20_00-41-59\2025-02-07T10-38-44_18024_Riot Client_b2f5729b.log
2025-02-20 00:41:59,415 - INFO - Copied and removed: E:\backup\files\Users\USER\AppData\Local\Riot Games\Riot Client\Logs\Riot Client Logs\2025-02-07T23-40-47_9400_Riot Client.log -> C:\Users\USER/Documents/Harvested_Data\W11-Vik_USER\2025-02-20_00-41-59\2025-02-07T23-40-47_9400_Riot Client_5c0e5212.log
2025-02-20 00:41:59,435 - INFO - Copied and removed: E:\backup\files\Users\USER\AppData\Local\Riot Games\Riot Client\Logs\Riot Client Logs\2025-02-08T12-24-23_10800_Riot Client.log -> C:\Users\USER/Documents/Harvested_Data\W11-Vik_USER\2025-02-20_00-41-59\2025-02-08T12-24-23_10800_Riot Client_12e84a43.log
2025-02-20 00:41:59,454 - INFO - Copied and removed: E:\backup\files\Users\USER\AppData\Local\Riot Games\Riot Client\Logs\Riot Client Logs\2025-02-09T13-02-56_14596_Riot Client.log -> C:\Users\USER/Documents/Harvested_Data\W11-Vik_USER\2025-02-20_00-41-59\2025-02-09T13-02-56_14596_Riot Client_6e7aa275.log
2025-02-20 00:41:59,473 - INFO - Copied and removed: E:\backup\files\Users\USER\AppData\Local\Riot Games\Riot Client\Logs\Riot Client Logs\2025-02-09T13-14-54_25572_Riot Client.log -> C:\Users\USER/Documents/Harvested_Data\W11-Vik_USER\2025-02-20_00-41-59\2025-02-09T13-14-54_25572_Riot Client_669d4ac7.log
2025-02-20 00:41:59,496 - INFO - Copied and removed: E:\backup\files\Users\USER\AppData\Local\Riot Games\Riot Client\Logs\Riot Client Logs\2025-02-09T13-16-36_22128_Riot Client.log -> C:\Users\USER/Documents/Harvested_Data\W11-Vik_USER\2025-02-20_00-41-59\2025-02-09T13-16-36_22128_Riot Client_68dfe4f2.log
2025-02-20 00:41:59,520 - INFO - Copied and removed: E:\backup\files\Users\USER\AppData\Local\Riot Games\Riot Client\Logs\Riot Client Logs\2025-02-10T13-45-36_18308_Riot Client.log -> C:\Users\USER/Documents/Harvested_Data\W11-Vik_USER\2025-02-20_00-41-59\2025-02-10T13-45-36_18308_Riot Client_6447e974.log
2025-02-20 00:41:59,546 - INFO - Copied and removed: E:\backup\files\Users\USER\AppData\Local\Riot Games\Riot Client\Logs\Riot Client Logs\2025-02-11T10-14-29_19748_Riot Client.log -> C:\Users\USER/Documents/Harvested_Data\W11-Vik_USER\2025-02-20_00-41-59\2025-02-11T10-14-29_19748_Riot Client_85cabbe1.log
2025-02-20 00:41:59,577 - INFO - Copied and removed: E:\backup\files\Users\USER\AppData\Local\Riot Games\Riot Client\Logs\Riot Client Logs\2025-02-11T10-43-25_23120_Riot Client.log -> C:\Users\USER/Documents/Harvested_Data\W11-Vik_USER\2025-02-20_00-41-59\2025-02-11T10-43-25_23120_Riot Client_9d393209.log
2025-02-20 00:41:59,605 - INFO - Copied and removed: E:\backup\files\Users\USER\AppData\Local\Riot Games\Riot Client\Logs\Riot Client Logs\2025-02-11T11-23-49_29640_Riot Client.log -> C:\Users\USER/Documents/Harvested_Data\W11-Vik_USER\2025-02-20_00-41-59\2025-02-11T11-23-49_29640_Riot Client_ca0488c6.log
2025-02-20 00:41:59,626 - INFO - Copied and removed: E:\backup\files\Users\USER\AppData\Local\Riot Games\Riot Client\Logs\Riot Client Logs\2025-02-11T15-19-31_4180_Riot Client.log -> C:\Users\USER/Documents/Harvested_Data\W11-Vik_USER\2025-02-20_00-41-59\2025-02-11T15-19-31_4180_Riot Client_57bff112.log
2025-02-20 00:41:59,654 - INFO - Copied and removed: E:\backup\files\Users\USER\AppData\Local\Riot Games\Riot Client\Logs\Riot Client Logs\2025-02-11T22-08-31_22380_Riot Client.log -> C:\Users\USER/Documents/Harvested_Data\W11-Vik_USER\2025-02-20_00-41-59\2025-02-11T22-08-31_22380_Riot Client_42360c1c.log
2025-02-20 00:41:59,672 - INFO - Copied and removed: E:\backup\files\Users\USER\AppData\Local\Riot Games\Riot Client\Logs\Riot Client Logs\2025-02-11T22-56-55_20344_Riot Client.log -> C:\Users\USER/Documents/Harvested_Data\W11-Vik_USER\2025-02-20_00-41-59\2025-02-11T22-56-55_20344_Riot Client_15f75173.log
2025-02-20 00:41:59,713 - INFO - Copied and removed: E:\backup\files\Users\USER\AppData\Local\Riot Games\Riot Client\Logs\Riot Client Logs\2025-02-11T22-59-54_30708_Riot Client.log -> C:\Users\USER/Documents/Harvested_Data\W11-Vik_USER\2025-02-20_00-41-59\2025-02-11T22-59-54_30708_Riot Client_1126340d.log
2025-02-20 00:41:59,732 - INFO - Copied and removed: E:\backup\files\Users\USER\AppData\Local\Riot Games\Riot Client\Logs\Riot Client Logs\2025-02-12T01-56-56_7192_Riot Client.log -> C:\Users\USER/Documents/Harvested_Data\W11-Vik_USER\2025-02-20_00-41-59\2025-02-12T01-56-56_7192_Riot Client_8d33b46e.log
2025-02-20 00:41:59,753 - INFO - Copied and removed: E:\backup\files\Users\USER\AppData\Local\Riot Games\Riot Client\Logs\Riot Client Logs\2025-02-12T02-26-23_7696_Riot Client.log -> C:\Users\USER/Documents/Harvested_Data\W11-Vik_USER\2025-02-20_00-41-59\2025-02-12T02-26-23_7696_Riot Client_1e516575.log
2025-02-20 00:41:59,772 - INFO - Copied and removed: E:\backup\files\Users\USER\AppData\Local\Riot Games\Riot Client\Logs\Riot Client Logs\2025-02-12T09-12-14_2908_Riot Client.log -> C:\Users\USER/Documents/Harvested_Data\W11-Vik_USER\2025-02-20_00-41-59\2025-02-12T09-12-14_2908_Riot Client_52286f08.log
2025-02-20 00:41:59,802 - INFO - Copied and removed: E:\backup\files\Users\USER\AppData\Local\Riot Games\Riot Client\Logs\Riot Client Logs\2025-02-17T21-53-51_29096_Riot Client.log -> C:\Users\USER/Documents/Harvested_Data\W11-Vik_USER\2025-02-20_00-41-59\2025-02-17T21-53-51_29096_Riot Client_f0aa7019.log
2025-02-20 00:41:59,872 - INFO - Copied and removed: E:\backup\files\Users\USER\AppData\Local\rustdesk\usbmmidd_v2\idd_instructions.txt -> C:\Users\USER/Documents/Harvested_Data\W11-Vik_USER\2025-02-20_00-41-59\idd_instructions_4928ad8a.txt
2025-02-20 00:41:59,898 - INFO - Copied and removed: E:\backup\files\Users\USER\AppData\Local\SquirrelTemp\Squirrel-Install.log -> C:\Users\USER/Documents/Harvested_Data\W11-Vik_USER\2025-02-20_00-41-59\Squirrel-Install_3750fdd6.log
2025-02-20 00:41:59,928 - INFO - Copied and removed: E:\backup\files\Users\USER\AppData\Local\SquirrelTemp\SquirrelSetup.log -> C:\Users\USER/Documents/Harvested_Data\W11-Vik_USER\2025-02-20_00-41-59\SquirrelSetup_9626f006.log
2025-02-20 00:41:59,944 - INFO - Copied and removed: E:\backup\files\Users\USER\AppData\Local\Steam\htmlcache\Local Storage\leveldb\000010.log -> C:\Users\USER/Documents/Harvested_Data\W11-Vik_USER\2025-02-20_00-41-59\000010_9bd7cbf8.log
2025-02-20 00:41:59,960 - INFO - Copied and removed: E:\backup\files\Users\USER\AppData\Local\Steam\htmlcache\Session Storage\000007.log -> C:\Users\USER/Documents/Harvested_Data\W11-Vik_USER\2025-02-20_00-41-59\000007_63c2dccb.log
2025-02-20 00:41:59,974 - INFO - Copied and removed: E:\backup\files\Users\USER\AppData\Local\Steam\htmlcache\shared_proto_db\000003.log -> C:\Users\USER/Documents/Harvested_Data\W11-Vik_USER\2025-02-20_00-41-59\000003_a3912b8a.log
2025-02-20 00:41:59,999 - INFO - Copied and removed: E:\backup\files\Users\USER\AppData\Local\Temp\arc-install.txt -> C:\Users\USER/Documents/Harvested_Data\W11-Vik_USER\2025-02-20_00-41-59\arc-install_3500a396.txt
2025-02-20 00:42:00,029 - INFO - Copied and removed: E:\backup\files\Users\USER\AppData\Local\Temp\cv_debug.log -> C:\Users\USER/Documents/Harvested_Data\W11-Vik_USER\2025-02-20_00-42-00\cv_debug_dc681f11.log
2025-02-20 00:42:00,049 - INFO - Copied and removed: E:\backup\files\Users\USER\AppData\Local\Temp\dd_vcredist_amd64_20250211220423.log -> C:\Users\USER/Documents/Harvested_Data\W11-Vik_USER\2025-02-20_00-42-00\dd_vcredist_amd64_20250211220423_be0994e7.log
2025-02-20 00:42:00,070 - INFO - Copied and removed: E:\backup\files\Users\USER\AppData\Local\Temp\dd_vcredist_amd64_20250211222017.log -> C:\Users\USER/Documents/Harvested_Data\W11-Vik_USER\2025-02-20_00-42-00\dd_vcredist_amd64_20250211222017_accc3d29.log
2025-02-20 00:42:00,090 - INFO - Copied and removed: E:\backup\files\Users\USER\AppData\Local\Temp\dd_vcredist_amd64_20250211233116.log -> C:\Users\USER/Documents/Harvested_Data\W11-Vik_USER\2025-02-20_00-42-00\dd_vcredist_amd64_20250211233116_e8b4cbfa.log
2025-02-20 00:42:00,112 - INFO - Copied and removed: E:\backup\files\Users\USER\AppData\Local\Temp\dd_vcredist_x86_20250211233115.log -> C:\Users\USER/Documents/Harvested_Data\W11-Vik_USER\2025-02-20_00-42-00\dd_vcredist_x86_20250211233115_c5521675.log
2025-02-20 00:42:00,156 - INFO - Copied and removed: E:\backup\files\Users\USER\AppData\Local\Temp\DESKTOP-966BF28-20250212-2254.log -> C:\Users\USER/Documents/Harvested_Data\W11-Vik_USER\2025-02-20_00-42-00\DESKTOP-966BF28-20250212-2254_d85a3ad7.log
2025-02-20 00:42:00,202 - INFO - Copied and removed: E:\backup\files\Users\USER\AppData\Local\Temp\DESKTOP-966BF28-20250212-2255.log -> C:\Users\USER/Documents/Harvested_Data\W11-Vik_USER\2025-02-20_00-42-00\DESKTOP-966BF28-20250212-2255_5e6f72d4.log
2025-02-20 00:42:00,251 - INFO - Copied and removed: E:\backup\files\Users\USER\AppData\Local\Temp\DESKTOP-966BF28-20250212-2255a.log -> C:\Users\USER/Documents/Harvested_Data\W11-Vik_USER\2025-02-20_00-42-00\DESKTOP-966BF28-20250212-2255a_3b04b9d7.log
2025-02-20 00:42:00,292 - INFO - Copied and removed: E:\backup\files\Users\USER\AppData\Local\Temp\DESKTOP-966BF28-20250212-2255b.log -> C:\Users\USER/Documents/Harvested_Data\W11-Vik_USER\2025-02-20_00-42-00\DESKTOP-966BF28-20250212-2255b_ca126920.log
2025-02-20 00:42:00,333 - INFO - Copied and removed: E:\backup\files\Users\USER\AppData\Local\Temp\DESKTOP-966BF28-20250212-2301.log -> C:\Users\USER/Documents/Harvested_Data\W11-Vik_USER\2025-02-20_00-42-00\DESKTOP-966BF28-20250212-2301_d6100666.log
2025-02-20 00:42:00,354 - INFO - Copied and removed: E:\backup\files\Users\USER\AppData\Local\Temp\JavaLauncher.log -> C:\Users\USER/Documents/Harvested_Data\W11-Vik_USER\2025-02-20_00-42-00\JavaLauncher_b5202999.log
2025-02-20 00:42:00,391 - INFO - Copied and removed: E:\backup\files\Users\USER\AppData\Local\Temp\jusched.log -> C:\Users\USER/Documents/Harvested_Data\W11-Vik_USER\2025-02-20_00-42-00\jusched_99163975.log
2025-02-20 00:42:00,420 - INFO - Copied and removed: E:\backup\files\Users\USER\AppData\Local\Temp\LogiPresenter.log -> C:\Users\USER/Documents/Harvested_Data\W11-Vik_USER\2025-02-20_00-42-00\LogiPresenter_9da60df5.log
2025-02-20 00:42:00,439 - INFO - Copied and removed: E:\backup\files\Users\USER\AppData\Local\Temp\LogiPresenterW.log -> C:\Users\USER/Documents/Harvested_Data\W11-Vik_USER\2025-02-20_00-42-00\LogiPresenterW_d8c5b7e0.log
2025-02-20 00:42:00,485 - INFO - Copied and removed: E:\backup\files\Users\USER\AppData\Local\Temp\MSIbef38.LOG -> C:\Users\USER/Documents/Harvested_Data\W11-Vik_USER\2025-02-20_00-42-00\MSIbef38_9f5a0581.LOG
2025-02-20 00:42:00,560 - INFO - Copied and removed: E:\backup\files\Users\USER\AppData\Local\Temp\Setup Log 2025-02-11 #001.txt -> C:\Users\USER/Documents/Harvested_Data\W11-Vik_USER\2025-02-20_00-42-00\Setup Log 2025-02-11 #001_6a03963f.txt
2025-02-20 00:42:00,625 - INFO - Copied and removed: E:\backup\files\Users\USER\AppData\Local\Temp\Setup Log 2025-02-11 #002.txt -> C:\Users\USER/Documents/Harvested_Data\W11-Vik_USER\2025-02-20_00-42-00\Setup Log 2025-02-11 #002_7aaffb81.txt
2025-02-20 00:42:00,666 - INFO - Copied and removed: E:\backup\files\Users\USER\AppData\Local\Temp\Setup Log 2025-02-12 #001.txt -> C:\Users\USER/Documents/Harvested_Data\W11-Vik_USER\2025-02-20_00-42-00\Setup Log 2025-02-12 #001_cc0c5870.txt
2025-02-20 00:42:00,740 - INFO - Copied and removed: E:\backup\files\Users\USER\AppData\Local\Temp\Setup Log 2025-02-12 #002.txt -> C:\Users\USER/Documents/Harvested_Data\W11-Vik_USER\2025-02-20_00-42-00\Setup Log 2025-02-12 #002_3c4464c4.txt
2025-02-20 00:42:00,805 - INFO - Copied and removed: E:\backup\files\Users\USER\AppData\Local\Temp\Setup Log 2025-02-13 #001.txt -> C:\Users\USER/Documents/Harvested_Data\W11-Vik_USER\2025-02-20_00-42-00\Setup Log 2025-02-13 #001_35934e9b.txt
2025-02-20 00:42:00,890 - INFO - Copied and removed: E:\backup\files\Users\USER\AppData\Local\Temp\Setup Log 2025-02-14 #001.txt -> C:\Users\USER/Documents/Harvested_Data\W11-Vik_USER\2025-02-20_00-42-00\Setup Log 2025-02-14 #001_7ff93ed5.txt
2025-02-20 00:42:00,969 - INFO - Copied and removed: E:\backup\files\Users\USER\AppData\Local\Temp\Setup Log 2025-02-17 #001.txt -> C:\Users\USER/Documents/Harvested_Data\W11-Vik_USER\2025-02-20_00-42-00\Setup Log 2025-02-17 #001_1bdba202.txt
2025-02-20 00:42:01,040 - INFO - Copied and removed: E:\backup\files\Users\USER\AppData\Local\Temp\Setup Log 2025-02-18 #001.txt -> C:\Users\USER/Documents/Harvested_Data\W11-Vik_USER\2025-02-20_00-42-01\Setup Log 2025-02-18 #001_5762da8e.txt
2025-02-20 00:42:01,082 - INFO - Copied and removed: E:\backup\files\Users\USER\AppData\Local\Temp\vscode-inno-updater-1739280115.log -> C:\Users\USER/Documents/Harvested_Data\W11-Vik_USER\2025-02-20_00-42-01\vscode-inno-updater-1739280115_0d6a87d7.log
2025-02-20 00:42:01,123 - INFO - Copied and removed: E:\backup\files\Users\USER\AppData\Local\Temp\vscode-inno-updater-1739393540.log -> C:\Users\USER/Documents/Harvested_Data\W11-Vik_USER\2025-02-20_00-42-01\vscode-inno-updater-1739393540_535c709a.log
2025-02-20 00:42:01,164 - INFO - Copied and removed: E:\backup\files\Users\USER\AppData\Local\Temp\vscode-inno-updater-1739435594.log -> C:\Users\USER/Documents/Harvested_Data\W11-Vik_USER\2025-02-20_00-42-01\vscode-inno-updater-1739435594_a3cda0d8.log
2025-02-20 00:42:01,204 - INFO - Copied and removed: E:\backup\files\Users\USER\AppData\Local\Temp\vscode-inno-updater-1739528683.log -> C:\Users\USER/Documents/Harvested_Data\W11-Vik_USER\2025-02-20_00-42-01\vscode-inno-updater-1739528683_0ef667ba.log
2025-02-20 00:42:01,245 - INFO - Copied and removed: E:\backup\files\Users\USER\AppData\Local\Temp\vscode-inno-updater-1739793412.log -> C:\Users\USER/Documents/Harvested_Data\W11-Vik_USER\2025-02-20_00-42-01\vscode-inno-updater-1739793412_7dda3528.log
2025-02-20 00:42:01,265 - INFO - Copied and removed: E:\backup\files\Users\USER\AppData\Local\Temp\daca0d63-701f-442c-abc7-460a96623725_Better MC [FORGE] 1.20.1 v36.zip.725\overrides\options.txt -> C:\Users\USER/Documents/Harvested_Data\W11-Vik_USER\2025-02-20_00-42-01\options_e26ad1ae.txt
2025-02-20 00:42:01,288 - INFO - Copied and removed: E:\backup\files\Users\USER\AppData\Local\Temp\Diagnostics\EXCEL\Primary1739438052575042300_51E4F0A3-3B48-4F10-AFCD-DF9D8BD0D48F.log -> C:\Users\USER/Documents/Harvested_Data\W11-Vik_USER\2025-02-20_00-42-01\Primary1739438052575042300_51E4F0A3-3B48-4F10-AFCD-DF9D8BD0D48F_25fc3062.log
2025-02-20 00:42:01,348 - INFO - Copied and removed: E:\backup\files\Users\USER\AppData\Local\Temp\Diagnostics\ONENOTE\Primary1739817518667659400_4CDC62F2-D13A-4811-8983-04D13EA6C43D.log -> C:\Users\USER/Documents/Harvested_Data\W11-Vik_USER\2025-02-20_00-42-01\Primary1739817518667659400_4CDC62F2-D13A-4811-8983-04D13EA6C43D_608aa987.log
2025-02-20 00:42:01,382 - INFO - Copied and removed: E:\backup\files\Users\USER\AppData\Local\Temp\Diagnostics\POWERPNT\Primary1739397713751675600_38CA7152-8976-4A68-9694-81A9CE007642.log -> C:\Users\USER/Documents/Harvested_Data\W11-Vik_USER\2025-02-20_00-42-01\Primary1739397713751675600_38CA7152-8976-4A68-9694-81A9CE007642_8c0cdbb1.log
2025-02-20 00:42:01,405 - INFO - Copied and removed: E:\backup\files\Users\USER\AppData\Local\Temp\Diagnostics\WINWORD\Primary1739827018737314500_46813B18-059E-4F42-81E5-4C907AEB2C1E.log -> C:\Users\USER/Documents/Harvested_Data\W11-Vik_USER\2025-02-20_00-42-01\Primary1739827018737314500_46813B18-059E-4F42-81E5-4C907AEB2C1E_11e4449e.log
2025-02-20 00:42:01,429 - INFO - Copied and removed: E:\backup\files\Users\USER\AppData\Local\Temp\installer12056520216045072579\installer.log -> C:\Users\USER/Documents/Harvested_Data\W11-Vik_USER\2025-02-20_00-42-01\installer_628dba16.log
2025-02-20 00:42:01,456 - INFO - Copied and removed: E:\backup\files\Users\USER\AppData\Local\Temp\installer4308502634869491021\installer.log -> C:\Users\USER/Documents/Harvested_Data\W11-Vik_USER\2025-02-20_00-42-01\installer_3ed93b60.log
2025-02-20 00:42:01,480 - INFO - Copied and removed: E:\backup\files\Users\USER\AppData\Local\Temp\installer7729874802037125084\installer.log -> C:\Users\USER/Documents/Harvested_Data\W11-Vik_USER\2025-02-20_00-42-01\installer_187a5b4c.log
2025-02-20 00:42:01,505 - INFO - Copied and removed: E:\backup\files\Users\USER\AppData\Local\Temp\installer7812301345873448190\installer.log -> C:\Users\USER/Documents/Harvested_Data\W11-Vik_USER\2025-02-20_00-42-01\installer_896e9649.log
2025-02-20 00:42:01,520 - INFO - Copied and removed: E:\backup\files\Users\USER\AppData\Local\ui.wifiman.desktop\EBWebView\Default\Local Storage\leveldb\000003.log -> C:\Users\USER/Documents/Harvested_Data\W11-Vik_USER\2025-02-20_00-42-01\000003_59a4bcaf.log
2025-02-20 00:42:01,535 - INFO - Copied and removed: E:\backup\files\Users\USER\AppData\Local\ui.wifiman.desktop\EBWebView\Default\Session Storage\000003.log -> C:\Users\USER/Documents/Harvested_Data\W11-Vik_USER\2025-02-20_00-42-01\000003_00efbab8.log
2025-02-20 00:42:01,552 - INFO - Copied and removed: E:\backup\files\Users\USER\AppData\Local\ui.wifiman.desktop\EBWebView\Default\shared_proto_db\000003.log -> C:\Users\USER/Documents/Harvested_Data\W11-Vik_USER\2025-02-20_00-42-01\000003_dba113e6.log
2025-02-20 00:42:01,564 - INFO - Copied and removed: E:\backup\files\Users\USER\AppData\Local\ui.wifiman.desktop\EBWebView\Default\shared_proto_db\metadata\000003.log -> C:\Users\USER/Documents/Harvested_Data\W11-Vik_USER\2025-02-20_00-42-01\000003_29286829.log
2025-02-20 00:42:01,597 - INFO - Copied and removed: E:\backup\files\Users\USER\AppData\Local\VALORANT\Saved\Logs\cef3.log -> C:\Users\USER/Documents/Harvested_Data\W11-Vik_USER\2025-02-20_00-42-01\cef3_1c9a6ad1.log
2025-02-20 00:42:01,668 - INFO - Copied and removed: E:\backup\files\Users\USER\AppData\Local\VALORANT\Saved\Logs\ShooterGame.log -> C:\Users\USER/Documents/Harvested_Data\W11-Vik_USER\2025-02-20_00-42-01\ShooterGame_4bf44ecd.log
2025-02-20 00:42:01,688 - INFO - Copied and removed: E:\backup\files\Users\USER\AppData\Local\VALORANT\Saved\webcache\Session Storage\000003.log -> C:\Users\USER/Documents/Harvested_Data\W11-Vik_USER\2025-02-20_00-42-01\000003_e79874d4.log
2025-02-20 00:42:01,717 - INFO - Copied and removed: E:\backup\files\Users\USER\AppData\Local\waveterm\Data\waveapp.log -> C:\Users\USER/Documents/Harvested_Data\W11-Vik_USER\2025-02-20_00-42-01\waveapp_b08dd425.log
2025-02-20 00:42:01,749 - INFO - Copied and removed: E:\backup\files\Users\USER\AppData\Local\winutil\logs\winutil_2025-02-06_03-00-40.log -> C:\Users\USER/Documents/Harvested_Data\W11-Vik_USER\2025-02-20_00-42-01\winutil_2025-02-06_03-00-40_286f527b.log
2025-02-20 00:42:01,782 - INFO - Copied and removed: E:\backup\files\Users\USER\AppData\LocalLow\Mediatonic\FallGuys_client\Player-prev.log -> C:\Users\USER/Documents/Harvested_Data\W11-Vik_USER\2025-02-20_00-42-01\Player-prev_55208c53.log
2025-02-20 00:42:01,830 - INFO - Copied and removed: E:\backup\files\Users\USER\AppData\LocalLow\Mediatonic\FallGuys_client\Player.log -> C:\Users\USER/Documents/Harvested_Data\W11-Vik_USER\2025-02-20_00-42-01\Player_c963ec75.log
2025-02-20 00:42:01,905 - INFO - Copied and removed: E:\backup\files\Users\USER\AppData\Roaming\.minecraft\launcher_log.txt -> C:\Users\USER/Documents/Harvested_Data\W11-Vik_USER\2025-02-20_00-42-01\launcher_log_e26b19d1.txt
2025-02-20 00:42:01,938 - INFO - Copied and removed: E:\backup\files\Users\USER\AppData\Roaming\.minecraft\launcher_log0.txt -> C:\Users\USER/Documents/Harvested_Data\W11-Vik_USER\2025-02-20_00-42-01\launcher_log0_e4ebee5f.txt
2025-02-20 00:42:02,103 - INFO - Copied and removed: E:\backup\files\Users\USER\AppData\Roaming\.minecraft\launcher_log1.txt -> C:\Users\USER/Documents/Harvested_Data\W11-Vik_USER\2025-02-20_00-42-02\launcher_log1_94eec09e.txt
2025-02-20 00:42:02,164 - INFO - Copied and removed: E:\backup\files\Users\USER\AppData\Roaming\.minecraft\launcher_log2.txt -> C:\Users\USER/Documents/Harvested_Data\W11-Vik_USER\2025-02-20_00-42-02\launcher_log2_da27125d.txt
2025-02-20 00:42:02,217 - INFO - Copied and removed: E:\backup\files\Users\USER\AppData\Roaming\.minecraft\launcher_log3.txt -> C:\Users\USER/Documents/Harvested_Data\W11-Vik_USER\2025-02-20_00-42-02\launcher_log3_c5e73186.txt
2025-02-20 00:42:02,279 - INFO - Copied and removed: E:\backup\files\Users\USER\AppData\Roaming\.minecraft\launcher_log4.txt -> C:\Users\USER/Documents/Harvested_Data\W11-Vik_USER\2025-02-20_00-42-02\launcher_log4_1fee1cab.txt
2025-02-20 00:42:02,353 - INFO - Copied and removed: E:\backup\files\Users\USER\AppData\Roaming\.minecraft\launcher_log5.txt -> C:\Users\USER/Documents/Harvested_Data\W11-Vik_USER\2025-02-20_00-42-02\launcher_log5_547b8fe2.txt
2025-02-20 00:42:02,410 - INFO - Copied and removed: E:\backup\files\Users\USER\AppData\Roaming\.minecraft\launcher_log6.txt -> C:\Users\USER/Documents/Harvested_Data\W11-Vik_USER\2025-02-20_00-42-02\launcher_log6_0621561d.txt
2025-02-20 00:42:02,433 - INFO - Copied and removed: E:\backup\files\Users\USER\AppData\Roaming\.minecraft\options.txt -> C:\Users\USER/Documents/Harvested_Data\W11-Vik_USER\2025-02-20_00-42-02\options_bceb9c8d.txt
2025-02-20 00:42:02,454 - INFO - Copied and removed: E:\backup\files\Users\USER\AppData\Roaming\.minecraft\config\xaerominimap.txt -> C:\Users\USER/Documents/Harvested_Data\W11-Vik_USER\2025-02-20_00-42-02\xaerominimap_71cffe76.txt
2025-02-20 00:42:02,474 - INFO - Copied and removed: E:\backup\files\Users\USER\AppData\Roaming\.minecraft\config\xaeroworldmap.txt -> C:\Users\USER/Documents/Harvested_Data\W11-Vik_USER\2025-02-20_00-42-02\xaeroworldmap_6028733f.txt
2025-02-20 00:42:02,624 - INFO - Copied and removed: E:\backup\files\Users\USER\AppData\Roaming\.minecraft\libraries\de\oceanlabs\mcp\mcp_config\1.20.1-20230612.114412\mcp_config-1.20.1-20230612.114412-mappings-merged.txt -> C:\Users\USER/Documents/Harvested_Data\W11-Vik_USER\2025-02-20_00-42-02\mcp_config-1.20.1-20230612.114412-mappings-merged_43660881.txt
2025-02-20 00:42:02,802 - INFO - Copied and removed: E:\backup\files\Users\USER\AppData\Roaming\.minecraft\libraries\de\oceanlabs\mcp\mcp_config\1.20.1-20230612.114412\mcp_config-1.20.1-20230612.114412-mappings.txt -> C:\Users\USER/Documents/Harvested_Data\W11-Vik_USER\2025-02-20_00-42-02\mcp_config-1.20.1-20230612.114412-mappings_19ae0001.txt
2025-02-20 00:42:03,041 - INFO - Copied and removed: E:\backup\files\Users\USER\AppData\Roaming\.minecraft\libraries\net\minecraft\client\1.20.1-20230612.114412\client-1.20.1-20230612.114412-mappings.txt -> C:\Users\USER/Documents/Harvested_Data\W11-Vik_USER\2025-02-20_00-42-03\client-1.20.1-20230612.114412-mappings_67bfc33e.txt
2025-02-20 00:42:03,124 - INFO - Copied and removed: E:\backup\files\Users\USER\AppData\Roaming\.minecraft\logs\debug.log -> C:\Users\USER/Documents/Harvested_Data\W11-Vik_USER\2025-02-20_00-42-03\debug_45680c67.log
2025-02-20 00:42:03,161 - INFO - Copied and removed: E:\backup\files\Users\USER\AppData\Roaming\.minecraft\logs\latest.log -> C:\Users\USER/Documents/Harvested_Data\W11-Vik_USER\2025-02-20_00-42-03\latest_4e9457c4.log
2025-02-20 00:42:03,180 - INFO - Copied and removed: E:\backup\files\Users\USER\AppData\Roaming\.minecraft\resourcepacks\Ashen_16x\readme.txt -> C:\Users\USER/Documents/Harvested_Data\W11-Vik_USER\2025-02-20_00-42-03\readme_e5f0c2ac.txt
2025-02-20 00:42:03,200 - INFO - Copied and removed: E:\backup\files\Users\USER\AppData\Roaming\.minecraft\resourcepacks\Ashen_16x\assets\minecraft\optifine\colormap\custom\grass_map.txt -> C:\Users\USER/Documents/Harvested_Data\W11-Vik_USER\2025-02-20_00-42-03\grass_map_0171428f.txt
2025-02-20 00:42:03,216 - INFO - Copied and removed: E:\backup\files\Users\USER\AppData\Roaming\.minecraft\webcache2\Session Storage\000003.log -> C:\Users\USER/Documents/Harvested_Data\W11-Vik_USER\2025-02-20_00-42-03\000003_611899b7.log
2025-02-20 00:42:03,286 - INFO - Copied and removed: E:\backup\files\Users\USER\AppData\Roaming\Arduino IDE\2025-02-09_log.log -> C:\Users\USER/Documents/Harvested_Data\W11-Vik_USER\2025-02-20_00-42-03\2025-02-09_log_62ef7796.log
2025-02-20 00:42:03,327 - INFO - Copied and removed: E:\backup\files\Users\USER\AppData\Roaming\Arduino IDE\2025-02-10_log.log -> C:\Users\USER/Documents/Harvested_Data\W11-Vik_USER\2025-02-20_00-42-03\2025-02-10_log_947526fd.log
2025-02-20 00:42:03,363 - INFO - Copied and removed: E:\backup\files\Users\USER\AppData\Roaming\Arduino IDE\2025-02-11_log.log -> C:\Users\USER/Documents/Harvested_Data\W11-Vik_USER\2025-02-20_00-42-03\2025-02-11_log_26f4d4c8.log
2025-02-20 00:42:03,404 - INFO - Copied and removed: E:\backup\files\Users\USER\AppData\Roaming\Arduino IDE\2025-02-13_log.log -> C:\Users\USER/Documents/Harvested_Data\W11-Vik_USER\2025-02-20_00-42-03\2025-02-13_log_b770d955.log
2025-02-20 00:42:03,479 - INFO - Copied and removed: E:\backup\files\Users\USER\AppData\Roaming\Arduino IDE\2025-02-14_log.log -> C:\Users\USER/Documents/Harvested_Data\W11-Vik_USER\2025-02-20_00-42-03\2025-02-14_log_a2c9cabd.log
2025-02-20 00:42:03,530 - INFO - Copied and removed: E:\backup\files\Users\USER\AppData\Roaming\arduino-ide\IndexedDB\file__0.indexeddb.leveldb\000004.log -> C:\Users\USER/Documents/Harvested_Data\W11-Vik_USER\2025-02-20_00-42-03\000004_99b10bcb.log
2025-02-20 00:42:03,552 - INFO - Copied and removed: E:\backup\files\Users\USER\AppData\Roaming\arduino-ide\Local Storage\leveldb\000013.log -> C:\Users\USER/Documents/Harvested_Data\W11-Vik_USER\2025-02-20_00-42-03\000013_4f563516.log
2025-02-20 00:42:03,565 - INFO - Copied and removed: E:\backup\files\Users\USER\AppData\Roaming\Code - Insiders\Local Storage\leveldb\000003.log -> C:\Users\USER/Documents/Harvested_Data\W11-Vik_USER\2025-02-20_00-42-03\000003_2c59ffba.log
2025-02-20 00:42:03,583 - INFO - Copied and removed: E:\backup\files\Users\USER\AppData\Roaming\Code - Insiders\logs\20250217T134848\editSessions.log -> C:\Users\USER/Documents/Harvested_Data\W11-Vik_USER\2025-02-20_00-42-03\editSessions_927c093c.log
2025-02-20 00:42:03,602 - INFO - Copied and removed: E:\backup\files\Users\USER\AppData\Roaming\Code - Insiders\logs\20250217T134848\ptyhost.log -> C:\Users\USER/Documents/Harvested_Data\W11-Vik_USER\2025-02-20_00-42-03\ptyhost_18fb00ca.log
2025-02-20 00:42:03,619 - INFO - Copied and removed: E:\backup\files\Users\USER\AppData\Roaming\Code - Insiders\logs\20250217T134848\sharedprocess.log -> C:\Users\USER/Documents/Harvested_Data\W11-Vik_USER\2025-02-20_00-42-03\sharedprocess_79a74c6c.log
2025-02-20 00:42:03,634 - INFO - Copied and removed: E:\backup\files\Users\USER\AppData\Roaming\Code - Insiders\logs\20250217T134848\terminal.log -> C:\Users\USER/Documents/Harvested_Data\W11-Vik_USER\2025-02-20_00-42-03\terminal_a0c9aa7c.log
2025-02-20 00:42:03,687 - INFO - Copied and removed: E:\backup\files\Users\USER\AppData\Roaming\Code - Insiders\logs\20250217T134848\userDataSync.log -> C:\Users\USER/Documents/Harvested_Data\W11-Vik_USER\2025-02-20_00-42-03\userDataSync_3d2953b9.log
2025-02-20 00:42:03,703 - INFO - Copied and removed: E:\backup\files\Users\USER\AppData\Roaming\Code - Insiders\logs\20250217T134848\window1\renderer.log -> C:\Users\USER/Documents/Harvested_Data\W11-Vik_USER\2025-02-20_00-42-03\renderer_1518c437.log
2025-02-20 00:42:03,721 - INFO - Copied and removed: E:\backup\files\Users\USER\AppData\Roaming\Code - Insiders\logs\20250217T134848\window1\views.log -> C:\Users\USER/Documents/Harvested_Data\W11-Vik_USER\2025-02-20_00-42-03\views_8c9d9fad.log
2025-02-20 00:42:03,749 - INFO - Copied and removed: E:\backup\files\Users\USER\AppData\Roaming\Code - Insiders\logs\20250217T134848\window1\exthost\exthost.log -> C:\Users\USER/Documents/Harvested_Data\W11-Vik_USER\2025-02-20_00-42-03\exthost_4c466f7d.log
2025-02-20 00:42:03,765 - INFO - Copied and removed: E:\backup\files\Users\USER\AppData\Roaming\Code - Insiders\logs\20250217T134848\window1\exthost\GitHub.copilot-chat\GitHub Copilot Chat.log -> C:\Users\USER/Documents/Harvested_Data\W11-Vik_USER\2025-02-20_00-42-03\GitHub Copilot Chat_fd72bfc4.log
2025-02-20 00:42:03,786 - INFO - Copied and removed: E:\backup\files\Users\USER\AppData\Roaming\Code - Insiders\logs\20250217T134848\window1\exthost\GitHub.vscode-pull-request-github\GitHub Pull Request.log -> C:\Users\USER/Documents/Harvested_Data\W11-Vik_USER\2025-02-20_00-42-03\GitHub Pull Request_2d6af2e7.log
2025-02-20 00:42:03,806 - INFO - Copied and removed: E:\backup\files\Users\USER\AppData\Roaming\Code - Insiders\logs\20250217T134848\window1\exthost\ms-python.isort\isort.log -> C:\Users\USER/Documents/Harvested_Data\W11-Vik_USER\2025-02-20_00-42-03\isort_df8df922.log
2025-02-20 00:42:03,824 - INFO - Copied and removed: E:\backup\files\Users\USER\AppData\Roaming\Code - Insiders\logs\20250217T134848\window1\exthost\ms-python.python\Python Language Server.log -> C:\Users\USER/Documents/Harvested_Data\W11-Vik_USER\2025-02-20_00-42-03\Python Language Server_23b76bfb.log
2025-02-20 00:42:03,842 - INFO - Copied and removed: E:\backup\files\Users\USER\AppData\Roaming\Code - Insiders\logs\20250217T134848\window1\exthost\ms-python.python\Python Locator.log -> C:\Users\USER/Documents/Harvested_Data\W11-Vik_USER\2025-02-20_00-42-03\Python Locator_dd05e1d7.log
2025-02-20 00:42:03,869 - INFO - Copied and removed: E:\backup\files\Users\USER\AppData\Roaming\Code - Insiders\logs\20250217T134848\window1\exthost\ms-python.python\Python.log -> C:\Users\USER/Documents/Harvested_Data\W11-Vik_USER\2025-02-20_00-42-03\Python_99a382d5.log
2025-02-20 00:42:03,885 - INFO - Copied and removed: E:\backup\files\Users\USER\AppData\Roaming\Code - Insiders\logs\20250217T134848\window1\exthost\output_logging_20250217T134852\2-gopls (server).log -> C:\Users\USER/Documents/Harvested_Data\W11-Vik_USER\2025-02-20_00-42-03\2-gopls (server)_e2a26754.log
2025-02-20 00:42:03,906 - INFO - Copied and removed: E:\backup\files\Users\USER\AppData\Roaming\Code - Insiders\logs\20250217T134848\window1\exthost\output_logging_20250217T134852\4-CodeQL Extension Log.log -> C:\Users\USER/Documents/Harvested_Data\W11-Vik_USER\2025-02-20_00-42-03\4-CodeQL Extension Log_824908f9.log
2025-02-20 00:42:03,924 - INFO - Copied and removed: E:\backup\files\Users\USER\AppData\Roaming\Code - Insiders\logs\20250217T134848\window1\exthost\output_logging_20250217T134852\6-CodeQL Language Server.log -> C:\Users\USER/Documents/Harvested_Data\W11-Vik_USER\2025-02-20_00-42-03\6-CodeQL Language Server_6c356471.log
2025-02-20 00:42:03,952 - INFO - Copied and removed: E:\backup\files\Users\USER\AppData\Roaming\Code - Insiders\logs\20250217T134848\window1\exthost\vscode.git\Git.log -> C:\Users\USER/Documents/Harvested_Data\W11-Vik_USER\2025-02-20_00-42-03\Git_05bdc3b0.log
2025-02-20 00:42:03,975 - INFO - Copied and removed: E:\backup\files\Users\USER\AppData\Roaming\Code - Insiders\logs\20250217T134848\window1\exthost\vscode.github-authentication\GitHub Authentication.log -> C:\Users\USER/Documents/Harvested_Data\W11-Vik_USER\2025-02-20_00-42-03\GitHub Authentication_ad12223d.log
2025-02-20 00:42:03,991 - INFO - Copied and removed: E:\backup\files\Users\USER\AppData\Roaming\Code - Insiders\logs\20250217T134848\window1\exthost\vscode.microsoft-authentication\Microsoft Authentication.log -> C:\Users\USER/Documents/Harvested_Data\W11-Vik_USER\2025-02-20_00-42-03\Microsoft Authentication_7b26d7db.log
2025-02-20 00:42:04,013 - INFO - Copied and removed: E:\backup\files\Users\USER\AppData\Roaming\Code - Insiders\logs\20250217T134848\window2\renderer.log -> C:\Users\USER/Documents/Harvested_Data\W11-Vik_USER\2025-02-20_00-42-04\renderer_b0e7d742.log
2025-02-20 00:42:04,034 - INFO - Copied and removed: E:\backup\files\Users\USER\AppData\Roaming\Code - Insiders\logs\20250217T134848\window2\views.log -> C:\Users\USER/Documents/Harvested_Data\W11-Vik_USER\2025-02-20_00-42-04\views_8d9bd265.log
2025-02-20 00:42:04,056 - INFO - Copied and removed: E:\backup\files\Users\USER\AppData\Roaming\Code - Insiders\logs\20250217T134848\window2\exthost\exthost.log -> C:\Users\USER/Documents/Harvested_Data\W11-Vik_USER\2025-02-20_00-42-04\exthost_c90abb0e.log
2025-02-20 00:42:04,085 - INFO - Copied and removed: E:\backup\files\Users\USER\AppData\Roaming\Code - Insiders\logs\20250217T134848\window2\exthost\output_logging_20250217T135234\1-Remote - SSH.log -> C:\Users\USER/Documents/Harvested_Data\W11-Vik_USER\2025-02-20_00-42-04\1-Remote - SSH_5f5bb3f4.log
2025-02-20 00:42:04,108 - INFO - Copied and removed: E:\backup\files\Users\USER\AppData\Roaming\Code - Insiders\logs\20250217T134848\window2\exthost\output_logging_20250217T135513\1-Remote - SSH.log -> C:\Users\USER/Documents/Harvested_Data\W11-Vik_USER\2025-02-20_00-42-04\1-Remote - SSH_bc48e9f9.log
2025-02-20 00:42:04,131 - INFO - Copied and removed: E:\backup\files\Users\USER\AppData\Roaming\Code - Insiders\logs\20250217T134848\window2\exthost\output_logging_20250217T135849\1-Remote - SSH.log -> C:\Users\USER/Documents/Harvested_Data\W11-Vik_USER\2025-02-20_00-42-04\1-Remote - SSH_fdf33197.log
2025-02-20 00:42:04,158 - INFO - Copied and removed: E:\backup\files\Users\USER\AppData\Roaming\Code - Insiders\logs\20250217T134848\window2\exthost\vscode.github-authentication\GitHub Authentication.log -> C:\Users\USER/Documents/Harvested_Data\W11-Vik_USER\2025-02-20_00-42-04\GitHub Authentication_ca0f5fa0.log
2025-02-20 00:42:04,176 - INFO - Copied and removed: E:\backup\files\Users\USER\AppData\Roaming\Code - Insiders\logs\20250217T134848\window2\exthost\vscode.microsoft-authentication\Microsoft Authentication.log -> C:\Users\USER/Documents/Harvested_Data\W11-Vik_USER\2025-02-20_00-42-04\Microsoft Authentication_f6e32ae2.log
2025-02-20 00:42:04,193 - INFO - Copied and removed: E:\backup\files\Users\USER\AppData\Roaming\Code - Insiders\logs\20250217T160011\sharedprocess.log -> C:\Users\USER/Documents/Harvested_Data\W11-Vik_USER\2025-02-20_00-42-04\sharedprocess_0a78081e.log
2025-02-20 00:42:04,237 - INFO - Copied and removed: E:\backup\files\Users\USER\AppData\Roaming\Code - Insiders\logs\20250217T160011\userDataSync.log -> C:\Users\USER/Documents/Harvested_Data\W11-Vik_USER\2025-02-20_00-42-04\userDataSync_cb0c0c32.log
2025-02-20 00:42:04,256 - INFO - Copied and removed: E:\backup\files\Users\USER\AppData\Roaming\Code - Insiders\logs\20250217T160011\window1\renderer.log -> C:\Users\USER/Documents/Harvested_Data\W11-Vik_USER\2025-02-20_00-42-04\renderer_4d581354.log
2025-02-20 00:42:04,275 - INFO - Copied and removed: E:\backup\files\Users\USER\AppData\Roaming\Code - Insiders\logs\20250217T160011\window1\views.log -> C:\Users\USER/Documents/Harvested_Data\W11-Vik_USER\2025-02-20_00-42-04\views_393775b7.log
2025-02-20 00:42:04,297 - INFO - Copied and removed: E:\backup\files\Users\USER\AppData\Roaming\Code - Insiders\logs\20250217T160011\window1\exthost\exthost.log -> C:\Users\USER/Documents/Harvested_Data\W11-Vik_USER\2025-02-20_00-42-04\exthost_94654737.log
2025-02-20 00:42:04,322 - INFO - Copied and removed: E:\backup\files\Users\USER\AppData\Roaming\Code - Insiders\logs\20250217T160011\window1\exthost\output_logging_20250217T160013\1-Remote - SSH.log -> C:\Users\USER/Documents/Harvested_Data\W11-Vik_USER\2025-02-20_00-42-04\1-Remote - SSH_3fcc9132.log
2025-02-20 00:42:04,343 - INFO - Copied and removed: E:\backup\files\Users\USER\AppData\Roaming\Code - Insiders\logs\20250217T160011\window1\exthost\vscode.github-authentication\GitHub Authentication.log -> C:\Users\USER/Documents/Harvested_Data\W11-Vik_USER\2025-02-20_00-42-04\GitHub Authentication_c1214827.log
2025-02-20 00:42:04,361 - INFO - Copied and removed: E:\backup\files\Users\USER\AppData\Roaming\Code - Insiders\logs\20250217T231145\sharedprocess.log -> C:\Users\USER/Documents/Harvested_Data\W11-Vik_USER\2025-02-20_00-42-04\sharedprocess_60757556.log
2025-02-20 00:42:04,388 - INFO - Copied and removed: E:\backup\files\Users\USER\AppData\Roaming\Code - Insiders\logs\20250217T231145\userDataSync.log -> C:\Users\USER/Documents/Harvested_Data\W11-Vik_USER\2025-02-20_00-42-04\userDataSync_0d3b9660.log
2025-02-20 00:42:04,408 - INFO - Copied and removed: E:\backup\files\Users\USER\AppData\Roaming\Code - Insiders\logs\20250217T231145\window1\renderer.log -> C:\Users\USER/Documents/Harvested_Data\W11-Vik_USER\2025-02-20_00-42-04\renderer_3efdc408.log
2025-02-20 00:42:04,429 - INFO - Copied and removed: E:\backup\files\Users\USER\AppData\Roaming\Code - Insiders\logs\20250217T231145\window1\views.log -> C:\Users\USER/Documents/Harvested_Data\W11-Vik_USER\2025-02-20_00-42-04\views_bf7025e6.log
2025-02-20 00:42:04,454 - INFO - Copied and removed: E:\backup\files\Users\USER\AppData\Roaming\Code - Insiders\logs\20250217T231145\window1\exthost\exthost.log -> C:\Users\USER/Documents/Harvested_Data\W11-Vik_USER\2025-02-20_00-42-04\exthost_d99f1a81.log
2025-02-20 00:42:04,474 - INFO - Copied and removed: E:\backup\files\Users\USER\AppData\Roaming\Code - Insiders\logs\20250217T231145\window1\exthost\GitHub.copilot-chat\GitHub Copilot Chat.log -> C:\Users\USER/Documents/Harvested_Data\W11-Vik_USER\2025-02-20_00-42-04\GitHub Copilot Chat_a1fb0e19.log
2025-02-20 00:42:04,490 - INFO - Copied and removed: E:\backup\files\Users\USER\AppData\Roaming\Code - Insiders\logs\20250217T231145\window1\exthost\GitHub.vscode-pull-request-github\GitHub Pull Request.log -> C:\Users\USER/Documents/Harvested_Data\W11-Vik_USER\2025-02-20_00-42-04\GitHub Pull Request_d40cd006.log
2025-02-20 00:42:04,511 - INFO - Copied and removed: E:\backup\files\Users\USER\AppData\Roaming\Code - Insiders\logs\20250217T231145\window1\exthost\ms-python.isort\isort.log -> C:\Users\USER/Documents/Harvested_Data\W11-Vik_USER\2025-02-20_00-42-04\isort_de98f71b.log
2025-02-20 00:42:04,532 - INFO - Copied and removed: E:\backup\files\Users\USER\AppData\Roaming\Code - Insiders\logs\20250217T231145\window1\exthost\ms-python.python\Python Language Server.log -> C:\Users\USER/Documents/Harvested_Data\W11-Vik_USER\2025-02-20_00-42-04\Python Language Server_f9980698.log
2025-02-20 00:42:04,550 - INFO - Copied and removed: E:\backup\files\Users\USER\AppData\Roaming\Code - Insiders\logs\20250217T231145\window1\exthost\ms-python.python\Python Locator.log -> C:\Users\USER/Documents/Harvested_Data\W11-Vik_USER\2025-02-20_00-42-04\Python Locator_5e23693b.log
2025-02-20 00:42:04,576 - INFO - Copied and removed: E:\backup\files\Users\USER\AppData\Roaming\Code - Insiders\logs\20250217T231145\window1\exthost\ms-python.python\Python.log -> C:\Users\USER/Documents/Harvested_Data\W11-Vik_USER\2025-02-20_00-42-04\Python_d059d7d2.log
2025-02-20 00:42:04,603 - INFO - Copied and removed: E:\backup\files\Users\USER\AppData\Roaming\Code - Insiders\logs\20250217T231145\window1\exthost\output_logging_20250217T231147\1-Remote - SSH.log -> C:\Users\USER/Documents/Harvested_Data\W11-Vik_USER\2025-02-20_00-42-04\1-Remote - SSH_1b0c4fbf.log
2025-02-20 00:42:04,624 - INFO - Copied and removed: E:\backup\files\Users\USER\AppData\Roaming\Code - Insiders\logs\20250217T231145\window1\exthost\vscode.git\Git.log -> C:\Users\USER/Documents/Harvested_Data\W11-Vik_USER\2025-02-20_00-42-04\Git_59251efb.log
2025-02-20 00:42:04,691 - INFO - Copied and removed: E:\backup\files\Users\USER\AppData\Roaming\Code - Insiders\logs\20250217T231145\window1\exthost\vscode.github-authentication\GitHub Authentication.log -> C:\Users\USER/Documents/Harvested_Data\W11-Vik_USER\2025-02-20_00-42-04\GitHub Authentication_5074ac73.log
2025-02-20 00:42:04,706 - INFO - Copied and removed: E:\backup\files\Users\USER\AppData\Roaming\Code - Insiders\logs\20250218T124336\editSessions.log -> C:\Users\USER/Documents/Harvested_Data\W11-Vik_USER\2025-02-20_00-42-04\editSessions_cf972dcd.log
2025-02-20 00:42:04,725 - INFO - Copied and removed: E:\backup\files\Users\USER\AppData\Roaming\Code - Insiders\logs\20250218T124336\main.log -> C:\Users\USER/Documents/Harvested_Data\W11-Vik_USER\2025-02-20_00-42-04\main_5fae23a4.log
2025-02-20 00:42:04,751 - INFO - Copied and removed: E:\backup\files\Users\USER\AppData\Roaming\Code - Insiders\logs\20250218T124336\ptyhost.log -> C:\Users\USER/Documents/Harvested_Data\W11-Vik_USER\2025-02-20_00-42-04\ptyhost_e6c22bb7.log
2025-02-20 00:42:04,772 - INFO - Copied and removed: E:\backup\files\Users\USER\AppData\Roaming\Code - Insiders\logs\20250218T124336\sharedprocess.log -> C:\Users\USER/Documents/Harvested_Data\W11-Vik_USER\2025-02-20_00-42-04\sharedprocess_48510308.log
2025-02-20 00:42:04,787 - INFO - Copied and removed: E:\backup\files\Users\USER\AppData\Roaming\Code - Insiders\logs\20250218T124336\terminal.log -> C:\Users\USER/Documents/Harvested_Data\W11-Vik_USER\2025-02-20_00-42-04\terminal_4c215c5f.log
2025-02-20 00:42:04,834 - INFO - Copied and removed: E:\backup\files\Users\USER\AppData\Roaming\Code - Insiders\logs\20250218T124336\userDataSync.log -> C:\Users\USER/Documents/Harvested_Data\W11-Vik_USER\2025-02-20_00-42-04\userDataSync_f3c4c02d.log
2025-02-20 00:42:04,851 - INFO - Copied and removed: E:\backup\files\Users\USER\AppData\Roaming\Code - Insiders\logs\20250218T124336\window1\renderer.log -> C:\Users\USER/Documents/Harvested_Data\W11-Vik_USER\2025-02-20_00-42-04\renderer_8fb6d079.log
2025-02-20 00:42:04,871 - INFO - Copied and removed: E:\backup\files\Users\USER\AppData\Roaming\Code - Insiders\logs\20250218T124336\window1\views.log -> C:\Users\USER/Documents/Harvested_Data\W11-Vik_USER\2025-02-20_00-42-04\views_c0546a84.log
2025-02-20 00:42:04,902 - INFO - Copied and removed: E:\backup\files\Users\USER\AppData\Roaming\Code - Insiders\logs\20250218T124336\window1\exthost\exthost.log -> C:\Users\USER/Documents/Harvested_Data\W11-Vik_USER\2025-02-20_00-42-04\exthost_b9a496ad.log
2025-02-20 00:42:04,919 - INFO - Copied and removed: E:\backup\files\Users\USER\AppData\Roaming\Code - Insiders\logs\20250218T124336\window1\exthost\eamodio.gitlens\GitLens.log -> C:\Users\USER/Documents/Harvested_Data\W11-Vik_USER\2025-02-20_00-42-04\GitLens_2beb6d82.log
2025-02-20 00:42:04,939 - INFO - Copied and removed: E:\backup\files\Users\USER\AppData\Roaming\Code - Insiders\logs\20250218T124336\window1\exthost\GitHub.copilot\GitHub Copilot.log -> C:\Users\USER/Documents/Harvested_Data\W11-Vik_USER\2025-02-20_00-42-04\GitHub Copilot_b178fc10.log
2025-02-20 00:42:04,959 - INFO - Copied and removed: E:\backup\files\Users\USER\AppData\Roaming\Code - Insiders\logs\20250218T124336\window1\exthost\GitHub.copilot-chat\GitHub Copilot Chat.log -> C:\Users\USER/Documents/Harvested_Data\W11-Vik_USER\2025-02-20_00-42-04\GitHub Copilot Chat_81f96ebd.log
2025-02-20 00:42:04,979 - INFO - Copied and removed: E:\backup\files\Users\USER\AppData\Roaming\Code - Insiders\logs\20250218T124336\window1\exthost\GitHub.vscode-pull-request-github\GitHub Pull Request.log -> C:\Users\USER/Documents/Harvested_Data\W11-Vik_USER\2025-02-20_00-42-04\GitHub Pull Request_97997e61.log
2025-02-20 00:42:05,001 - INFO - Copied and removed: E:\backup\files\Users\USER\AppData\Roaming\Code - Insiders\logs\20250218T124336\window1\exthost\ms-python.isort\isort.log -> C:\Users\USER/Documents/Harvested_Data\W11-Vik_USER\2025-02-20_00-42-04\isort_5a656aa5.log
2025-02-20 00:42:05,023 - INFO - Copied and removed: E:\backup\files\Users\USER\AppData\Roaming\Code - Insiders\logs\20250218T124336\window1\exthost\ms-python.python\Python Language Server.log -> C:\Users\USER/Documents/Harvested_Data\W11-Vik_USER\2025-02-20_00-42-05\Python Language Server_647644cf.log
2025-02-20 00:42:05,044 - INFO - Copied and removed: E:\backup\files\Users\USER\AppData\Roaming\Code - Insiders\logs\20250218T124336\window1\exthost\ms-python.python\Python Locator.log -> C:\Users\USER/Documents/Harvested_Data\W11-Vik_USER\2025-02-20_00-42-05\Python Locator_cac76a62.log
2025-02-20 00:42:05,072 - INFO - Copied and removed: E:\backup\files\Users\USER\AppData\Roaming\Code - Insiders\logs\20250218T124336\window1\exthost\ms-python.python\Python.log -> C:\Users\USER/Documents/Harvested_Data\W11-Vik_USER\2025-02-20_00-42-05\Python_ac7161ea.log
2025-02-20 00:42:05,093 - INFO - Copied and removed: E:\backup\files\Users\USER\AppData\Roaming\Code - Insiders\logs\20250218T124336\window1\exthost\vscode.git\Git.log -> C:\Users\USER/Documents/Harvested_Data\W11-Vik_USER\2025-02-20_00-42-05\Git_738f5826.log
2025-02-20 00:42:05,113 - INFO - Copied and removed: E:\backup\files\Users\USER\AppData\Roaming\Code - Insiders\logs\20250218T124336\window1\exthost\vscode.github-authentication\GitHub Authentication.log -> C:\Users\USER/Documents/Harvested_Data\W11-Vik_USER\2025-02-20_00-42-05\GitHub Authentication_c7e9b9a7.log
2025-02-20 00:42:05,127 - INFO - Copied and removed: E:\backup\files\Users\USER\AppData\Roaming\Code - Insiders\logs\20250218T124336\window1\exthost\vscode.microsoft-authentication\Microsoft Authentication.log -> C:\Users\USER/Documents/Harvested_Data\W11-Vik_USER\2025-02-20_00-42-05\Microsoft Authentication_1e4d8adf.log
2025-02-20 00:42:05,148 - INFO - Copied and removed: E:\backup\files\Users\USER\AppData\Roaming\Code - Insiders\logs\20250218T124336\window2\renderer.log -> C:\Users\USER/Documents/Harvested_Data\W11-Vik_USER\2025-02-20_00-42-05\renderer_af4c400c.log
2025-02-20 00:42:05,167 - INFO - Copied and removed: E:\backup\files\Users\USER\AppData\Roaming\Code - Insiders\logs\20250218T124336\window2\views.log -> C:\Users\USER/Documents/Harvested_Data\W11-Vik_USER\2025-02-20_00-42-05\views_1d6ae1bf.log
2025-02-20 00:42:05,192 - INFO - Copied and removed: E:\backup\files\Users\USER\AppData\Roaming\Code - Insiders\logs\20250218T124336\window2\exthost\exthost.log -> C:\Users\USER/Documents/Harvested_Data\W11-Vik_USER\2025-02-20_00-42-05\exthost_bb44b5de.log
2025-02-20 00:42:05,210 - INFO - Copied and removed: E:\backup\files\Users\USER\AppData\Roaming\Code - Insiders\logs\20250218T124336\window2\exthost\GitHub.copilot\GitHub Copilot.log -> C:\Users\USER/Documents/Harvested_Data\W11-Vik_USER\2025-02-20_00-42-05\GitHub Copilot_d5107e92.log
2025-02-20 00:42:05,229 - INFO - Copied and removed: E:\backup\files\Users\USER\AppData\Roaming\Code - Insiders\logs\20250218T124336\window2\exthost\GitHub.copilot-chat\GitHub Copilot Chat.log -> C:\Users\USER/Documents/Harvested_Data\W11-Vik_USER\2025-02-20_00-42-05\GitHub Copilot Chat_7d2bf828.log
2025-02-20 00:42:05,247 - INFO - Copied and removed: E:\backup\files\Users\USER\AppData\Roaming\Code - Insiders\logs\20250218T124336\window2\exthost\GitHub.vscode-pull-request-github\GitHub Pull Request.log -> C:\Users\USER/Documents/Harvested_Data\W11-Vik_USER\2025-02-20_00-42-05\GitHub Pull Request_8469b167.log
2025-02-20 00:42:05,272 - INFO - Copied and removed: E:\backup\files\Users\USER\AppData\Roaming\Code - Insiders\logs\20250218T124336\window2\exthost\ms-python.isort\isort.log -> C:\Users\USER/Documents/Harvested_Data\W11-Vik_USER\2025-02-20_00-42-05\isort_cc7669c2.log
2025-02-20 00:42:05,292 - INFO - Copied and removed: E:\backup\files\Users\USER\AppData\Roaming\Code - Insiders\logs\20250218T124336\window2\exthost\ms-python.python\Python Language Server.log -> C:\Users\USER/Documents/Harvested_Data\W11-Vik_USER\2025-02-20_00-42-05\Python Language Server_bae6976b.log
2025-02-20 00:42:05,312 - INFO - Copied and removed: E:\backup\files\Users\USER\AppData\Roaming\Code - Insiders\logs\20250218T124336\window2\exthost\ms-python.python\Python Locator.log -> C:\Users\USER/Documents/Harvested_Data\W11-Vik_USER\2025-02-20_00-42-05\Python Locator_87ebe8cf.log
2025-02-20 00:42:05,337 - INFO - Copied and removed: E:\backup\files\Users\USER\AppData\Roaming\Code - Insiders\logs\20250218T124336\window2\exthost\ms-python.python\Python.log -> C:\Users\USER/Documents/Harvested_Data\W11-Vik_USER\2025-02-20_00-42-05\Python_781a8649.log
2025-02-20 00:42:05,359 - INFO - Copied and removed: E:\backup\files\Users\USER\AppData\Roaming\Code - Insiders\logs\20250218T124336\window2\exthost\ms-vscode.powershell\PowerShell.log -> C:\Users\USER/Documents/Harvested_Data\W11-Vik_USER\2025-02-20_00-42-05\PowerShell_540abddb.log
2025-02-20 00:42:05,385 - INFO - Copied and removed: E:\backup\files\Users\USER\AppData\Roaming\Code - Insiders\logs\20250218T124336\window2\exthost\output_logging_20250218T125731\1-Remote - SSH.log -> C:\Users\USER/Documents/Harvested_Data\W11-Vik_USER\2025-02-20_00-42-05\1-Remote - SSH_900c0903.log
2025-02-20 00:42:05,407 - INFO - Copied and removed: E:\backup\files\Users\USER\AppData\Roaming\Code - Insiders\logs\20250218T124336\window2\exthost\output_logging_20250218T125806\1-Remote - SSH.log -> C:\Users\USER/Documents/Harvested_Data\W11-Vik_USER\2025-02-20_00-42-05\1-Remote - SSH_cb0fb621.log
2025-02-20 00:42:05,434 - INFO - Copied and removed: E:\backup\files\Users\USER\AppData\Roaming\Code - Insiders\logs\20250218T124336\window2\exthost\vscode.git\Git.log -> C:\Users\USER/Documents/Harvested_Data\W11-Vik_USER\2025-02-20_00-42-05\Git_908c3298.log
2025-02-20 00:42:05,457 - INFO - Copied and removed: E:\backup\files\Users\USER\AppData\Roaming\Code - Insiders\logs\20250218T124336\window2\exthost\vscode.github-authentication\GitHub Authentication.log -> C:\Users\USER/Documents/Harvested_Data\W11-Vik_USER\2025-02-20_00-42-05\GitHub Authentication_ed3dc1ea.log
2025-02-20 00:42:05,472 - INFO - Copied and removed: E:\backup\files\Users\USER\AppData\Roaming\Code - Insiders\logs\20250218T124336\window2\exthost\vscode.microsoft-authentication\Microsoft Authentication.log -> C:\Users\USER/Documents/Harvested_Data\W11-Vik_USER\2025-02-20_00-42-05\Microsoft Authentication_7a2b9ba1.log
2025-02-20 00:42:05,492 - INFO - Copied and removed: E:\backup\files\Users\USER\AppData\Roaming\Code - Insiders\logs\20250218T124336\window3\renderer.log -> C:\Users\USER/Documents/Harvested_Data\W11-Vik_USER\2025-02-20_00-42-05\renderer_126e77d1.log
2025-02-20 00:42:05,510 - INFO - Copied and removed: E:\backup\files\Users\USER\AppData\Roaming\Code - Insiders\logs\20250218T124336\window3\views.log -> C:\Users\USER/Documents/Harvested_Data\W11-Vik_USER\2025-02-20_00-42-05\views_aa6bd224.log
2025-02-20 00:42:05,532 - INFO - Copied and removed: E:\backup\files\Users\USER\AppData\Roaming\Code - Insiders\logs\20250218T124336\window3\exthost\exthost.log -> C:\Users\USER/Documents/Harvested_Data\W11-Vik_USER\2025-02-20_00-42-05\exthost_f1dc4882.log
2025-02-20 00:42:05,549 - INFO - Copied and removed: E:\backup\files\Users\USER\AppData\Roaming\Code - Insiders\logs\20250218T124336\window3\exthost\GitHub.copilot\GitHub Copilot.log -> C:\Users\USER/Documents/Harvested_Data\W11-Vik_USER\2025-02-20_00-42-05\GitHub Copilot_c36988a4.log
2025-02-20 00:42:05,566 - INFO - Copied and removed: E:\backup\files\Users\USER\AppData\Roaming\Code - Insiders\logs\20250218T124336\window3\exthost\GitHub.copilot-chat\GitHub Copilot Chat.log -> C:\Users\USER/Documents/Harvested_Data\W11-Vik_USER\2025-02-20_00-42-05\GitHub Copilot Chat_e88cac71.log
2025-02-20 00:42:05,586 - INFO - Copied and removed: E:\backup\files\Users\USER\AppData\Roaming\Code - Insiders\logs\20250218T124336\window3\exthost\GitHub.vscode-pull-request-github\GitHub Pull Request.log -> C:\Users\USER/Documents/Harvested_Data\W11-Vik_USER\2025-02-20_00-42-05\GitHub Pull Request_85848f38.log
2025-02-20 00:42:05,607 - INFO - Copied and removed: E:\backup\files\Users\USER\AppData\Roaming\Code - Insiders\logs\20250218T124336\window3\exthost\ms-python.isort\isort.log -> C:\Users\USER/Documents/Harvested_Data\W11-Vik_USER\2025-02-20_00-42-05\isort_7b663069.log
2025-02-20 00:42:05,627 - INFO - Copied and removed: E:\backup\files\Users\USER\AppData\Roaming\Code - Insiders\logs\20250218T124336\window3\exthost\ms-python.python\Python Language Server.log -> C:\Users\USER/Documents/Harvested_Data\W11-Vik_USER\2025-02-20_00-42-05\Python Language Server_cd41f1f2.log
2025-02-20 00:42:05,645 - INFO - Copied and removed: E:\backup\files\Users\USER\AppData\Roaming\Code - Insiders\logs\20250218T124336\window3\exthost\ms-python.python\Python Locator.log -> C:\Users\USER/Documents/Harvested_Data\W11-Vik_USER\2025-02-20_00-42-05\Python Locator_b43a8ebe.log
2025-02-20 00:42:05,671 - INFO - Copied and removed: E:\backup\files\Users\USER\AppData\Roaming\Code - Insiders\logs\20250218T124336\window3\exthost\ms-python.python\Python.log -> C:\Users\USER/Documents/Harvested_Data\W11-Vik_USER\2025-02-20_00-42-05\Python_a2188c9a.log
2025-02-20 00:42:05,693 - INFO - Copied and removed: E:\backup\files\Users\USER\AppData\Roaming\Code - Insiders\logs\20250218T124336\window3\exthost\vscode.git\Git.log -> C:\Users\USER/Documents/Harvested_Data\W11-Vik_USER\2025-02-20_00-42-05\Git_5a743501.log
2025-02-20 00:42:05,712 - INFO - Copied and removed: E:\backup\files\Users\USER\AppData\Roaming\Code - Insiders\logs\20250218T124336\window3\exthost\vscode.github-authentication\GitHub Authentication.log -> C:\Users\USER/Documents/Harvested_Data\W11-Vik_USER\2025-02-20_00-42-05\GitHub Authentication_ee0ff02e.log
2025-02-20 00:42:05,729 - INFO - Copied and removed: E:\backup\files\Users\USER\AppData\Roaming\Code - Insiders\logs\20250218T124336\window4\renderer.log -> C:\Users\USER/Documents/Harvested_Data\W11-Vik_USER\2025-02-20_00-42-05\renderer_813fe0c0.log
2025-02-20 00:42:05,745 - INFO - Copied and removed: E:\backup\files\Users\USER\AppData\Roaming\Code - Insiders\logs\20250218T124336\window4\views.log -> C:\Users\USER/Documents/Harvested_Data\W11-Vik_USER\2025-02-20_00-42-05\views_bfe31d41.log
2025-02-20 00:42:05,765 - INFO - Copied and removed: E:\backup\files\Users\USER\AppData\Roaming\Code - Insiders\logs\20250218T124336\window4\exthost\exthost.log -> C:\Users\USER/Documents/Harvested_Data\W11-Vik_USER\2025-02-20_00-42-05\exthost_b4b9a181.log
2025-02-20 00:42:05,786 - INFO - Copied and removed: E:\backup\files\Users\USER\AppData\Roaming\Code - Insiders\logs\20250218T124336\window4\exthost\GitHub.copilot-chat\GitHub Copilot Chat.log -> C:\Users\USER/Documents/Harvested_Data\W11-Vik_USER\2025-02-20_00-42-05\GitHub Copilot Chat_f4057a9e.log
2025-02-20 00:42:05,801 - INFO - Copied and removed: E:\backup\files\Users\USER\AppData\Roaming\Code - Insiders\logs\20250218T124336\window4\exthost\GitHub.vscode-pull-request-github\GitHub Pull Request.log -> C:\Users\USER/Documents/Harvested_Data\W11-Vik_USER\2025-02-20_00-42-05\GitHub Pull Request_5379a4e8.log
2025-02-20 00:42:05,821 - INFO - Copied and removed: E:\backup\files\Users\USER\AppData\Roaming\Code - Insiders\logs\20250218T124336\window4\exthost\ms-python.isort\isort.log -> C:\Users\USER/Documents/Harvested_Data\W11-Vik_USER\2025-02-20_00-42-05\isort_209e7fff.log
2025-02-20 00:42:05,846 - INFO - Copied and removed: E:\backup\files\Users\USER\AppData\Roaming\Code - Insiders\logs\20250218T124336\window4\exthost\ms-python.python\Python Language Server.log -> C:\Users\USER/Documents/Harvested_Data\W11-Vik_USER\2025-02-20_00-42-05\Python Language Server_652c9ef5.log
2025-02-20 00:42:05,865 - INFO - Copied and removed: E:\backup\files\Users\USER\AppData\Roaming\Code - Insiders\logs\20250218T124336\window4\exthost\ms-python.python\Python Locator.log -> C:\Users\USER/Documents/Harvested_Data\W11-Vik_USER\2025-02-20_00-42-05\Python Locator_70a05dfb.log
2025-02-20 00:42:05,893 - INFO - Copied and removed: E:\backup\files\Users\USER\AppData\Roaming\Code - Insiders\logs\20250218T124336\window4\exthost\ms-python.python\Python.log -> C:\Users\USER/Documents/Harvested_Data\W11-Vik_USER\2025-02-20_00-42-05\Python_ecba6e1a.log
2025-02-20 00:42:05,924 - INFO - Copied and removed: E:\backup\files\Users\USER\AppData\Roaming\Code - Insiders\logs\20250218T124336\window4\exthost\vscode.git\Git.log -> C:\Users\USER/Documents/Harvested_Data\W11-Vik_USER\2025-02-20_00-42-05\Git_c45d53fd.log
2025-02-20 00:42:05,950 - INFO - Copied and removed: E:\backup\files\Users\USER\AppData\Roaming\Code - Insiders\logs\20250218T124336\window4\exthost\vscode.github-authentication\GitHub Authentication.log -> C:\Users\USER/Documents/Harvested_Data\W11-Vik_USER\2025-02-20_00-42-05\GitHub Authentication_e040e6e5.log
2025-02-20 00:42:05,967 - INFO - Copied and removed: E:\backup\files\Users\USER\AppData\Roaming\Code - Insiders\logs\20250218T154037\editSessions.log -> C:\Users\USER/Documents/Harvested_Data\W11-Vik_USER\2025-02-20_00-42-05\editSessions_00d50707.log
2025-02-20 00:42:05,985 - INFO - Copied and removed: E:\backup\files\Users\USER\AppData\Roaming\Code - Insiders\logs\20250218T154037\sharedprocess.log -> C:\Users\USER/Documents/Harvested_Data\W11-Vik_USER\2025-02-20_00-42-05\sharedprocess_d0cd2256.log
2025-02-20 00:42:06,058 - INFO - Copied and removed: E:\backup\files\Users\USER\AppData\Roaming\Code - Insiders\logs\20250218T154037\userDataSync.log -> C:\Users\USER/Documents/Harvested_Data\W11-Vik_USER\2025-02-20_00-42-06\userDataSync_3147a1e7.log
2025-02-20 00:42:06,080 - INFO - Copied and removed: E:\backup\files\Users\USER\AppData\Roaming\Code - Insiders\logs\20250218T154037\window1\renderer.log -> C:\Users\USER/Documents/Harvested_Data\W11-Vik_USER\2025-02-20_00-42-06\renderer_29e8ece5.log
2025-02-20 00:42:06,100 - INFO - Copied and removed: E:\backup\files\Users\USER\AppData\Roaming\Code - Insiders\logs\20250218T154037\window1\views.log -> C:\Users\USER/Documents/Harvested_Data\W11-Vik_USER\2025-02-20_00-42-06\views_7d244bab.log
2025-02-20 00:42:06,138 - INFO - Copied and removed: E:\backup\files\Users\USER\AppData\Roaming\Code - Insiders\logs\20250218T154037\window1\exthost\exthost.log -> C:\Users\USER/Documents/Harvested_Data\W11-Vik_USER\2025-02-20_00-42-06\exthost_0adcd724.log
2025-02-20 00:42:06,158 - INFO - Copied and removed: E:\backup\files\Users\USER\AppData\Roaming\Code - Insiders\logs\20250218T154037\window1\exthost\eamodio.gitlens\GitLens (Git).log -> C:\Users\USER/Documents/Harvested_Data\W11-Vik_USER\2025-02-20_00-42-06\GitLens (Git)_577e983b.log
2025-02-20 00:42:06,177 - INFO - Copied and removed: E:\backup\files\Users\USER\AppData\Roaming\Code - Insiders\logs\20250218T154037\window1\exthost\eamodio.gitlens\GitLens.log -> C:\Users\USER/Documents/Harvested_Data\W11-Vik_USER\2025-02-20_00-42-06\GitLens_7c5cd480.log
2025-02-20 00:42:06,199 - INFO - Copied and removed: E:\backup\files\Users\USER\AppData\Roaming\Code - Insiders\logs\20250218T154037\window1\exthost\GitHub.copilot\GitHub Copilot.log -> C:\Users\USER/Documents/Harvested_Data\W11-Vik_USER\2025-02-20_00-42-06\GitHub Copilot_f0f92060.log
2025-02-20 00:42:06,219 - INFO - Copied and removed: E:\backup\files\Users\USER\AppData\Roaming\Code - Insiders\logs\20250218T154037\window1\exthost\GitHub.copilot-chat\GitHub Copilot Chat.log -> C:\Users\USER/Documents/Harvested_Data\W11-Vik_USER\2025-02-20_00-42-06\GitHub Copilot Chat_66fb27d6.log
2025-02-20 00:42:06,238 - INFO - Copied and removed: E:\backup\files\Users\USER\AppData\Roaming\Code - Insiders\logs\20250218T154037\window1\exthost\GitHub.vscode-pull-request-github\GitHub Pull Request.log -> C:\Users\USER/Documents/Harvested_Data\W11-Vik_USER\2025-02-20_00-42-06\GitHub Pull Request_1d992a1f.log
2025-02-20 00:42:06,264 - INFO - Copied and removed: E:\backup\files\Users\USER\AppData\Roaming\Code - Insiders\logs\20250218T154037\window1\exthost\golang.go\Go.log -> C:\Users\USER/Documents/Harvested_Data\W11-Vik_USER\2025-02-20_00-42-06\Go_0a08f071.log
2025-02-20 00:42:06,311 - INFO - Copied and removed: E:\backup\files\Users\USER\AppData\Roaming\Code - Insiders\logs\20250218T154037\window1\exthost\ms-python.isort\isort.log -> C:\Users\USER/Documents/Harvested_Data\W11-Vik_USER\2025-02-20_00-42-06\isort_b3f18453.log
2025-02-20 00:42:06,336 - INFO - Copied and removed: E:\backup\files\Users\USER\AppData\Roaming\Code - Insiders\logs\20250218T154037\window1\exthost\ms-python.python\Python Language Server.log -> C:\Users\USER/Documents/Harvested_Data\W11-Vik_USER\2025-02-20_00-42-06\Python Language Server_62440893.log
2025-02-20 00:42:06,358 - INFO - Copied and removed: E:\backup\files\Users\USER\AppData\Roaming\Code - Insiders\logs\20250218T154037\window1\exthost\ms-python.python\Python Locator.log -> C:\Users\USER/Documents/Harvested_Data\W11-Vik_USER\2025-02-20_00-42-06\Python Locator_74101659.log
2025-02-20 00:42:06,387 - INFO - Copied and removed: E:\backup\files\Users\USER\AppData\Roaming\Code - Insiders\logs\20250218T154037\window1\exthost\ms-python.python\Python.log -> C:\Users\USER/Documents/Harvested_Data\W11-Vik_USER\2025-02-20_00-42-06\Python_58df8587.log
2025-02-20 00:42:06,407 - INFO - Copied and removed: E:\backup\files\Users\USER\AppData\Roaming\Code - Insiders\logs\20250218T154037\window1\exthost\output_logging_20250218T185943\4-CodeQL Extension Log.log -> C:\Users\USER/Documents/Harvested_Data\W11-Vik_USER\2025-02-20_00-42-06\4-CodeQL Extension Log_a7942cc5.log
2025-02-20 00:42:06,426 - INFO - Copied and removed: E:\backup\files\Users\USER\AppData\Roaming\Code - Insiders\logs\20250218T154037\window1\exthost\output_logging_20250218T185943\6-CodeQL Language Server.log -> C:\Users\USER/Documents/Harvested_Data\W11-Vik_USER\2025-02-20_00-42-06\6-CodeQL Language Server_ef14d3be.log
2025-02-20 00:42:06,446 - INFO - Copied and removed: E:\backup\files\Users\USER\AppData\Roaming\Code - Insiders\logs\20250218T154037\window1\exthost\output_logging_20250218T185943\8-gopls (server).log -> C:\Users\USER/Documents/Harvested_Data\W11-Vik_USER\2025-02-20_00-42-06\8-gopls (server)_182e7fe3.log
2025-02-20 00:42:06,484 - INFO - Copied and removed: E:\backup\files\Users\USER\AppData\Roaming\Code - Insiders\logs\20250218T154037\window1\exthost\vscode.git\Git.log -> C:\Users\USER/Documents/Harvested_Data\W11-Vik_USER\2025-02-20_00-42-06\Git_a6649e54.log
2025-02-20 00:42:06,509 - INFO - Copied and removed: E:\backup\files\Users\USER\AppData\Roaming\Code - Insiders\logs\20250218T154037\window1\exthost\vscode.github-authentication\GitHub Authentication.log -> C:\Users\USER/Documents/Harvested_Data\W11-Vik_USER\2025-02-20_00-42-06\GitHub Authentication_f62f8f51.log
2025-02-20 00:42:06,529 - INFO - Copied and removed: E:\backup\files\Users\USER\AppData\Roaming\Code - Insiders\logs\20250218T154037\window1\exthost\vscode.microsoft-authentication\Microsoft Authentication.log -> C:\Users\USER/Documents/Harvested_Data\W11-Vik_USER\2025-02-20_00-42-06\Microsoft Authentication_3a74e0e2.log
2025-02-20 00:42:06,544 - INFO - Copied and removed: E:\backup\files\Users\USER\AppData\Roaming\Code - Insiders\logs\20250218T154037\window2\renderer.log -> C:\Users\USER/Documents/Harvested_Data\W11-Vik_USER\2025-02-20_00-42-06\renderer_85f4ffbb.log
2025-02-20 00:42:06,613 - INFO - Copied and removed: E:\backup\files\Users\USER\AppData\Roaming\Code - Insiders\logs\20250218T154037\window2\views.log -> C:\Users\USER/Documents/Harvested_Data\W11-Vik_USER\2025-02-20_00-42-06\views_b0af2e7f.log
2025-02-20 00:42:06,635 - INFO - Copied and removed: E:\backup\files\Users\USER\AppData\Roaming\Code - Insiders\logs\20250218T154037\window2\exthost\exthost.log -> C:\Users\USER/Documents/Harvested_Data\W11-Vik_USER\2025-02-20_00-42-06\exthost_2ff6d095.log
2025-02-20 00:42:06,654 - INFO - Copied and removed: E:\backup\files\Users\USER\AppData\Roaming\Code - Insiders\logs\20250218T154037\window2\exthost\GitHub.copilot-chat\GitHub Copilot Chat.log -> C:\Users\USER/Documents/Harvested_Data\W11-Vik_USER\2025-02-20_00-42-06\GitHub Copilot Chat_09661f15.log
2025-02-20 00:42:06,670 - INFO - Copied and removed: E:\backup\files\Users\USER\AppData\Roaming\Code - Insiders\logs\20250218T154037\window2\exthost\GitHub.vscode-pull-request-github\GitHub Pull Request.log -> C:\Users\USER/Documents/Harvested_Data\W11-Vik_USER\2025-02-20_00-42-06\GitHub Pull Request_3cc99e1c.log
2025-02-20 00:42:06,690 - INFO - Copied and removed: E:\backup\files\Users\USER\AppData\Roaming\Code - Insiders\logs\20250218T154037\window2\exthost\ms-python.isort\isort.log -> C:\Users\USER/Documents/Harvested_Data\W11-Vik_USER\2025-02-20_00-42-06\isort_9788a03e.log
2025-02-20 00:42:06,707 - INFO - Copied and removed: E:\backup\files\Users\USER\AppData\Roaming\Code - Insiders\logs\20250218T154037\window2\exthost\ms-python.python\Python Language Server.log -> C:\Users\USER/Documents/Harvested_Data\W11-Vik_USER\2025-02-20_00-42-06\Python Language Server_b0584aef.log
2025-02-20 00:42:06,726 - INFO - Copied and removed: E:\backup\files\Users\USER\AppData\Roaming\Code - Insiders\logs\20250218T154037\window2\exthost\ms-python.python\Python Locator.log -> C:\Users\USER/Documents/Harvested_Data\W11-Vik_USER\2025-02-20_00-42-06\Python Locator_dcb48d07.log
2025-02-20 00:42:06,753 - INFO - Copied and removed: E:\backup\files\Users\USER\AppData\Roaming\Code - Insiders\logs\20250218T154037\window2\exthost\ms-python.python\Python.log -> C:\Users\USER/Documents/Harvested_Data\W11-Vik_USER\2025-02-20_00-42-06\Python_ee54ba32.log
2025-02-20 00:42:06,773 - INFO - Copied and removed: E:\backup\files\Users\USER\AppData\Roaming\Code - Insiders\logs\20250218T154037\window2\exthost\vscode.git\Git.log -> C:\Users\USER/Documents/Harvested_Data\W11-Vik_USER\2025-02-20_00-42-06\Git_8d8fdb31.log
2025-02-20 00:42:06,794 - INFO - Copied and removed: E:\backup\files\Users\USER\AppData\Roaming\Code - Insiders\logs\20250218T154037\window2\exthost\vscode.github-authentication\GitHub Authentication.log -> C:\Users\USER/Documents/Harvested_Data\W11-Vik_USER\2025-02-20_00-42-06\GitHub Authentication_69186e37.log
2025-02-20 00:42:06,811 - INFO - Copied and removed: E:\backup\files\Users\USER\AppData\Roaming\Code - Insiders\Service Worker\Database\000003.log -> C:\Users\USER/Documents/Harvested_Data\W11-Vik_USER\2025-02-20_00-42-06\000003_0dc5e6c9.log
2025-02-20 00:42:06,820 - INFO - Copied and removed: E:\backup\files\Users\USER\AppData\Roaming\Code - Insiders\User\globalStorage\github.vscode-codeql\distribution1\codeql\java\tools\win64\jdk-extractor-java\conf\security\policy\README.txt -> C:\Users\USER/Documents/Harvested_Data\W11-Vik_USER\2025-02-20_00-42-06\README_6da07473.txt
2025-02-20 00:42:06,842 - INFO - Copied and removed: E:\backup\files\Users\USER\AppData\Roaming\Code - Insiders\User\globalStorage\github.vscode-codeql\distribution1\codeql\javascript\tools\typescript-parser-wrapper\node_modules\typescript\LICENSE.txt -> C:\Users\USER/Documents/Harvested_Data\W11-Vik_USER\2025-02-20_00-42-06\LICENSE_a7d00bfd.txt
2025-02-20 00:42:06,866 - INFO - Copied and removed: E:\backup\files\Users\USER\AppData\Roaming\Code - Insiders\User\globalStorage\github.vscode-codeql\distribution1\codeql\javascript\tools\typescript-parser-wrapper\node_modules\typescript\ThirdPartyNoticeText.txt -> C:\Users\USER/Documents/Harvested_Data\W11-Vik_USER\2025-02-20_00-42-06\ThirdPartyNoticeText_1af3c680.txt
2025-02-20 00:42:06,888 - INFO - Copied and removed: E:\backup\files\Users\USER\AppData\Roaming\Code - Insiders\User\globalStorage\github.vscode-codeql\distribution1\codeql\Open-Source-Notices\apache-2.0.txt -> C:\Users\USER/Documents/Harvested_Data\W11-Vik_USER\2025-02-20_00-42-06\apache-2.0_cfc7749b.txt
2025-02-20 00:42:06,905 - INFO - Copied and removed: E:\backup\files\Users\USER\AppData\Roaming\Code - Insiders\User\globalStorage\github.vscode-codeql\distribution1\codeql\Open-Source-Notices\bsd-2-clause.txt -> C:\Users\USER/Documents/Harvested_Data\W11-Vik_USER\2025-02-20_00-42-06\bsd-2-clause_74bacb08.txt
2025-02-20 00:42:06,921 - INFO - Copied and removed: E:\backup\files\Users\USER\AppData\Roaming\Code - Insiders\User\globalStorage\github.vscode-codeql\distribution1\codeql\Open-Source-Notices\bsd-3-clause.txt -> C:\Users\USER/Documents/Harvested_Data\W11-Vik_USER\2025-02-20_00-42-06\bsd-3-clause_09ee7fd2.txt
2025-02-20 00:42:06,932 - INFO - Copied and removed: E:\backup\files\Users\USER\AppData\Roaming\Code - Insiders\User\globalStorage\github.vscode-codeql\distribution1\codeql\Open-Source-Notices\cc-0.txt -> C:\Users\USER/Documents/Harvested_Data\W11-Vik_USER\2025-02-20_00-42-06\cc-0_a2010f34.txt
2025-02-20 00:42:06,953 - INFO - Copied and removed: E:\backup\files\Users\USER\AppData\Roaming\Code - Insiders\User\globalStorage\github.vscode-codeql\distribution1\codeql\Open-Source-Notices\cddl-gpl2.txt -> C:\Users\USER/Documents/Harvested_Data\W11-Vik_USER\2025-02-20_00-42-06\cddl-gpl2_fc949a4e.txt
2025-02-20 00:42:06,983 - INFO - Copied and removed: E:\backup\files\Users\USER\AppData\Roaming\Code - Insiders\User\globalStorage\github.vscode-codeql\distribution1\codeql\Open-Source-Notices\checker-framework-license.txt -> C:\Users\USER/Documents/Harvested_Data\W11-Vik_USER\2025-02-20_00-42-06\checker-framework-license_4749812a.txt
2025-02-20 00:42:07,001 - INFO - Copied and removed: E:\backup\files\Users\USER\AppData\Roaming\Code - Insiders\User\globalStorage\github.vscode-codeql\distribution1\codeql\Open-Source-Notices\eclipse-2.0.txt -> C:\Users\USER/Documents/Harvested_Data\W11-Vik_USER\2025-02-20_00-42-07\eclipse-2.0_0becf165.txt
2025-02-20 00:42:07,029 - INFO - Copied and removed: E:\backup\files\Users\USER\AppData\Roaming\Code - Insiders\User\globalStorage\github.vscode-codeql\distribution1\codeql\Open-Source-Notices\gpl-2.0+ce.txt -> C:\Users\USER/Documents/Harvested_Data\W11-Vik_USER\2025-02-20_00-42-07\gpl-2.0+ce_dcde5e4b.txt
2025-02-20 00:42:07,051 - INFO - Copied and removed: E:\backup\files\Users\USER\AppData\Roaming\Code - Insiders\User\globalStorage\github.vscode-codeql\distribution1\codeql\Open-Source-Notices\gpl-2.0.txt -> C:\Users\USER/Documents/Harvested_Data\W11-Vik_USER\2025-02-20_00-42-07\gpl-2.0_8177f975.txt
2025-02-20 00:42:07,071 - INFO - Copied and removed: E:\backup\files\Users\USER\AppData\Roaming\Code - Insiders\User\globalStorage\github.vscode-codeql\distribution1\codeql\Open-Source-Notices\lgpl-2.1.txt -> C:\Users\USER/Documents/Harvested_Data\W11-Vik_USER\2025-02-20_00-42-07\lgpl-2.1_dc626520.txt
2025-02-20 00:42:07,091 - INFO - Copied and removed: E:\backup\files\Users\USER\AppData\Roaming\Code - Insiders\User\globalStorage\github.vscode-codeql\distribution1\codeql\Open-Source-Notices\llvm-license.txt -> C:\Users\USER/Documents/Harvested_Data\W11-Vik_USER\2025-02-20_00-42-07\llvm-license_539dd7ae.txt
2025-02-20 00:42:07,109 - INFO - Copied and removed: E:\backup\files\Users\USER\AppData\Roaming\Code - Insiders\User\globalStorage\github.vscode-codeql\distribution1\codeql\Open-Source-Notices\lombok-notice.txt -> C:\Users\USER/Documents/Harvested_Data\W11-Vik_USER\2025-02-20_00-42-07\lombok-notice_76479448.txt
2025-02-20 00:42:07,126 - INFO - Copied and removed: E:\backup\files\Users\USER\AppData\Roaming\Code - Insiders\User\globalStorage\github.vscode-codeql\distribution1\codeql\Open-Source-Notices\luajit-license.txt -> C:\Users\USER/Documents/Harvested_Data\W11-Vik_USER\2025-02-20_00-42-07\luajit-license_a24620c4.txt
2025-02-20 00:42:07,142 - INFO - Copied and removed: E:\backup\files\Users\USER\AppData\Roaming\Code - Insiders\User\globalStorage\github.vscode-codeql\distribution1\codeql\Open-Source-Notices\mit.txt -> C:\Users\USER/Documents/Harvested_Data\W11-Vik_USER\2025-02-20_00-42-07\mit_4fef5c81.txt
2025-02-20 00:42:07,157 - INFO - Copied and removed: E:\backup\files\Users\USER\AppData\Roaming\Code - Insiders\User\globalStorage\github.vscode-codeql\distribution1\codeql\Open-Source-Notices\openldap.txt -> C:\Users\USER/Documents/Harvested_Data\W11-Vik_USER\2025-02-20_00-42-07\openldap_310fe25c.txt
2025-02-20 00:42:07,180 - INFO - Copied and removed: E:\backup\files\Users\USER\AppData\Roaming\Code - Insiders\User\globalStorage\github.vscode-codeql\distribution1\codeql\Open-Source-Notices\pmd.txt -> C:\Users\USER/Documents/Harvested_Data\W11-Vik_USER\2025-02-20_00-42-07\pmd_296dae48.txt
2025-02-20 00:42:07,197 - INFO - Copied and removed: E:\backup\files\Users\USER\AppData\Roaming\Code - Insiders\User\globalStorage\github.vscode-codeql\distribution1\codeql\Open-Source-Notices\python3.txt -> C:\Users\USER/Documents/Harvested_Data\W11-Vik_USER\2025-02-20_00-42-07\python3_41d32c93.txt
2025-02-20 00:42:07,213 - INFO - Copied and removed: E:\backup\files\Users\USER\AppData\Roaming\Code - Insiders\User\globalStorage\github.vscode-codeql\distribution1\codeql\Open-Source-Notices\snappy-notice.txt -> C:\Users\USER/Documents/Harvested_Data\W11-Vik_USER\2025-02-20_00-42-07\snappy-notice_52a60678.txt
2025-02-20 00:42:07,223 - INFO - Copied and removed: E:\backup\files\Users\USER\AppData\Roaming\Code - Insiders\User\globalStorage\github.vscode-codeql\distribution1\codeql\tools\win64\java\conf\security\policy\README.txt -> C:\Users\USER/Documents/Harvested_Data\W11-Vik_USER\2025-02-20_00-42-07\README_6da07473.txt
2025-02-20 00:42:07,241 - INFO - Copied and removed: E:\backup\files\Users\USER\AppData\Roaming\Cursor\logs\20250209T132802\sharedprocess.log -> C:\Users\USER/Documents/Harvested_Data\W11-Vik_USER\2025-02-20_00-42-07\sharedprocess_9b31f891.log
2025-02-20 00:42:07,264 - INFO - Copied and removed: E:\backup\files\Users\USER\AppData\Roaming\Cursor\logs\20250209T132802\window1\renderer.log -> C:\Users\USER/Documents/Harvested_Data\W11-Vik_USER\2025-02-20_00-42-07\renderer_dd0bade9.log
2025-02-20 00:42:07,283 - INFO - Copied and removed: E:\backup\files\Users\USER\AppData\Roaming\Cursor\logs\20250209T132802\window1\views.log -> C:\Users\USER/Documents/Harvested_Data\W11-Vik_USER\2025-02-20_00-42-07\views_42d19a18.log
2025-02-20 00:42:07,302 - INFO - Copied and removed: E:\backup\files\Users\USER\AppData\Roaming\Cursor\logs\20250209T132802\window1\exthost\exthost.log -> C:\Users\USER/Documents/Harvested_Data\W11-Vik_USER\2025-02-20_00-42-07\exthost_a0d3bcbc.log
2025-02-20 00:42:07,328 - INFO - Copied and removed: E:\backup\files\Users\USER\AppData\Roaming\Cursor\logs\20250209T132802\window1\exthost\anysphere.cursor-always-local\Cursor Tab.log -> C:\Users\USER/Documents/Harvested_Data\W11-Vik_USER\2025-02-20_00-42-07\Cursor Tab_e405fdbf.log
2025-02-20 00:42:07,353 - INFO - Copied and removed: E:\backup\files\Users\USER\AppData\Roaming\Cursor\logs\20250209T132802\window1\exthost\anysphere.cursor-always-local\Filesync.log -> C:\Users\USER/Documents/Harvested_Data\W11-Vik_USER\2025-02-20_00-42-07\Filesync_b49aa55a.log
2025-02-20 00:42:07,385 - INFO - Copied and removed: E:\backup\files\Users\USER\AppData\Roaming\Cursor\logs\20250209T132802\window1\exthost\anysphere.cursor-retrieval\Cursor Git Graph.log -> C:\Users\USER/Documents/Harvested_Data\W11-Vik_USER\2025-02-20_00-42-07\Cursor Git Graph_0ceb7db6.log
2025-02-20 00:42:07,408 - INFO - Copied and removed: E:\backup\files\Users\USER\AppData\Roaming\Cursor\logs\20250209T132802\window1\exthost\anysphere.cursor-retrieval\Cursor Indexing & Retrieval.log -> C:\Users\USER/Documents/Harvested_Data\W11-Vik_USER\2025-02-20_00-42-07\Cursor Indexing & Retrieval_2b6ad3ef.log
2025-02-20 00:42:07,428 - INFO - Copied and removed: E:\backup\files\Users\USER\AppData\Roaming\Cursor\logs\20250209T132802\window1\exthost\vscode.git\Git.log -> C:\Users\USER/Documents/Harvested_Data\W11-Vik_USER\2025-02-20_00-42-07\Git_ae2e7ce5.log
2025-02-20 00:42:07,442 - INFO - Copied and removed: E:\backup\files\Users\USER\AppData\Roaming\Cursor\logs\20250209T132802\window1\exthost\vscode.github-authentication\GitHub Authentication.log -> C:\Users\USER/Documents/Harvested_Data\W11-Vik_USER\2025-02-20_00-42-07\GitHub Authentication_4f2046ba.log
2025-02-20 00:42:07,466 - INFO - Copied and removed: E:\backup\files\Users\USER\AppData\Roaming\Cursor\logs\20250209T181253\window1\renderer.log -> C:\Users\USER/Documents/Harvested_Data\W11-Vik_USER\2025-02-20_00-42-07\renderer_f289f394.log
2025-02-20 00:42:07,484 - INFO - Copied and removed: E:\backup\files\Users\USER\AppData\Roaming\Cursor\logs\20250209T181253\window1\views.log -> C:\Users\USER/Documents/Harvested_Data\W11-Vik_USER\2025-02-20_00-42-07\views_ae6a4272.log
2025-02-20 00:42:07,506 - INFO - Copied and removed: E:\backup\files\Users\USER\AppData\Roaming\Cursor\logs\20250209T181253\window1\exthost\exthost.log -> C:\Users\USER/Documents/Harvested_Data\W11-Vik_USER\2025-02-20_00-42-07\exthost_356bb25d.log
2025-02-20 00:42:07,528 - INFO - Copied and removed: E:\backup\files\Users\USER\AppData\Roaming\Cursor\logs\20250209T181253\window1\exthost\anysphere.cursor-always-local\Cursor Tab.log -> C:\Users\USER/Documents/Harvested_Data\W11-Vik_USER\2025-02-20_00-42-07\Cursor Tab_a20b1fbf.log
2025-02-20 00:42:07,566 - INFO - Copied and removed: E:\backup\files\Users\USER\AppData\Roaming\Cursor\logs\20250209T181253\window1\exthost\anysphere.cursor-always-local\Filesync.log -> C:\Users\USER/Documents/Harvested_Data\W11-Vik_USER\2025-02-20_00-42-07\Filesync_fe31881e.log
2025-02-20 00:42:07,589 - INFO - Copied and removed: E:\backup\files\Users\USER\AppData\Roaming\Cursor\logs\20250209T181253\window1\exthost\anysphere.cursor-retrieval\Cursor Git Graph.log -> C:\Users\USER/Documents/Harvested_Data\W11-Vik_USER\2025-02-20_00-42-07\Cursor Git Graph_987add12.log
2025-02-20 00:42:07,615 - INFO - Copied and removed: E:\backup\files\Users\USER\AppData\Roaming\Cursor\logs\20250209T181253\window1\exthost\anysphere.cursor-retrieval\Cursor Indexing & Retrieval.log -> C:\Users\USER/Documents/Harvested_Data\W11-Vik_USER\2025-02-20_00-42-07\Cursor Indexing & Retrieval_1a06dbba.log
2025-02-20 00:42:07,637 - INFO - Copied and removed: E:\backup\files\Users\USER\AppData\Roaming\Cursor\logs\20250209T181253\window1\exthost\vscode.git\Git.log -> C:\Users\USER/Documents/Harvested_Data\W11-Vik_USER\2025-02-20_00-42-07\Git_24800b98.log
2025-02-20 00:42:07,654 - INFO - Copied and removed: E:\backup\files\Users\USER\AppData\Roaming\Cursor\logs\20250209T181253\window1\exthost\vscode.github-authentication\GitHub Authentication.log -> C:\Users\USER/Documents/Harvested_Data\W11-Vik_USER\2025-02-20_00-42-07\GitHub Authentication_3a2c366d.log
2025-02-20 00:42:07,673 - INFO - Copied and removed: E:\backup\files\Users\USER\AppData\Roaming\Cursor\logs\20250212T155458\window1\renderer.log -> C:\Users\USER/Documents/Harvested_Data\W11-Vik_USER\2025-02-20_00-42-07\renderer_6732c9ec.log
2025-02-20 00:42:07,689 - INFO - Copied and removed: E:\backup\files\Users\USER\AppData\Roaming\Cursor\logs\20250212T155458\window1\views.log -> C:\Users\USER/Documents/Harvested_Data\W11-Vik_USER\2025-02-20_00-42-07\views_48932a36.log
2025-02-20 00:42:07,705 - INFO - Copied and removed: E:\backup\files\Users\USER\AppData\Roaming\Cursor\logs\20250217T094441\window1\renderer.log -> C:\Users\USER/Documents/Harvested_Data\W11-Vik_USER\2025-02-20_00-42-07\renderer_e7f43040.log
2025-02-20 00:42:07,722 - INFO - Copied and removed: E:\backup\files\Users\USER\AppData\Roaming\Cursor\logs\20250217T094441\window1\views.log -> C:\Users\USER/Documents/Harvested_Data\W11-Vik_USER\2025-02-20_00-42-07\views_3b772331.log
2025-02-20 00:42:07,746 - INFO - Copied and removed: E:\backup\files\Users\USER\AppData\Roaming\Cursor\User\workspaceStorage\dbe5943ce9e5d77f1d3bce3418c2e7ca\anysphere.cursor-retrieval\high_level_folder_description.txt -> C:\Users\USER/Documents/Harvested_Data\W11-Vik_USER\2025-02-20_00-42-07\high_level_folder_description_22f87220.txt
2025-02-20 00:42:07,862 - INFO - Copied and removed: E:\backup\files\Users\USER\AppData\Roaming\discord\logs\discord_hook.1.log -> C:\Users\USER/Documents/Harvested_Data\W11-Vik_USER\2025-02-20_00-42-07\discord_hook.1_95bb44e9.log
2025-02-20 00:42:07,959 - INFO - Copied and removed: E:\backup\files\Users\USER\AppData\Roaming\discord\logs\discord_hook.log -> C:\Users\USER/Documents/Harvested_Data\W11-Vik_USER\2025-02-20_00-42-07\discord_hook_e7b9ebcd.log
2025-02-20 00:42:07,979 - INFO - Copied and removed: E:\backup\files\Users\USER\AppData\Roaming\discord\logs\discord_krisp.log -> C:\Users\USER/Documents/Harvested_Data\W11-Vik_USER\2025-02-20_00-42-07\discord_krisp_17f794d4.log
2025-02-20 00:42:07,993 - INFO - Copied and removed: E:\backup\files\Users\USER\AppData\Roaming\discord\logs\discord_media_r2025-02-18_20-44-09.log -> C:\Users\USER/Documents/Harvested_Data\W11-Vik_USER\2025-02-20_00-42-07\discord_media_r2025-02-18_20-44-09_d35b8024.log
2025-02-20 00:42:08,002 - INFO - Copied and removed: E:\backup\files\Users\USER\AppData\Roaming\discord\logs\discord_media_rCURRENT.log -> C:\Users\USER/Documents/Harvested_Data\W11-Vik_USER\2025-02-20_00-42-07\discord_media_rCURRENT_d35b8024.log
2025-02-20 00:42:08,069 - INFO - Copied and removed: E:\backup\files\Users\USER\AppData\Roaming\discord\logs\Discord_updater_r00000.log -> C:\Users\USER/Documents/Harvested_Data\W11-Vik_USER\2025-02-20_00-42-08\Discord_updater_r00000_f3f6dd18.log
2025-02-20 00:42:08,101 - INFO - Copied and removed: E:\backup\files\Users\USER\AppData\Roaming\discord\logs\Discord_updater_rCURRENT.log -> C:\Users\USER/Documents/Harvested_Data\W11-Vik_USER\2025-02-20_00-42-08\Discord_updater_rCURRENT_3770a2c6.log
2025-02-20 00:42:08,119 - INFO - Copied and removed: E:\backup\files\Users\USER\AppData\Roaming\discord\logs\discord_utils.log -> C:\Users\USER/Documents/Harvested_Data\W11-Vik_USER\2025-02-20_00-42-08\discord_utils_13adda2c.log
2025-02-20 00:42:08,306 - INFO - Copied and removed: E:\backup\files\Users\USER\AppData\Roaming\discord\logs\renderer_js.log -> C:\Users\USER/Documents/Harvested_Data\W11-Vik_USER\2025-02-20_00-42-08\renderer_js_feecc4de.log
2025-02-20 00:42:08,374 - INFO - Copied and removed: E:\backup\files\Users\USER\AppData\Roaming\discord\module_data\crashlogs\2_6_2025__6_25_58_AM_PST-0-events.log -> C:\Users\USER/Documents/Harvested_Data\W11-Vik_USER\2025-02-20_00-42-08\2_6_2025__6_25_58_AM_PST-0-events_2b9faa3e.log
2025-02-20 00:42:08,390 - INFO - Copied and removed: E:\backup\files\Users\USER\AppData\Roaming\discord\Session Storage\000003.log -> C:\Users\USER/Documents/Harvested_Data\W11-Vik_USER\2025-02-20_00-42-08\000003_c1b5edbc.log
2025-02-20 00:42:08,404 - INFO - Copied and removed: E:\backup\files\Users\USER\AppData\Roaming\discord\shared_proto_db\000003.log -> C:\Users\USER/Documents/Harvested_Data\W11-Vik_USER\2025-02-20_00-42-08\000003_c9ef6b0e.log
2025-02-20 00:42:08,416 - INFO - Copied and removed: E:\backup\files\Users\USER\AppData\Roaming\discord\WebStorage\1\IndexedDB\indexeddb.leveldb\000004.log -> C:\Users\USER/Documents/Harvested_Data\W11-Vik_USER\2025-02-20_00-42-08\000004_31f24276.log
2025-02-20 00:42:08,435 - INFO - Copied and removed: E:\backup\files\Users\USER\AppData\Roaming\discord\WebStorage\2\IndexedDB\indexeddb.leveldb\000003.log -> C:\Users\USER/Documents/Harvested_Data\W11-Vik_USER\2025-02-20_00-42-08\000003_de1e1416.log
2025-02-20 00:42:08,447 - INFO - Copied and removed: E:\backup\files\Users\USER\AppData\Roaming\discord\WebStorage\3\IndexedDB\indexeddb.leveldb\000003.log -> C:\Users\USER/Documents/Harvested_Data\W11-Vik_USER\2025-02-20_00-42-08\000003_1cf0220a.log
2025-02-20 00:42:08,481 - INFO - Copied and removed: E:\backup\files\Users\USER\AppData\Roaming\EasyAntiCheat\d42d7101bb7a41c09a810ee418b7d3d0\8bedfebaf56f406ebab78986ada3f9b3\anticheatlauncher.log -> C:\Users\USER/Documents/Harvested_Data\W11-Vik_USER\2025-02-20_00-42-08\anticheatlauncher_cd7580ae.log
2025-02-20 00:42:08,504 - INFO - Copied and removed: E:\backup\files\Users\USER\AppData\Roaming\IObit\Driver Booster\Logs\AutoUpdate\20250206.log -> C:\Users\USER/Documents/Harvested_Data\W11-Vik_USER\2025-02-20_00-42-08\20250206_1a7a4655.log
2025-02-20 00:42:08,527 - INFO - Copied and removed: E:\backup\files\Users\USER\AppData\Roaming\IObit\Driver Booster\Logs\AutoUpdate\20250207.log -> C:\Users\USER/Documents/Harvested_Data\W11-Vik_USER\2025-02-20_00-42-08\20250207_ac9299d4.log
2025-02-20 00:42:08,549 - INFO - Copied and removed: E:\backup\files\Users\USER\AppData\Roaming\IObit\Driver Booster\Logs\AutoUpdate\20250208.log -> C:\Users\USER/Documents/Harvested_Data\W11-Vik_USER\2025-02-20_00-42-08\20250208_a3205db8.log
2025-02-20 00:42:08,568 - INFO - Copied and removed: E:\backup\files\Users\USER\AppData\Roaming\IObit\Driver Booster\Logs\AutoUpdate\20250209.log -> C:\Users\USER/Documents/Harvested_Data\W11-Vik_USER\2025-02-20_00-42-08\20250209_164cceb7.log
2025-02-20 00:42:08,591 - INFO - Copied and removed: E:\backup\files\Users\USER\AppData\Roaming\IObit\Driver Booster\Logs\AutoUpdate\20250210.log -> C:\Users\USER/Documents/Harvested_Data\W11-Vik_USER\2025-02-20_00-42-08\20250210_9f77c57f.log
2025-02-20 00:42:08,620 - INFO - Copied and removed: E:\backup\files\Users\USER\AppData\Roaming\IObit\Driver Booster\Logs\AutoUpdate\20250211.log -> C:\Users\USER/Documents/Harvested_Data\W11-Vik_USER\2025-02-20_00-42-08\20250211_ce5b50de.log
2025-02-20 00:42:08,647 - INFO - Copied and removed: E:\backup\files\Users\USER\AppData\Roaming\IObit\Driver Booster\Logs\AutoUpdate\20250212.log -> C:\Users\USER/Documents/Harvested_Data\W11-Vik_USER\2025-02-20_00-42-08\20250212_62fb26d6.log
2025-02-20 00:42:08,669 - INFO - Copied and removed: E:\backup\files\Users\USER\AppData\Roaming\IObit\Driver Booster\Logs\Fix\HVCIFix_popup.log -> C:\Users\USER/Documents/Harvested_Data\W11-Vik_USER\2025-02-20_00-42-08\HVCIFix_popup_09cb9b23.log
2025-02-20 00:42:08,692 - INFO - Copied and removed: E:\backup\files\Users\USER\AppData\Roaming\IObit\Driver Booster\Logs\Fix\NetFixTool.log -> C:\Users\USER/Documents/Harvested_Data\W11-Vik_USER\2025-02-20_00-42-08\NetFixTool_b9bc4d7f.log
2025-02-20 00:42:08,725 - INFO - Copied and removed: E:\backup\files\Users\USER\AppData\Roaming\IObit\Driver Booster\Logs\Install\DbzInst.log -> C:\Users\USER/Documents/Harvested_Data\W11-Vik_USER\2025-02-20_00-42-08\DbzInst_e5e3d4dc.log
2025-02-20 00:42:08,756 - INFO - Copied and removed: E:\backup\files\Users\USER\AppData\Roaming\IObit\Driver Booster\Logs\Install\DpinstX.log -> C:\Users\USER/Documents/Harvested_Data\W11-Vik_USER\2025-02-20_00-42-08\DpinstX_9e6fa9b2.log
2025-02-20 00:42:08,778 - INFO - Copied and removed: E:\backup\files\Users\USER\AppData\Roaming\IObit\Driver Booster\Logs\Installed\Installed.log -> C:\Users\USER/Documents/Harvested_Data\W11-Vik_USER\2025-02-20_00-42-08\Installed_9ec51480.log
2025-02-20 00:42:08,804 - INFO - Copied and removed: E:\backup\files\Users\USER\AppData\Roaming\IObit\Driver Booster\Logs\Main\20250206.log -> C:\Users\USER/Documents/Harvested_Data\W11-Vik_USER\2025-02-20_00-42-08\20250206_ef8bbe11.log
2025-02-20 00:42:08,828 - INFO - Copied and removed: E:\backup\files\Users\USER\AppData\Roaming\IObit\Driver Booster\Logs\Main\20250207.log -> C:\Users\USER/Documents/Harvested_Data\W11-Vik_USER\2025-02-20_00-42-08\20250207_f5f4283d.log
2025-02-20 00:42:08,846 - INFO - Copied and removed: E:\backup\files\Users\USER\AppData\Roaming\IObit\Driver Booster\Logs\Main\20250208.log -> C:\Users\USER/Documents/Harvested_Data\W11-Vik_USER\2025-02-20_00-42-08\20250208_2b7a767b.log
2025-02-20 00:42:08,863 - INFO - Copied and removed: E:\backup\files\Users\USER\AppData\Roaming\IObit\Driver Booster\Logs\Main\20250211.log -> C:\Users\USER/Documents/Harvested_Data\W11-Vik_USER\2025-02-20_00-42-08\20250211_5e90f07d.log
2025-02-20 00:42:08,886 - INFO - Copied and removed: E:\backup\files\Users\USER\AppData\Roaming\IObit\Driver Booster\Logs\Main\20250212.log -> C:\Users\USER/Documents/Harvested_Data\W11-Vik_USER\2025-02-20_00-42-08\20250212_8ae8a908.log
2025-02-20 00:42:08,915 - INFO - Copied and removed: E:\backup\files\Users\USER\AppData\Roaming\IObit\Driver Booster\Logs\Scan\20250206.log -> C:\Users\USER/Documents/Harvested_Data\W11-Vik_USER\2025-02-20_00-42-08\20250206_dd9f4d99.log
2025-02-20 00:42:08,942 - INFO - Copied and removed: E:\backup\files\Users\USER\AppData\Roaming\IObit\Driver Booster\Logs\Scan\20250212.log -> C:\Users\USER/Documents/Harvested_Data\W11-Vik_USER\2025-02-20_00-42-08\20250212_51ab0a0d.log
2025-02-20 00:42:08,981 - INFO - Copied and removed: E:\backup\files\Users\USER\AppData\Roaming\IObit\Driver Booster\Logs\Scheduler\Scheduler.log -> C:\Users\USER/Documents/Harvested_Data\W11-Vik_USER\2025-02-20_00-42-08\Scheduler_90669a98.log
2025-02-20 00:42:09,028 - INFO - Copied and removed: E:\backup\files\Users\USER\AppData\Roaming\Microsoft\Windows\PowerShell\PSReadLine\ConsoleHost_history.txt -> C:\Users\USER/Documents/Harvested_Data\W11-Vik_USER\2025-02-20_00-42-09\ConsoleHost_history_5b01f4bd.txt
2025-02-20 00:42:09,047 - INFO - Copied and removed: E:\backup\files\Users\USER\AppData\Roaming\obsidian\obsidian.log -> C:\Users\USER/Documents/Harvested_Data\W11-Vik_USER\2025-02-20_00-42-09\obsidian_eeb66665.log
2025-02-20 00:42:09,135 - INFO - Copied and removed: E:\backup\files\Users\USER\AppData\Roaming\obsidian\IndexedDB\app_obsidian.md_0.indexeddb.leveldb\000004.log -> C:\Users\USER/Documents/Harvested_Data\W11-Vik_USER\2025-02-20_00-42-09\000004_831ae157.log
2025-02-20 00:42:09,150 - INFO - Copied and removed: E:\backup\files\Users\USER\AppData\Roaming\obsidian\Local Storage\leveldb\000003.log -> C:\Users\USER/Documents/Harvested_Data\W11-Vik_USER\2025-02-20_00-42-09\000003_4b8a8ca3.log
2025-02-20 00:42:09,169 - INFO - Copied and removed: E:\backup\files\Users\USER\AppData\Roaming\Proton Pass\logs\main.log -> C:\Users\USER/Documents/Harvested_Data\W11-Vik_USER\2025-02-20_00-42-09\main_cfe74a6e.log
2025-02-20 00:42:09,182 - INFO - Copied and removed: E:\backup\files\Users\USER\AppData\Roaming\riot-client-ux\Local Storage\leveldb\000003.log -> C:\Users\USER/Documents/Harvested_Data\W11-Vik_USER\2025-02-20_00-42-09\000003_eaa10803.log
2025-02-20 00:42:09,200 - INFO - Copied and removed: E:\backup\files\Users\USER\AppData\Roaming\riot-client-ux\Session Storage\000003.log -> C:\Users\USER/Documents/Harvested_Data\W11-Vik_USER\2025-02-20_00-42-09\000003_f925d046.log
2025-02-20 00:42:10,083 - INFO - Copied and removed: E:\backup\files\Users\USER\AppData\Roaming\RustDesk\log\rustdesk_rCURRENT.log -> C:\Users\USER/Documents/Harvested_Data\W11-Vik_USER\2025-02-20_00-42-10\rustdesk_rCURRENT_3571ead6.log
2025-02-20 00:42:10,101 - INFO - Copied and removed: E:\backup\files\Users\USER\AppData\Roaming\RustDesk\log\check-hwcodec-config\rustdesk_rCURRENT.log -> C:\Users\USER/Documents/Harvested_Data\W11-Vik_USER\2025-02-20_00-42-10\rustdesk_rCURRENT_5c184885.log
2025-02-20 00:42:10,116 - INFO - Copied and removed: E:\backup\files\Users\USER\AppData\Roaming\steelseries-gg-client\Local Storage\leveldb\000003.log -> C:\Users\USER/Documents/Harvested_Data\W11-Vik_USER\2025-02-20_00-42-10\000003_4f0c6f5d.log
2025-02-20 00:42:10,129 - INFO - Copied and removed: E:\backup\files\Users\USER\AppData\Roaming\steelseries-gg-client\Session Storage\000003.log -> C:\Users\USER/Documents/Harvested_Data\W11-Vik_USER\2025-02-20_00-42-10\000003_8b0521c7.log
2025-02-20 00:42:10,146 - INFO - Copied and removed: E:\backup\files\Users\USER\AppData\Roaming\Wave\Local Storage\leveldb\000003.log -> C:\Users\USER/Documents/Harvested_Data\W11-Vik_USER\2025-02-20_00-42-10\000003_4bbcfd57.log
2025-02-20 00:42:10,169 - INFO - Copied and removed: E:\backup\files\Users\USER\AppData\Roaming\zen\Profiles\glz1c8lk.Default (release)\serviceworker.txt -> C:\Users\USER/Documents/Harvested_Data\W11-Vik_USER\2025-02-20_00-42-10\serviceworker_9285234f.txt
2025-02-20 00:42:10,192 - INFO - Copied and removed: E:\backup\files\Users\USER\AppData\Roaming\zen\Profiles\glz1c8lk.Default (release)\weave\logs\error-sync-1739440801110.txt -> C:\Users\USER/Documents/Harvested_Data\W11-Vik_USER\2025-02-20_00-42-10\error-sync-1739440801110_13be39d7.txt
2025-02-20 00:42:10,213 - INFO - Copied and removed: E:\backup\files\Users\USER\AppData\Roaming\zen\Profiles\glz1c8lk.Default (release)\weave\logs\error-sync-1739878517444.txt -> C:\Users\USER/Documents/Harvested_Data\W11-Vik_USER\2025-02-20_00-42-10\error-sync-1739878517444_519b6a6b.txt
2025-02-20 00:42:10,228 - INFO - Copied and removed: E:\backup\files\Users\USER\Downloads\El compromiso de un equipo.docx -> C:\Users\USER/Documents/Harvested_Data\W11-Vik_USER\2025-02-20_00-42-10\El compromiso de un equipo_9054b905.docx
2025-02-20 00:42:10,244 - INFO - Copied and removed: E:\backup\files\Users\USER\Downloads\SomosUnEquipotrabajo.docx -> C:\Users\USER/Documents/Harvested_Data\W11-Vik_USER\2025-02-20_00-42-10\SomosUnEquipotrabajo_594c1b25.docx
2025-02-20 00:42:10,441 - INFO - Copied and removed: E:\backup\files\Users\USER\Downloads\kali-linux-2024.4-virtualbox-amd64\kali-linux-2024.4-virtualbox-amd64\Logs\VBox.log -> C:\Users\USER/Documents/Harvested_Data\W11-Vik_USER\2025-02-20_00-42-10\VBox_161e35a6.log
2025-02-20 00:42:10,545 - INFO - Copied and removed: E:\backup\files\Users\USER\Downloads\kali-linux-2024.4-virtualbox-amd64\kali-linux-2024.4-virtualbox-amd64\Logs\VBoxHardening.log -> C:\Users\USER/Documents/Harvested_Data\W11-Vik_USER\2025-02-20_00-42-10\VBoxHardening_d81b5960.log
2025-02-20 00:42:10,566 - INFO - Copied and removed: E:\backup\files\Users\USER\OneDrive\1.Ponce_Vivancos.Rafael.docx -> C:\Users\USER/Documents/Harvested_Data\W11-Vik_USER\2025-02-20_00-42-10\1.Ponce_Vivancos.Rafael_baf6d488.docx
2025-02-20 00:42:10,586 - INFO - Copied and removed: E:\backup\files\Users\USER\OneDrive\Document 2.docx -> C:\Users\USER/Documents/Harvested_Data\W11-Vik_USER\2025-02-20_00-42-10\Document 2_bf035839.docx
2025-02-20 00:42:10,602 - INFO - Copied and removed: E:\backup\files\Users\USER\OneDrive\Document.docx -> C:\Users\USER/Documents/Harvested_Data\W11-Vik_USER\2025-02-20_00-42-10\Document_095277e1.docx
2025-02-20 00:42:10,668 - INFO - Copied and removed: E:\backup\files\Users\USER\OneDrive\Documentos\Arduino\hardware\spresif\esp32\boards.txt -> C:\Users\USER/Documents/Harvested_Data\W11-Vik_USER\2025-02-20_00-42-10\boards_a4d70b68.txt
2025-02-20 00:42:10,681 - INFO - Copied and removed: E:\backup\files\Users\USER\OneDrive\Documentos\Arduino\hardware\spresif\esp32\libraries\HTTPUpdate\keywords.txt -> C:\Users\USER/Documents/Harvested_Data\W11-Vik_USER\2025-02-20_00-42-10\keywords_8aa2109b.txt
2025-02-20 00:42:10,697 - INFO - Copied and removed: E:\backup\files\Users\USER\OneDrive\Documentos\Arduino\hardware\spresif\esp32\libraries\I2S\keywords.txt -> C:\Users\USER/Documents/Harvested_Data\W11-Vik_USER\2025-02-20_00-42-10\keywords_37fe2b66.txt
2025-02-20 00:42:10,704 - INFO - Copied and removed: E:\backup\files\Users\USER\OneDrive\Documentos\Arduino\hardware\spresif\esp32\libraries\Preferences\keywords.txt -> C:\Users\USER/Documents/Harvested_Data\W11-Vik_USER\2025-02-20_00-42-10\keywords_3e9535b3.txt
2025-02-20 00:42:10,720 - INFO - Copied and removed: E:\backup\files\Users\USER\OneDrive\Documentos\Arduino\hardware\spresif\esp32\libraries\WiFi\keywords.txt -> C:\Users\USER/Documents/Harvested_Data\W11-Vik_USER\2025-02-20_00-42-10\keywords_4cada684.txt
2025-02-20 00:42:10,739 - INFO - Copied and removed: E:\backup\files\Users\USER\OneDrive\Documentos\Arduino\libraries\ArduinoBLE\keywords.txt -> C:\Users\USER/Documents/Harvested_Data\W11-Vik_USER\2025-02-20_00-42-10\keywords_faa625e0.txt
2025-02-20 00:42:10,757 - INFO - Copied and removed: E:\backup\files\Users\USER\OneDrive\Documentos\Arduino\libraries\ArduinoBLE\extras\test\CMakeLists.txt -> C:\Users\USER/Documents/Harvested_Data\W11-Vik_USER\2025-02-20_00-42-10\CMakeLists_0e033573.txt
2025-02-20 00:42:10,775 - INFO - Copied and removed: E:\backup\files\Users\USER\OneDrive\Documentos\Arduino\libraries\ArduinoJson\LICENSE.txt -> C:\Users\USER/Documents/Harvested_Data\W11-Vik_USER\2025-02-20_00-42-10\LICENSE_df606e01.txt
2025-02-20 00:42:10,794 - INFO - Copied and removed: E:\backup\files\Users\USER\OneDrive\Documentos\Arduino\libraries\ArduinoJson\extras\fuzzing\CMakeLists.txt -> C:\Users\USER/Documents/Harvested_Data\W11-Vik_USER\2025-02-20_00-42-10\CMakeLists_7dac2e5f.txt
2025-02-20 00:42:10,812 - INFO - Copied and removed: E:\backup\files\Users\USER\OneDrive\Documentos\Arduino\libraries\ArduinoJson\src\CMakeLists.txt -> C:\Users\USER/Documents/Harvested_Data\W11-Vik_USER\2025-02-20_00-42-10\CMakeLists_8acd797f.txt
2025-02-20 00:42:10,834 - INFO - Copied and removed: E:\backup\files\Users\USER\OneDrive\Documentos\Arduino\libraries\Arduino_JSON\LICENSE.txt -> C:\Users\USER/Documents/Harvested_Data\W11-Vik_USER\2025-02-20_00-42-10\LICENSE_20c17d8b.txt
2025-02-20 00:42:10,853 - INFO - Copied and removed: E:\backup\files\Users\USER\OneDrive\Documentos\Arduino\libraries\FastLED\keywords.txt -> C:\Users\USER/Documents/Harvested_Data\W11-Vik_USER\2025-02-20_00-42-10\keywords_daffd374.txt
2025-02-20 00:42:10,872 - INFO - Copied and removed: E:\backup\files\Users\USER\OneDrive\Documentos\Arduino\libraries\FastLED\src\platforms\wasm\compiler\CMakeLists.txt -> C:\Users\USER/Documents/Harvested_Data\W11-Vik_USER\2025-02-20_00-42-10\CMakeLists_7a4dfd0b.txt
2025-02-20 00:42:10,890 - INFO - Copied and removed: E:\backup\files\Users\USER\OneDrive\Documentos\Arduino\libraries\FastLED\src\platforms\wasm\compiler\CMakeLists_archive_lib.txt -> C:\Users\USER/Documents/Harvested_Data\W11-Vik_USER\2025-02-20_00-42-10\CMakeLists_archive_lib_1503dc5d.txt
2025-02-20 00:42:10,914 - INFO - Copied and removed: E:\backup\files\Users\USER\OneDrive\Documentos\Arduino\libraries\FastLED\tests\CMakeLists.txt -> C:\Users\USER/Documents/Harvested_Data\W11-Vik_USER\2025-02-20_00-42-10\CMakeLists_32aaa4dd.txt
2025-02-20 00:42:10,932 - INFO - Copied and removed: E:\backup\files\Users\USER\OneDrive\Documentos\Arduino\libraries\lvgl\CMakeLists.txt -> C:\Users\USER/Documents/Harvested_Data\W11-Vik_USER\2025-02-20_00-42-10\CMakeLists_fec2e295.txt
2025-02-20 00:42:10,948 - INFO - Copied and removed: E:\backup\files\Users\USER\OneDrive\Documentos\Arduino\libraries\lvgl\LICENCE.txt -> C:\Users\USER/Documents/Harvested_Data\W11-Vik_USER\2025-02-20_00-42-10\LICENCE_6a916130.txt
2025-02-20 00:42:10,964 - INFO - Copied and removed: E:\backup\files\Users\USER\OneDrive\Documentos\Arduino\libraries\lvgl\env_support\cmsis-pack\lv_cmsis_pack.txt -> C:\Users\USER/Documents/Harvested_Data\W11-Vik_USER\2025-02-20_00-42-10\lv_cmsis_pack_362408cb.txt
2025-02-20 00:42:10,980 - INFO - Copied and removed: E:\backup\files\Users\USER\OneDrive\Documentos\Arduino\libraries\lvgl\env_support\cmsis-pack\lv_os_custom_c.txt -> C:\Users\USER/Documents/Harvested_Data\W11-Vik_USER\2025-02-20_00-42-10\lv_os_custom_c_c1a0af86.txt
2025-02-20 00:42:11,002 - INFO - Copied and removed: E:\backup\files\Users\USER\OneDrive\Documentos\Arduino\libraries\lvgl\tests\CMakeLists.txt -> C:\Users\USER/Documents/Harvested_Data\W11-Vik_USER\2025-02-20_00-42-10\CMakeLists_d6c105cc.txt
2025-02-20 00:42:11,020 - INFO - Copied and removed: E:\backup\files\Users\USER\OneDrive\Documentos\Arduino\libraries\lvgl\tests\src\test_files\fonts\noto\OFL.txt -> C:\Users\USER/Documents/Harvested_Data\W11-Vik_USER\2025-02-20_00-42-11\OFL_1778d919.txt
2025-02-20 00:42:11,039 - INFO - Copied and removed: E:\backup\files\Users\USER\OneDrive\Documentos\Arduino\libraries\lvgl\tests\src\test_files\fonts\noto\README.txt -> C:\Users\USER/Documents/Harvested_Data\W11-Vik_USER\2025-02-20_00-42-11\README_adb7cd6c.txt
2025-02-20 00:42:11,058 - INFO - Copied and removed: E:\backup\files\Users\USER\OneDrive\Documentos\Arduino\libraries\TFT_eSPI\keywords.txt -> C:\Users\USER/Documents/Harvested_Data\W11-Vik_USER\2025-02-20_00-42-11\keywords_60c3dfe1.txt
2025-02-20 00:42:11,081 - INFO - Copied and removed: E:\backup\files\Users\USER\OneDrive\Documentos\Arduino\libraries\TFT_eSPI\license.txt -> C:\Users\USER/Documents/Harvested_Data\W11-Vik_USER\2025-02-20_00-42-11\license_f79bffc8.txt
2025-02-20 00:42:11,102 - INFO - Copied and removed: E:\backup\files\Users\USER\OneDrive\Documentos\Arduino\libraries\TFT_eSPI\docs\ESP-IDF\Using ESP-IDF.txt -> C:\Users\USER/Documents/Harvested_Data\W11-Vik_USER\2025-02-20_00-42-11\Using ESP-IDF_0aa0bc5e.txt
2025-02-20 00:42:11,119 - INFO - Copied and removed: E:\backup\files\Users\USER\OneDrive\Documentos\Arduino\libraries\TFT_eSPI\docs\PlatformIO\Configuring options.txt -> C:\Users\USER/Documents/Harvested_Data\W11-Vik_USER\2025-02-20_00-42-11\Configuring options_9d74835d.txt
2025-02-20 00:42:11,134 - INFO - Copied and removed: E:\backup\files\Users\USER\OneDrive\Documentos\Arduino\libraries\TFT_eSPI\docs\PlatformIO\rp2040.txt -> C:\Users\USER/Documents/Harvested_Data\W11-Vik_USER\2025-02-20_00-42-11\rp2040_645071d8.txt
2025-02-20 00:42:11,152 - INFO - Copied and removed: E:\backup\files\Users\USER\OneDrive\Documentos\Arduino\libraries\TFT_eSPI\Fonts\GFXFF\license.txt -> C:\Users\USER/Documents/Harvested_Data\W11-Vik_USER\2025-02-20_00-42-11\license_88fbd81b.txt
2025-02-20 00:42:11,166 - INFO - Copied and removed: E:\backup\files\Users\USER\OneDrive\Documentos\Arduino\libraries\TFT_eSPI\Fonts\GFXFF\print.txt -> C:\Users\USER/Documents/Harvested_Data\W11-Vik_USER\2025-02-20_00-42-11\print_3e1f68f8.txt
2025-02-20 00:42:11,187 - INFO - Copied and removed: E:\backup\files\Users\USER\OneDrive - UFV\A Breakdown on the  Cyber Resilience Act (CRA).docx -> C:\Users\USER/Documents/Harvested_Data\W11-Vik_USER\2025-02-20_00-42-11\A Breakdown on the  Cyber Resilience Act (CRA)_baf9ed3d.docx
2025-02-20 00:42:11,208 - INFO - Copied and removed: E:\backup\files\Users\USER\OneDrive - UFV\A Breakdown on the Cyber Resilience Act (CRA).docx -> C:\Users\USER/Documents/Harvested_Data\W11-Vik_USER\2025-02-20_00-42-11\A Breakdown on the Cyber Resilience Act (CRA)_ca32d5d4.docx
2025-02-20 00:42:11,232 - INFO - Copied and removed: E:\backup\files\Users\USER\OneDrive - UFV\Analysis on Targets 2013 Data Breach.docx -> C:\Users\USER/Documents/Harvested_Data\W11-Vik_USER\2025-02-20_00-42-11\Analysis on Targets 2013 Data Breach_be4f3f4e.docx
2025-02-20 00:42:11,251 - INFO - Copied and removed: E:\backup\files\Users\USER\OneDrive - UFV\Network Lab.docx -> C:\Users\USER/Documents/Harvested_Data\W11-Vik_USER\2025-02-20_00-42-11\Network Lab_aa28bd9e.docx
2025-02-20 00:42:11,267 - INFO - Copied and removed: E:\backup\files\Users\USER\OneDrive - UFV\Propuesta ideas IFEMA (AULA).docx -> C:\Users\USER/Documents/Harvested_Data\W11-Vik_USER\2025-02-20_00-42-11\Propuesta ideas IFEMA (AULA)_7e0d8b9d.docx
2025-02-20 00:42:11,301 - INFO - Copied and removed: E:\backup\files\Users\USER\OneDrive - UFV\TG_Caso2.Grupo7_24.25.docx -> C:\Users\USER/Documents/Harvested_Data\W11-Vik_USER\2025-02-20_00-42-11\TG_Caso2.Grupo7_24.25_34180668.docx
2025-02-20 00:42:11,366 - INFO - Copied and removed: E:\backup\files\Users\USER\OneDrive - UFV\Trabajo de investigacion derecho test.docx -> C:\Users\USER/Documents/Harvested_Data\W11-Vik_USER\2025-02-20_00-42-11\Trabajo de investigacion derecho test_629efb58.docx
2025-02-20 00:42:11,385 - INFO - Copied and removed: E:\backup\files\Users\USER\OneDrive - UFV\Trabajo de investigacion derecho.docx -> C:\Users\USER/Documents/Harvested_Data\W11-Vik_USER\2025-02-20_00-42-11\Trabajo de investigacion derecho_c5d6bffe.docx
2025-02-20 00:42:11,544 - INFO - Copied and removed: E:\backup\files\Users\USER\OneDrive - UFV\FUNDAMENTOS TIC\Administración Linux.docx -> C:\Users\USER/Documents/Harvested_Data\W11-Vik_USER\2025-02-20_00-42-11\Administración Linux_8b62ae59.docx
2025-02-20 00:42:11,573 - INFO - Copied and removed: E:\backup\files\Users\USER\OneDrive - UFV\FUNDAMENTOS TIC\Administración windows.docx -> C:\Users\USER/Documents/Harvested_Data\W11-Vik_USER\2025-02-20_00-42-11\Administración windows_54edce37.docx
2025-02-20 00:42:11,635 - INFO - Copied and removed: E:\backup\files\Users\USER\OneDrive - UFV\FUNDAMENTOS TIC\EXAMEN\Examen Ordinario Tipo Práctico 19 de Diciembre de 2022.docx -> C:\Users\USER/Documents/Harvested_Data\W11-Vik_USER\2025-02-20_00-42-11\Examen Ordinario Tipo Práctico 19 de Diciembre de 2022_faf29b3b.docx
2025-02-20 00:42:11,798 - INFO - Copied and removed: E:\backup\files\Users\USER\OneDrive - UFV\FUNDAMENTOS TIC\Prácticas\MIS PRÁCTICAS\CARMEN XIA MARTINEZ ESPINOSA PRACTICA II TICS.docx -> C:\Users\USER/Documents/Harvested_Data\W11-Vik_USER\2025-02-20_00-42-11\CARMEN XIA MARTINEZ ESPINOSA PRACTICA II TICS_c2eb254e.docx
2025-02-20 00:42:11,978 - INFO - Copied and removed: E:\backup\files\Users\USER\OneDrive - UFV\FUNDAMENTOS TIC\Prácticas\MIS PRÁCTICAS\CARMEN XIA MARTINEZ ESPINOSA PRÁCTICA TIC II 222-23.docx -> C:\Users\USER/Documents/Harvested_Data\W11-Vik_USER\2025-02-20_00-42-11\CARMEN XIA MARTINEZ ESPINOSA PRÁCTICA TIC II 222-23_29659e47.docx
2025-02-20 00:42:11,997 - INFO - Copied and removed: E:\backup\files\Users\USER\OneDrive - UFV\FUNDAMENTOS TIC\Prácticas\MIS PRÁCTICAS\COMANDOS KALI LINUX.docx -> C:\Users\USER/Documents/Harvested_Data\W11-Vik_USER\2025-02-20_00-42-11\COMANDOS KALI LINUX_2b42cb90.docx
2025-02-20 00:42:12,014 - INFO - Copied and removed: E:\backup\files\Users\USER\OneDrive - UFV\FUNDAMENTOS TIC\Prácticas\MIS PRÁCTICAS\Práctica 2 Administración Windows y Linux-LENOVO-XIA.docx -> C:\Users\USER/Documents/Harvested_Data\W11-Vik_USER\2025-02-20_00-42-12\Práctica 2 Administración Windows y Linux-LENOVO-XIA_6bb484b4.docx
2025-02-20 00:42:12,032 - INFO - Copied and removed: E:\backup\files\Users\USER\OneDrive - UFV\FUNDAMENTOS TIC\Prácticas\MIS PRÁCTICAS\Práctica 2 Administración Windows y Linux.docx -> C:\Users\USER/Documents/Harvested_Data\W11-Vik_USER\2025-02-20_00-42-12\Práctica 2 Administración Windows y Linux_946d8bbc.docx
2025-02-20 00:42:12,117 - INFO - Copied and removed: E:\backup\files\Users\USER\OneDrive - UFV\FUNDAMENTOS TIC\Prácticas\MIS PRÁCTICAS\Práctica Buscadores e Ingeniería Social.docx -> C:\Users\USER/Documents/Harvested_Data\W11-Vik_USER\2025-02-20_00-42-12\Práctica Buscadores e Ingeniería Social_ab50f808.docx
2025-02-20 00:42:12,141 - INFO - Copied and removed: E:\backup\files\Users\USER\OneDrive - UFV\FUNDAMENTOS TIC\Resúmenes\Fuentes de la información.docx -> C:\Users\USER/Documents/Harvested_Data\W11-Vik_USER\2025-02-20_00-42-12\Fuentes de la información_73c9886a.docx
2025-02-20 00:42:12,171 - INFO - Copied and removed: E:\backup\files\Users\USER\OneDrive - UFV\FUNDAMENTOS TIC\Resúmenes\FUNDAMENTOS DE LAS TIC Y CIBERSEGURIDAD.docx -> C:\Users\USER/Documents/Harvested_Data\W11-Vik_USER\2025-02-20_00-42-12\FUNDAMENTOS DE LAS TIC Y CIBERSEGURIDAD_2f033a7d.docx
2025-02-20 00:42:12,187 - INFO - Copied and removed: E:\backup\files\Users\USER\OneDrive - UFV\FUNDAMENTOS TIC\Resúmenes\TEMA 2 - HARDWARE.docx -> C:\Users\USER/Documents/Harvested_Data\W11-Vik_USER\2025-02-20_00-42-12\TEMA 2 - HARDWARE_305dedb9.docx
2025-02-20 00:42:12,203 - INFO - Copied and removed: E:\backup\files\Users\USER\OneDrive - UFV\FUNDAMENTOS TIC\Resúmenes\TEMA 3 - SOFTWARE .docx -> C:\Users\USER/Documents/Harvested_Data\W11-Vik_USER\2025-02-20_00-42-12\TEMA 3 - SOFTWARE _cd3687c2.docx
2025-02-20 00:42:12,249 - INFO - Copied and removed: E:\backup\files\Users\USER\OneDrive - UFV\FUNDAMENTOS TIC\Resúmenes\TEMA 4 - TECNOLOGÍAS DE LA COMUNICACIÓN.docx -> C:\Users\USER/Documents/Harvested_Data\W11-Vik_USER\2025-02-20_00-42-12\TEMA 4 - TECNOLOGÍAS DE LA COMUNICACIÓN_24ababc1.docx
2025-02-20 00:42:12,294 - INFO - Copied and removed: E:\backup\files\Users\USER\OneDrive - UFV\math\TG_Caso2.Grupo7_24.25.docx -> C:\Users\USER/Documents/Harvested_Data\W11-Vik_USER\2025-02-20_00-42-12\TG_Caso2.Grupo7_24.25_f18e4b0c.docx
2025-02-20 00:42:16,673 - INFO - Copied and removed: E:\backup\indexer\files.db -> C:\Users\USER/Documents/Harvested_Data\W11-Vik_USER\2025-02-20_00-42-16\files_edf95c35.db
2025-02-20 00:42:17,492 - INFO - Completed scan of E:
2025-02-20 00:44:40,020 - INFO - USB Harvester stopped
2025-02-20 00:46:08,677 - ERROR - Error processing drive F:: Only one live display may be active at once
2025-02-20 00:49:25,099 - ERROR - Error processing drive F:: Only one live display may be active at once
2025-02-20 00:49:55,107 - ERROR - Error processing drive E:: Only one live display may be active at once
